,,company name,From WCIDWMD,From WCIDWMD,,,,,,type POST or PRE,does the student continue the work they started during their degree? etc
Graduation Year,Role,Employer,Company's Industry,Role Category ,Tag 1,Tag 2,Tag 3,Career Webpage,Specify Other Industry,POST,Comments
2025,Sales And Marketing Specialist,Abenante Motor Group Inc,Other,Marketing,Marketing & Communications,Sales / Business Development,,https://www.amgmotorgroup.ca/,Automotive,PRE,
2025,Public Relations Intern,ÀLA.HAUSSE,Other,Marketing,Marketing & Communications,,,https://alahausse.ca/team/,,PRE,
2025,Content Creator,Alpha Women Co.,Government and NGO's/No-Profit Organizations (NPOs),Marketing,Non-Profit Organizations (NPOs),Marketing & Communications,,https://www.linkedin.com/company/alphawomanco/about/,,PRE,
2025,Area Manager 1,Amazon,Other,Entrepreneurship,E-Commerce,Entrepreneurship,,https://www.amazon.jobs/en/?utm_source=amazonblog&utm_medium=footerlink&utm_campaign=footer,E-commerce,POST,
2025,Analyst,American Express,Wealth Management,Wealth Management,Finance & Banking,Wealth management (general banking),,https://www.americanexpress.com/careers,,PRE,
2025,Associate Broker,Aon,Actuarial Science,Actuarial Science,Actuarial Science,Insurance,,https://jobs.aon.com/,,POST,
2025,Commercial Risk Intern,Aon,Actuarial Science,Actuarial Science,Actuarial Science,Insurance,Internships,https://jobs.aon.com/,,PRE,
2025,Digital Marketing Assistant,APASS Education Group,Academia,Marketing,Academia,Marketing & Communications,,https://apass.ca/joinourteam/,,PRE,
2025,Management and Marketing Intern,Aspire Lifestyles,Marketing,Marketing,Marketing & Communications,Customer Experience and Service Management,Internships,https://www.aspirelifestyles.com/careers/,,PRE,
2025,Management and Marketing Intern,Aspire Lifestyles,Marketing,Marketing,Marketing & Communications,Customer Experience and Service Management,Internships,https://www.aspirelifestyles.com/careers/,,PRE,
2025,Summer Intern,Bangkok Life Assurance Public Company Limited,Insurance,Insurance,Insurance,Internships,,https://career.bangkoklife.com/Default.aspx?ReturnUrl=%2f,,PRE,
2025,Research Assistant,Bank of Canada,Government and NGO's/No-Profit Organizations (NPOs),Health/Policy/Research,Government,Research,Policy,https://www.bankofcanada.ca/careers/,,POST,
2025,Application Support Analyst Co-op,BC College of Nurses an Midwives,Health/Policy/Research,Data Science,Data Science & Analytics,Health and Healthcare,,https://www.bccnm.ca/BCCNM/Careers/Pages/Careers_at_BCCNM.aspx,IT,PRE,
2025,Data Scientist,BC Hydro,Sustainability/Environment,Data Science,Data Science & Analytics,Environmental and Sustainability (ESG and Climate),,https://www.bchydro.com/work-with-us.html,,PRE,
2025,Financial Analyst,BC Hydro,Sustainability/Environment,Finance - Corporate Finance,Finance & Banking,Corporate Finance,Environmental and Sustainability (ESG and Climate),https://www.bchydro.com/work-with-us.html,,PRE,
2025,Financial Analyst and External Sales Coordinator,BC Hydro,Sustainability/Environment,Finance - Sales and Trading,Finance & Banking,Sales and Trading,,https://www.bchydro.com/work-with-us.html,Finance- Corporate Finance,PRE,
2025,Student Ambassador,BC Hydro,Sustainability/Environment,Marketing,Marketing & Communications,,,https://www.bchydro.com/work-with-us.html,,PRE,
2025,Wildfire Prevention Co-op,BC Public Service,Government and NGO's/No-Profit Organizations (NPOs),Government and NGO's/No-Profit Organizations (NPOs),Government,Internships,,https://www2.gov.bc.ca/gov/content/careers-myhr/job-seekers/featured-careers,,PRE,
2025,Compliance Intern,BCI,Finance - Investment Banking,Law,Finance & Banking,Legal & Compliance,Internships,https://bci.wd10.myworkdayjobs.com/BCI_Careers,,PRE,
2025,Junior Quantitative Analyst,Beach Algorithms,Other,Data Science,Data Science & Analytics,,,N/A,Data Science,PRE,
2025,Financial Analyst,Beenova AI,Other,Finance - Corporate Finance,Finance & Banking,Corporate Finance,Technology,https://www.beenova.ai/,Tech,PRE,
2025,Investment Analyst,Boann Social Impact,Finance - Investment Banking,Finance - Investment Banking,Finance & Banking,Investment Banking,,https://www.boann.ca/jobs,,PRE,
2025,Sales Associate,Boathouse/Blackwell Supply Company ,Other,Finance - Sales and Trading,"Hospitality & Retail (Food, Service Industries)",Sales / Business Development,,https://boathousestores.com/pages/join-us,,PRE,
2025,Smoothie Master,Body Energy Club,Other,Other,"Hospitality & Retail (Food, Service Industries)",,,https://www.bodyenergyclub.com/pages/career,Food,PRE,
2025,Tutor,BrightSparkz Tutors Canada,Academia,Academia,Academia,,,https://brightsparkz.ca/become-a-tutor/,,PRE,
2025,Front Desk,Cactus Club Cafe,Other,Other,"Hospitality & Retail (Food, Service Industries)",,,https://www.cactusclubcafe.com/hiring/,Food/Hospitality,POST,Started during degree
2025,Investor Relations & Operations Intern,Can Terra Financial Inc.,Finance - Corporate Finance,Wealth Management,Finance & Banking,Corporate Finance,Internships,N/A,,PRE,
2025,Administrative Assistant,Canada Border Services Agency,Government and NGO's/No-Profit Organizations (NPOs),Government and NGO's/No-Profit Organizations (NPOs),Government,Administration and Office Management,,https://www.cbsa-asfc.gc.ca/menu-eng.html,,PRE,
2025,Administrative Assistant,Canada Border Services Agency,Government and NGO's/No-Profit Organizations (NPOs),Government and NGO's/No-Profit Organizations (NPOs),Government,Administration and Office Management,,https://www.cbsa-asfc.gc.ca/menu-eng.html,,PRE,
2025,In-Seat Runner,Canucks Sports & Entertainment (CSE),Other,Other,Recreation and Culture,"Hospitality & Retail (Food, Service Industries)",,https://jobs.canucks.com/?_ga=1.250402639.837776307.1469035065,Hospitality,PRE,
2025,Product Research Fellow,Circonomy,Sustainability/Environment,Health/Policy/Research,,,,https://www.circonomy.co/,,PRE,
2025,Intern,Circular Impact,Sustainability/Environment,Sustainability/Environment,,,,https://www.linkedin.com/company/circular-impact-io/,,PRE,
2025,"Founder, Automation Engineer",Clarity Works,Other,Entrepreneurship,,,,https://www.tryclarityworks.com/#contact,AI Automation,POST,Started during degree
2025,Junior Analyst,CMLS Financial,Finance - Investment Banking,Finance - Investment Banking,,,,https://www.cmls.ca/who-we-are/our-people,,PRE,
2025,Transformation Analyst,Community Foundations of Canada,Government and NGO's/No-Profit Organizations (NPOs),Government and NGO's/No-Profit Organizations (NPOs),,,,https://communityfoundations.ca/working-with-us/,,PRE,
2025,Publicity Agent Marketing Intern,Consulting Ace Inc.,Consulting,Marketing,,,,https://consultingace.com/,,PRE,
2025,Publicity Agent Marketing Intern,Consulting Ace Inc.,Consulting,Marketing,,,,https://consultingace.com/,,PRE,
2025,Translator,COVER Corporation,Other,Other,,,,https://cover-corp.com/en/recruit,Entertainment/Communications,POST,Started during degree
2025,Intern,Creative Consulting Group,Consulting,Consulting,,,,https://creativegp.com/,,POST,Started during degree
2025,Translator,Crimson Global Academy,Academia,Other,,,,https://crimsonacademies.school/#w-node-_7dc0e30c-6e1f-4bb7-bf02-386ff897bd91-f897bd8c,Communications,PRE,
2025,Founder and Project Lead,Dabao Penang,Government and NGO's/No-Profit Organizations (NPOs),Entrepreneurship,,,,https://www.facebook.com/dabaopg/,,PRE,
2025,Landscaper,DALE CLARK,Entrepreneurship,Other,,,,N/A,Laborer,PRE,
2025,Marketing Intern,Daxue Consulting,Consulting,Marketing,,,,https://daxueconsulting.com/we-recruit/,,PRE,
2025,Supply Chain and Logistics Intern,DeeBee's Organics,Other,Other,,,,https://www.deebeesorganics.com/pages/about-us,Food/Supply Chain Logistics,PRE,
2025,Computer Programmer,deenSTRONG Foundation,Government and NGO's/No-Profit Organizations (NPOs),Data Science,,,,https://www.deenstrong.com/careers,,PRE,
2025,Marketing Intern,deenSTRONG Foundation,Government and NGO's/No-Profit Organizations (NPOs),Marketing,,,,https://www.deenstrong.com/careers,,PRE,
2025,Research Intern,Delhi School of Economics,Academia,Health/Policy/Research,,,,http://econdse.org/permanent-positions/,,PRE,
2025,Consultant,Deloitte,Consulting,Consulting,,,,https://www.deloitte.com/global/en/careers/job-search.html,,PRE,
2025,"Coaching, Facilitation & Design Thinking Intern",Deloitte,Consulting,Entrepreneurship,,,,https://www.deloitte.com/global/en/careers/job-search.html,,PRE,
2025,Mid-Market Portolio Management Intern,Deloitte,Consulting,Finance - Asset Management,,,,https://www.deloitte.com/global/en/careers/job-search.html,,PRE,
2025,Corporate Finance Analyst,Deloitte,Consulting,Finance - Corporate Finance,,,,https://www.deloitte.com/global/en/careers/job-search.html,,PRE,
2025,Corporate Finance Analyst,Deloitte,Consulting,Finance - Corporate Finance,,,,https://www.deloitte.com/global/en/careers/job-search.html,,POST,Started during degree
2025,Virtual Aerospace Course Instructor,Department of National Defense,Government and NGO's/No-Profit Organizations (NPOs),Academia,,,,https://www.canada.ca/en/department-national-defence.html,,PRE,
2025,Head Muralist,Deschutes Painting Inc,Other,Other,,,,https://deschutespainting.com/hiring/,Creative arts,PRE,
2025,Summer Intern,Digitalife Corporation,Other,Other,,,,https://www.linkedin.com/company/digitalife-corporation/,Tech,PRE,
2025,Strategy & Planning Intern,DYNE Technologies Inc.,Data Science,Finance - Asset Management,,,,https://www.dyneapp.ca/career,,PRE,
2025,Marketing Intern,Elevate Vancouver,Other,Marketing,,,,N/A,"Multiple (music, real estate, consulting)",PRE,
2025,Equity Analyst Intern,Enso Gestão de Patrimônio,Wealth Management,Finance - Private Equity,,,,https://www.ensogp.com.br/,,PRE,
2025,"Consulting Intern, Business Transformation",EY,Finance - Corporate Finance,Consulting,,,,https://www.ey.com/en_ca/careers,,PRE,
2025,Business Development Representative,Fidelity Canada,Finance - Investment Banking,Entrepreneurship,,,,https://careers.fidelity.ca/en/index/,,POST,
2025,Publishing Intern,Fintel Connect,Marketing,Other,,,,https://www.fintelconnect.com/about-us/careers/,Communications,PRE,
2025,Guest Experience Intern,Flyover,Other,Other,,,,https://www.pursuit.com/careers/flyover/,Entertainment/Hospitality,PRE,
2025,Guest Experience Intern,Flyover,Other,Other,,,,https://www.pursuit.com/careers/flyover/,Entertainment/Hospitality,PRE,
2025,Founder,FoundHer Studio,Entrepreneurship,Government and NGO's/No-Profit Organizations (NPOs),,,,N/A,,POST,
2025,Sales Associate,Frank and Oak,Other,Finance - Sales and Trading,,,,https://www.linkedin.com/company/frank-&-oak/,Retail,PRE,
2025,Subtitle Creator,Freelance,Entrepreneurship,Other,,,,N/A,Communications,POST,Started during degree
2025,Venture Capital Investment Associate,Front Row Ventures,Finance - Private Equity,Finance - Private Equity,,,,https://frontrow.ventures/join-us/,,PRE,
2025,Intern,FSD Zambia,Government and NGO's/No-Profit Organizations (NPOs),Government and NGO's/No-Profit Organizations (NPOs),,,,https://www.linkedin.com/company/fsdzambia/,,PRE,
2025,Account Management Associate,Gentai Capital,Finance - Investment Banking,Finance - Investment Banking,,,,https://gentaicapital.com/careers/,,POST,Started during degree
2025,Junior Analyst,Global Affairs Canada,Government and NGO's/No-Profit Organizations (NPOs),Health/Policy/Research,,,,https://international.canada.ca/en/global-affairs/corporate/jobs,,PRE,
2025,Junior Trade Policy Officer,Global Affairs Canada,Government and NGO's/No-Profit Organizations (NPOs),Health/Policy/Research,,,,https://international.canada.ca/en/global-affairs/corporate/jobs,,PRE,
2025,Analyst,Goldman Sachs,Finance - Investment Banking,Finance - Investment Banking,,,,https://www.goldmansachs.com/careers/,,PRE,
2025,Investment Banking Analyst,Goldman Sachs,Finance - Investment Banking,Finance - Investment Banking,,,,https://www.goldmansachs.com/careers/,,POST,
2025,Assistant General Manager,Gold's Gym,Other,Entrepreneurship,,,,https://www.goldsgym.com/careers/,Fitness,PRE,
2025,General Manager,Gold's Gym,Other,Entrepreneurship,,,,https://www.goldsgym.com/careers/,Fitness,POST,Started during degree
2025,Admin and Marketing Team Lead,Gold's Gym,Other,Marketing,,,,https://www.goldsgym.com/careers/,Fitness,PRE,
2025,Front Desk Receptionist,Gold's Gym,Other,Other,,,,https://www.goldsgym.com/careers/,Fitness/Hospitality,PRE,
2025,Remote Research Support,Graduate Research Project,Health/Policy/Research,Health/Policy/Research,,,,N/A,,PRE,
2025,Ski Instructor,Grouse Mountain,Other,Other,,,,https://www.grousemountain.com/careers,Recreation,PRE,
2025,Summer Intern,"Guotai Junan Securities Co., Ltd",Finance - Investment Banking,Finance - Investment Banking,,,,https://www.gtht.com/,,PRE,
2025,Store Cashier,H Mart,Other,Other,,,,https://www.hmart.com/about-us/careers,Retail,PRE,
2025,Student Trustee,Halton Catholic District School Board,Academia,Academia,,,,https://www.hcdsb.org/careers/,,PRE,
2025,Equity Research Summer Associate ,Halyk Finance,Finance - Investment Banking,Health/Policy/Research,,,,https://halykfinance.kz/?lang=ru,Finance-Private Equity,PRE,
2025,Concierge Attendant,Hayden Homes Amphitheater,Other,Other,,,,https://www.bendconcerts.com/work-with-us/employment,Entertainment/Hospitality,PRE,
2025,Head Coordinator of Youth Operations,Hellenic Community of Vancouver,Government and NGO's/No-Profit Organizations (NPOs),,,,,https://helleniccommunity.org/,,PRE,
2025,Influencer Marketing PR Intern,HINATURE,Other,Marketing,,,,https://www.linkedin.com/company/hinature/about/,Beauty,PRE,
2025,Intern,iA Financial Group (Industrial Alliance),Wealth Management,Wealth Management,,,,https://ia.ca/emploi,,PRE,
2025,Corporate Project Coordinator,ICBC ,Insurance,Other,,,,https://www.icbc.com/about-icbc/careers,Product Managment,PRE,
2025,"Accounting Assistant, Corporate Services Directorate",Indigenous Services Canada,Government and NGO's/No-Profit Organizations (NPOs),Finance - Corporate Finance,,,,https://www.rcaanc-cirnac.gc.ca/eng/1100100033784/1610113269343,,PRE,
2025,"Junior Policy Analyst, Industry Skills Directorate","Innovation, Science and Economic Development Canada",Government and NGO's/No-Profit Organizations (NPOs),Health/Policy/Research,,,,https://ised-isde.canada.ca/site/job-opportunities/en,,PRE,
2025,General Restaurant Services,JAPADOG,Other,Other,,,,https://japadog.com/careers,Food/Hospitality,PRE,
2025,Assent Management Analyst,JM Financial Asset Management Ltd.,Finance - Investment Banking,Finance - Investment Banking,,,,https://www.jmfl.com/careers/career-space,,PRE,
2025,Sales Associate,kate spade new york,Other,Finance - Sales and Trading,,,,https://careers.tapestry.com/,Retail,PRE,
2025,Collections Assistant,Kilby Historic Site,Other,Other,,,,https://kilby.ca/support/employment-opportunities/,Museum,PRE,
2025,Research Development Intern,Klue,Other,Health/Policy/Research,,,,https://klue.com/careers,Software Development,PRE,
2025,Warehouse Associate,KMS Tools & Equipment,Other,Other,,,,https://www.kmstools.com/careers,Retail,PRE,
2025,Management Consulting Intern,KPMG,Consulting,Consulting,,,,https://kpmg.com/xx/en/careers.html,,PRE,
2025,Team Member,krave kulture yogurt,Other,Other,,,,https://www.kravekulture.ca/,Food/Hospitality,PRE,
2025,Summer Research Assistant,Krea University,Academia,Health/Policy/Research,,,,http://www.krea.edu.in/,,PRE,
2025,Portfolio Intern,LEAP | Pecaut Centre for Social Impact,Government and NGO's/No-Profit Organizations (NPOs),Finance - Asset Management,,,,https://leap-pecautcentre.ca/join-our-team,,POST,
2025,Business Development & Partnership Project,Leo Charter Services,Other,Entrepreneurship,,,,https://www.leocharterservices.com/join-us,Transportation,PRE,
2025,Business Development Intern,Leo Charter Services,Other,Entrepreneurship,,,,https://www.leocharterservices.com/join-us,Transportation,PRE,
2025,Market Research Intern,Lumiwealth,Data Science,Health/Policy/Research,,,,https://lumiwealth.com/,Academia ,PRE,
2025,Food and Beverage Team Member,Marine Drive Golf Club,Other,Other,,,,https://marine-drive.com/careers/,Food/Hospitality,POST,
2025,Client Relationship Associate,Marsh Canada Limited,Insurance,Insurance,,,,https://careers.marshmclennan.com/global/en/marsh,,POST,
2025,Junior Academics Tutor,Math Tutor Network,Academia,Academia,,,,https://www.mathtutornetwork.com/career.html,,PRE,
2025,Property Manager,Maxsky Property Management,Other,Other,,,,N/A,Real Estate,PRE,
2025,Sales and Marketing Specialist,MNM Auto,Other,Marketing,,,,https://mnmauto.ca/,Automotive,POST,Started during degree
2025,"Analyst, Public Sector Consulting",MNP,Finance - Corporate Finance,Finance - Corporate Finance,,,,https://www.mnp.ca/en/careers,Consulting,POST,
2025,Undergraduate Legal Intern,Monroe County Public Defender,Law,Law,,,,https://www.monroecounty.gov/hr-careers,,PRE,
2025,Junior Economist,Natural Resources Canada,Government and NGO's/No-Profit Organizations (NPOs),Development Economics,,,,https://natural-resources.canada.ca/corporate/careers-natural-resources-canada,,PRE,
2025,Junior Economist,Natural Resources Canada,Government and NGO's/No-Profit Organizations (NPOs),Health/Policy/Research,,,,https://natural-resources.canada.ca/corporate/careers-natural-resources-canada,,PRE,
2025,Junior Economist,Natural Resources Canada,Government and NGO's/No-Profit Organizations (NPOs),Health/Policy/Research,,,,https://natural-resources.canada.ca/corporate/careers-natural-resources-canada,,PRE,
2025,Social Finance Analyst,New Market Funds,Finance - Investment Banking,Finance - Investment Banking,,,,https://newmarketfunds.ca/,,POST,Started during degree
2025,Research Analyst,New Power Labs,Health/Policy/Research,Health/Policy/Research,,,,https://www.newpowerlabs.org/careers,,PRE,
2025,Digital Marketing Intern,noDokter,Other,Marketing,,,,https://www.nodokter.com/,Fitness,PRE,
2025,Equity Analyst Intern,Nucleo Captial,Finance - Asset Management,Finance - Private Equity,,,,https://nucleocapital.com.br/,,POST,
2025,Project Lead,Nutrition Opportunities Worldwide,Consulting,Consulting,,,,https://nutritionops-ww.com/,,PRE,
2025,Market Research Intern,Nutrition Opportunities Worldwide,Health/Policy/Research,Health/Policy/Research,,,,https://nutritionops-ww.com/,Consulting,PRE,
2025,Junior Translator,Office Double Rainbow,Other,Other,,,,N/A,Communications,PRE,
2025,Investment Research Intern,Orbis Investments,Finance - Investment Banking,Finance - Investment Banking,,,,https://www.orbis.com/careers/careers/home,Research,PRE,
2025,Policy Analyst,Pacific Economic Development Canada,Government and NGO's/No-Profit Organizations (NPOs),Health/Policy/Research,,,,https://www.canada.ca/en/pacific-economic-development/corporate/careers/apply.html,,PRE,
2025,"Policy Analyst, Advocacy",Pacific Economic Development Canada ,Government and NGO's/No-Profit Organizations (NPOs),Health/Policy/Research,,,,https://www.canada.ca/en/pacific-economic-development/corporate/careers/apply.html,,PRE,
2025,Swimming Instructor,Pedalheads Bike Camps Inc.,Other,Other,,,,https://pedalheads.com/en/join-the-team/careers,Recreation,PRE,
2025,Artist and Tour Marketing Intern,Pennant Music Publishing,Other,Marketing,,,,N/A,Music,PRE,
2025,Social Media Manager,Perchance Tea & Coffee,Other,Marketing,,,,https://www.perchance.ca/?utm_source=ig&utm_medium=social&utm_content=link_in_bio&fbclid=PAZXh0bgNhZW0CMTEAc3J0YwZhcHBfaWQMMjU2MjgxMDQwNTU4AAGn6vHL2uv6ftaVpF533TUoMp6erahzvdsPZjnF60frp-MycnPKvO8JOdsfZAE_aem_QQHZQJWkjTjpZMs0A7BgMA,Food/Hospitality,PRE,
2025,NFL & FBS Data Collector,PFF,Other,Data Science,,,,https://www.pff.com/jobs,Software Development,PRE,
2025,Accounting Intern,Pins Entertainment Inc.,Other,Finance - Corporate Finance,,,,https://pinsentertainment.com/,Entertainment,PRE,
2025,Warehouse Worker,Pivot Furniture,Other,Other,,,,https://www.pivotfurniture.com/,Retail,PRE,
2025,Client Relations Specialist,Plenty Stores,Other,Finance - Sales and Trading,,,,https://www.getplenty.com/pages/careers,Retail,PRE,
2025,Investments Intern,PT Saratoga Investama Sedaya Tbk.,Finance - Investment Banking,Finance - Investment Banking,,,,https://www.saratoga-investama.com/career,,PRE,
2025,Assurance Intern,PwC,Finance - Asset Management,Actuarial Science,,,,https://jobs-ca.pwc.com/ca/en/home,,PRE,
2025,Summer Consultant- Data & Analytics,PwC,Finance - Asset Management,Consulting,,,,https://jobs-ca.pwc.com/ca/en/home,Data Science,PRE,
2025,Data Analyst,RBC Global Asset Management,Wealth Management,Data Science,,,,https://www.rbcgam.com/en/ca/about-us/our-teams,,PRE,
2025,Revenue and Operations Analyst,RBC Global Asset Management,Wealth Management,Data Science,,,,https://www.rbcgam.com/en/ca/about-us/our-teams,,POST,Started during degree
2025,Junior Policy Analyst,RCAANC-CIRNAC,Government and NGO's/No-Profit Organizations (NPOs),Health/Policy/Research,,,,https://www.rcaanc-cirnac.gc.ca/eng/1100100033784/1610113269343,,PRE,
2025,Advisor,rekindle,Sustainability/Environment,Entrepreneurship,,,,https://www.linkedin.com/company/rekindle-ubc/,,POST,
2025,Founder and Project Director,rekindle,Sustainability/Environment,Entrepreneurship,,,,https://www.linkedin.com/company/rekindle-ubc/,Retail,PRE,
2025,Teaching Assistant,Revera Academy,Academia,Academia,,,,https://www.reveraacademy.com/,,PRE,
2025,Assistant Consultant,Roland Berger,Consulting,Consulting,,,,https://www.rolandberger.com/en/Join/Join-Us/Start-Your-Journey/,,PRE,
2025,Stagiare (Trainee),Safran,Other,Other,,,,https://www.safran-group.com/careers/why-join-us,Aviation Manufacturing,PRE,
2025,Business Analyst,SAP,Other,Data Science,,,,https://jobs.sap.com/?utm_source=CareerSite&utm_campaign=CorpSite_FT,Software Development,PRE,
2025,Teaching Assistant for Enterpreneurial Finance,Sauder School of Business,Academia,Academia,,,,https://www.sauder.ubc.ca/about-ubc-sauder/careers,,PRE,
2025,Server,Schanks Sports Grill,Other,Other,,,,https://schanks.com/,Hospitality,PRE,
2025,Analyst,Scotiabank,Wealth Management,Finance - Investment Banking,,,,https://www.scotiabank.com/careers/en/careers.html,,PRE,
2025,Investment Banking Winter Analyst,Scotiabank,Wealth Management,Finance - Investment Banking,,,,https://www.scotiabank.com/careers/en/careers.html,,PRE,
2025,Business Analyst ,Scotiabank,Wealth Management,Other,,,,https://www.scotiabank.com/careers/en/careers.html,Product Managment,PRE,
2025,Business Analyst Intern,Scotiabank,Wealth Management,Other,,,,https://www.scotiabank.com/careers/en/careers.html,Product Managment,PRE,
2025,Customer Experience Associate,Scotiabank,Wealth Management,Wealth Management,,,,https://www.scotiabank.com/careers/en/careers.html,,PRE,
2025,Financial Advisor,Scotiabank,Wealth Management,Wealth Management,,,,https://www.scotiabank.com/careers/en/careers.html,,POST,
2025,Junior Program Coordinator,Scotiabank,Wealth Management,Wealth Management,,,,https://www.scotiabank.com/careers/en/careers.html,,PRE,
2025,"Strategy and Projects Intern, Canadian Banking",Scotiabank,Wealth Management,Wealth Management,,,,https://www.scotiabank.com/careers/en/careers.html,,PRE,
2025,Wealth Management Tax Administrator,Scotiabank,Wealth Management,Wealth Management,,,,https://www.scotiabank.com/careers/en/careers.html,,PRE,
2025,Math Tutor,Self-employed,Entrepreneurship,Academia,,,,N/A,,PRE,
2025,Private High School English Tutor,Self-employed,Entrepreneurship,Marketing,,,,N/A,,PRE,
2025,Landscaper,Self-employed,Entrepreneurship,Other,,,,N/A,Labor,PRE,
2025,Market Research Intern,Skills For Hope Foundation ,Government and NGO's/No-Profit Organizations (NPOs),Health/Policy/Research,,,,https://www.skillsforhope.org/,,PRE,
2025,Gameday Operator,Sportable,Data Science,Data Science,,,,https://sportable.bamboohr.com/careers,,POST,Started during degree
2025,Investment Analyst,Spring,Consulting,Finance - Investment Banking,,,,https://spring.is/careers/,,PRE,
2025,Investment Analyst,Spring,Consulting,Finance - Investment Banking,,,,https://spring.is/careers/,,POST,Started during degree
2025,Small Business Owner,SSET Enterprises,Academia,Entrepreneurship,,,,https://www.linkedin.com/company/s-s-e-t-enterprises/about/,,PRE,
2025,Co-Founder,Stealth Startup,Entrepreneurship,Entrepreneurship,,,,https://harmonic.ai/careers,,PRE,
2025,Barista,Storm City Coffee,Other,Other,,,,https://www.stormcitycoffee.com/,Food/Hospitality,POST,
2025,Clinic Receptionist,StudioHealth -Main St- [Studio-East],Health/Policy/Research,Other,,,,https://studiohealth.ca/careers,Hospitality,PRE,
2025,Digital Marketing Manager,Susgrainable,Other,Marketing,,,,https://susgrainable.com/pages/careers,Food,PRE,
2025,Real Estate Intern,SV Estates,Other,Other,,,,N/A,Real Estate,PRE,
2025,Research Associate,Synergia Foundation,Other,Health/Policy/Research,,,,https://synergiafoundation.org/,Think tank,PRE,
2025,Associate Product Owner,Tangerine,Wealth Management,Finance - Investment Banking,,,,https://www.tangerine.ca/en/careers,,POST,
2025,Global Business Operations Rotational Associate,TD,Wealth Management,Entrepreneurship,,,,https://td.wd3.myworkdayjobs.com/en-US/TD_Bank_Careers,,POST,
2025,"Summer Analyst, Enterprise Strategy",TD,Wealth Management,Finance - Corporate Finance,,,,https://td.wd3.myworkdayjobs.com/en-US/TD_Bank_Careers,,PRE,
2025,Campus Ambassador,TD,Wealth Management,Marketing,,,,https://td.wd3.myworkdayjobs.com/en-US/TD_Bank_Careers,,PRE,
2025,Customer Service Associate,TD,Wealth Management,Wealth Management,,,,https://td.wd3.myworkdayjobs.com/en-US/TD_Bank_Careers,,POST,Started during degree
2025,"Marketing Specialist Intern, D2C",TELUS,Other,Marketing,,,,https://www.telus.com/en/about/careers?linktype=ge-footer,Telecommunications,PRE,
2025,Bartender,The BeachHouse Seafood and Fine Dining,Other,Other,,,,https://www.thebeachhouserestaurant.ca/about/#careers,Food/Hospitality,PRE,
2025,Associate,The Stewart Group Inc.,Consulting,Consulting,,,,https://www.thestewartgroup.ca/join-us,,POST,Started during degree
2025,Summer Analyst,The Stewart Group Inc.,Consulting,Consulting,,,,https://www.thestewartgroup.ca/join-us,,PRE,
2025,"Translator, Live Support",TOUR Organizing Committee,Other,Other,,,,N/A,Tourism/Communications,PRE,
2025,Growth and Strategy Analyst,Trudent,Other,Entrepreneurship,,,,https://www.linkedin.com/company/trudent/about/,,POST,
2025,Service Delivery Analyst,Trulioo,Other,Data Science,,,,https://www.trulioo.com/company/careers,Software Development,PRE,
2025,Marketing Manager,Tutti Mimo,Other,Marketing,,,,https://www.instagram.com/tuttimimo/,Retail,PRE,
2025,BIE Peer Academic Advisor,UBC,Academia,Academia,,,,https://careercentre.economics.ubc.ca/volunteer-with-us/,,PRE,
2025,Chapman Learning Commons Project Assistant,UBC,Academia,Academia,,,,https://hr.ubc.ca/careers,,PRE,
2025,Student Ambassador,UBC,Academia,Academia,,,,https://hr.ubc.ca/careers,,PRE,
2025,Teaching Assistant,UBC,Academia,Academia,,,,https://hr.ubc.ca/careers,,PRE,
2025,Arts Peer Advisor,UBC,Academia,Academia,,,,https://hr.ubc.ca/careers,,PRE,
2025,Jumpstart Orientation Leader,UBC,Academia,Academia,,,,https://hr.ubc.ca/careers,,PRE,
2025,Orientation Leader,UBC,Academia,Academia,,,,https://hr.ubc.ca/careers,,PRE,
2025,Peer Mentor,UBC,Academia,Academia,,,,https://hr.ubc.ca/careers,,PRE,
2025,Student Financial Management Assistant,UBC,Academia,Academia,,,,https://hr.ubc.ca/careers,,PRE,
2025,Teaching Assistant- ECON 102 Macroeconomics,UBC,Academia,Academia,,,,https://hr.ubc.ca/careers,,PRE,
2025,Teaching Assistant- ECON 255,UBC,Academia,Academia,,,,https://hr.ubc.ca/careers,,PRE,
2025,Teaching Assistant-CPSC 430,UBC,Academia,Academia,,,,https://hr.ubc.ca/careers,,PRE,
2025,Finance Assistant Worklearn,UBC,Academia,Finance - Corporate Finance,,,,https://hr.ubc.ca/careers,,PRE,
2025,Finance Assistant Worklearn and Project Manager,UBC,Academia,Finance - Corporate Finance,,,,https://hr.ubc.ca/careers,,PRE,
2025,COMET Project Research Assistant to Dr. Jonathan Graves,UBC,Academia,Health/Policy/Research,,,,https://hr.ubc.ca/careers,,PRE,
2025,Project Researcher,UBC,Academia,Health/Policy/Research,,,,https://hr.ubc.ca/careers,,PRE,
2025,Research Assistant,UBC,Academia,Health/Policy/Research,,,,https://hr.ubc.ca/careers,,PRE,
2025,Research Assistant,UBC,Academia,Health/Policy/Research,,,,https://hr.ubc.ca/careers,,PRE,
2025,Research Intern,UBC,Academia,Health/Policy/Research,,,,https://hr.ubc.ca/careers,,PRE,
2025,Residence Advisor,UBC ,Academia,Academia,,,,https://hr.ubc.ca/careers,,PRE,
2025,Employer & Alumni Engagement Assistant,UBC Career Centre,Academia,Academia,,,,https://students.ubc.ca/about-student-services/ubc-career-centre/,,PRE,
2025,First Year Experience Student Coordinator,UBC Career Centre,Academia,Academia,,,,https://students.ubc.ca/about-student-services/ubc-career-centre/,,PRE,
2025,Collegia Advisor - First Year Exerience Team,UBC Centre for Student Involvement & Careers,Academia,Academia,,,,https://students.ubc.ca/about-student-services/ubc-career-centre/,,PRE,
2025,Senior Collegia Advisor,UBC Centre for Student Involvement & Careers,Academia,Academia,,,,https://students.ubc.ca/about-student-services/ubc-career-centre/,,PRE,
2025,Learning Technology Rover,"UBC Centre for Teaching, Learning and Technology",Academia,Academia,,,,https://ctlt.ubc.ca/?query-4-search-1=&query-4-page=1,IT,PRE,
2025,Cultural Assistant,UBC English Language Institute,Academia,Academia,,,,https://eli.ubc.ca/apply-now/,,PRE,
2025,Finance Assistant,UBC Faculty of Land and Food Systems,Academia,Finance - Corporate Finance,,,,https://www.landfood.ubc.ca/,,PRE,
2025,Research Assistant,UBC REX Program,Academia,Health/Policy/Research,,,,https://www.linkedin.com/company/ubcuro/about/,,PRE,
2025,Teaching Assistant- Strategic Management (COMM 491),UBC Sauder,Academia,Academia,,,,https://www.sauder.ubc.ca/about-ubc-sauder/careers,,PRE,
2025,Teaching Assistant,UBC Sauder School of Business,Academia,Academia,,,,https://www.sauder.ubc.ca/about-ubc-sauder/careers,,PRE,
2025,Teaching Assistant,UBC Sauder School of Business,Academia,Academia,,,,https://www.sauder.ubc.ca/about-ubc-sauder/careers,,PRE,
2025,Teaching Assistant - COEC 381 (Investment Theory),UBC Sauder School of Business,Academia,Academia,,,,https://www.sauder.ubc.ca/about-ubc-sauder/careers,,PRE,
2025,Research Assistant,UBC Sauder School of Business,Academia,Health/Policy/Research,,,,https://www.sauder.ubc.ca/about-ubc-sauder/careers,,PRE,
2025,"Climate-Focused Reporting Analyst, BMO SME Climate Clinic",UBC Sauder School of Business,Academia,Sustainability/Environment,,,,https://www.sauder.ubc.ca/about-ubc-sauder/careers,,PRE,
2025,Climate Policy Research Assistant,UBC School of Public Policy and Global Affairs (SPPGA),Academia,Health/Policy/Research,,,,https://sppga.ubc.ca/about/opportunities/,,PRE,
2025,Partnership Associate,Uber,Other,Entrepreneurship,,,,https://www.uber.com/ca/en/careers/?uclick_id=a5dcb1fd-85b7-4481-8f7b-b0faad46ff77,,POST,
2025,Strategic Partnerships Associate,Uber,Other,Entrepreneurship,,,,https://www.uber.com/ca/en/careers/?uclick_id=a5dcb1fd-85b7-4481-8f7b-b0faad46ff78,Internet Marketplace,PRE,
2025,Non-Profit Foundation Advisor,UHUBOR COMMUNICATIONS,Other,Entrepreneurship,,,,http://uhuboredu.com/en/,Software Development,PRE,
2025,Project Mentor and Coach,UHUBOR COMMUNICATIONS,Other,Entrepreneurship,,,,http://uhuboredu.com/en/,Software Development,PRE,
2025,Carbon Offsets Research Assistant,UHUBOR COMMUNICATIONS,Other,Health/Policy/Research,,,,http://uhuboredu.com/en/,Software Development,PRE,
2025,Business Analysis Intern,Ultralogix,Data Science,Finance - Corporate Finance,,,,https://www.ultralogix.ca/,,PRE,
2025,Youth Worker,United Nations Association of Pakistan (UNAP),Government and NGO's/No-Profit Organizations (NPOs),Non-Government Organizations (NGOs),Non-Government Organizations (NGOs),Project  / Program Development,,https://una.org.pk/individuals/,,PRE,
2025,Research Assistant,Universidad de Piura,Academia,Health/Policy/Research,,,,https://www.udep.edu.pe/,,PRE,
2025,Impact Strategy Analyst - Financial Health & Inclusion,Vancity,Wealth Management,Finance - Investment Banking,,,,https://www.vancity.com/careers/,Health,PRE,
2025,Cardholder Care Agent,Vancity,Wealth Management,Wealth Management,,,,https://www.vancity.com/careers/,,POST,
2025,Business Operations Associate,Vancouver Aquarium,Other,Other,,,,https://www.vanaqua.org/Careers,Tourism &Education/Hospitality,PRE,
2025,Customer Service Representative,Vancouver Bullion & Currency Exchange (VBCE),Finance - Sales and Trading,Finance - Sales and Trading,,,,https://www.vbce.ca/careers,,PRE,
2025,Exhibit Services Ambassador,Vancouver Convention Centre,Other,Other,,,,https://www.vancouverconventioncentre.com/careers,Hospitality,POST,Started during degree
2025,Guest Services Coordinator,Vancouver Convention Centre,Other,Other,,,,https://www.vancouverconventioncentre.com/careers,Hospitality,POST,Started during degree
2025,Research Assistant,Vancouver Local Immigration Partnership,Government and NGO's/No-Profit Organizations (NPOs),Health/Policy/Research,,,,https://vancouverlip.org/home-v1,,PRE,
2025,Research intern,VSE,Academia,Health/Policy/Research,,,,https://economics.ubc.ca/about/job-opportunities/,,POST,Started during degree
2025,Research Assistant,VSE,Academia,Academia,,,,https://economics.ubc.ca/about/job-opportunities/,,PRE,
2025,Research Assistant,VSE,Academia,Academia,,,,https://economics.ubc.ca/about/job-opportunities/,,PRE,
2025,Research Assistant,VSE,Academia,Health/Policy/Research,,,,https://economics.ubc.ca/about/job-opportunities/,,PRE,
2025,Research Assistant,VSE,Academia,Health/Policy/Research,,,,https://economics.ubc.ca/about/job-opportunities/,,PRE,
2025,Research Assistant,VSE,Academia,Health/Policy/Research,,,,https://economics.ubc.ca/about/job-opportunities/,,PRE,
2025,Summer Research Assistant,VSE,Academia,Health/Policy/Research,,,,https://economics.ubc.ca/about/job-opportunities/,,POST,
2025,Research Assistant,VSE,Academia,Health/Policy/Research,,,,https://economics.ubc.ca/about/job-opportunities/,,PRE,
2025,Business Development and Events Coordinator,VSE,Academia,Entrepreneurship,,,,https://economics.ubc.ca/about/job-opportunities/,,PRE,
2025,Undergraduate Research Assistant,VSE,Academia,Health/Policy/Research,,,,https://economics.ubc.ca/about/job-opportunities/,,PRE,
2025,Teaching Assistant- Corporate Finance,VSE,Academia,Academia,,,,https://economics.ubc.ca/about/job-opportunities/,,PRE,
2025,Research assistant,VSE,Academia,Health/Policy/Research,,,,https://economics.ubc.ca/about/job-opportunities/,,PRE,
2025,Research Assistant & Undergraduate Academic Assistant,VSE,Academia,Health/Policy/Research,,,,https://economics.ubc.ca/about/job-opportunities/,,PRE,
2025,Research Intern,VSE,Academia,Health/Policy/Research,,,,https://economics.ubc.ca/about/job-opportunities/,,PRE,
2025,Business Analysis and Data Management Coordinator,VSECC,Academia,Data Science,,,,https://careercentre.economics.ubc.ca/volunteer-with-us/,,POST,
2025,Business Development Coordinator,VSECC,Academia,Academia,,,,https://careercentre.economics.ubc.ca/volunteer-with-us/,,PRE,
2025,Program Developer,VSECC,Academia,Academia,,,,https://careercentre.economics.ubc.ca/volunteer-with-us/,,PRE,
2025,Program Development Coordinator,VSECC,Academia,Academia,,,,https://careercentre.economics.ubc.ca/volunteer-with-us/,,PRE,
2025,Data Analytics Portfolio Lead,VSECC,Academia,Data Science,,,,https://careercentre.economics.ubc.ca/volunteer-with-us/,,PRE,
2025,Research Intern,Women's Economic Council,Government and NGO's/No-Profit Organizations (NPOs),Health/Policy/Research,,,,https://womenseconomiccouncil.ca/careers/,,PRE,
2025,Research Intern,Women's Economic Council,Government and NGO's/No-Profit Organizations (NPOs),Health/Policy/Research,,,,https://womenseconomiccouncil.ca/careers/,,PRE,
2025,Summer Research Intern,Women's Economic Council,Government and NGO's/No-Profit Organizations (NPOs),Health/Policy/Research,,,,https://womenseconomiccouncil.ca/careers/,,PRE,
2025,Partnership Development Representative,Workden.,Other,Entrepreneurship,,,,https://www.linkedin.com/company/workden/about/,Hospitality,PRE,
2025,Partnerships Development Representative,Workden.,Other,Other,,,,https://www.linkedin.com/company/workden/about/,Hospitality,PRE,
2025,Laborer,Zepto Contracting Ltd.,Other,Other,,,,https://zeptoasbestos.ca/,Construction,POST,Started during degree
2025,ESG Consultant,Zircon Industry Association,Other,Sustainability/Environment,,,,https://www.zircon-association.org/,Mining,POST,
2025,Food Server,ZUBU Ramen,Other,Other,,,,https://byzubu.com/ramen/careers/,Food/Hospitality,PRE,
2024,Corporate Development Analyst,Aarista Technologies,Health/Policy/Research,Other,,,,https://aarista.com/,Business analytics,,
2024,Equity Research Associate,AlphaSense,Other,Finance - Asset Management,,,,https://www.alpha-sense.com/careers/,Software development,,
2024,Financial Associate I - Taxonomy,AlphaSense,,,,,,https://www.alpha-sense.com/careers/,,,
2024,Procurement Analyst,"Apollo Global Management, Inc.",Finance - Asset Management,Finance - Sales and Trading,,,,https://www.apollo.com/careers,,POST,
2024,Team Lead,Aritzia,Other,Other,,,,https://www.aritzia.com/en/aritzia/corporate-hub/careers/careers-landing-page,Retail,,
2024,Graphic Design Artist,Baha Design,Other,Other,,,,https://www.linkedin.com/company/bahadesign/,Graphic design,POST,
2024,"Consultant Trainee, Risk Advisory",Baker Tilly,Finance - Corporate Finance,Consulting,,,,https://www.bakertilly.ca/careers,,POST,
2024,Investments Intern,"Balfour Pacific Capital, Inc.",Finance - Private Equity,Finance - Private Equity,,,,https://balfourpacific.com/,,PRE,"Internship, but don't know when graduated"
2024,"Research Assistant, Price Analytics Team",Bank of Korea,Government and NGO's/No-Profit Organizations (NPOs),Finance - Corporate Finance,,,,https://www.bok.or.kr/eng/main/main.do,central bank,,
2024,Cloud Consultant,BDO Digital,Consulting,Consulting,,,,https://www.bdo.ca/careers,Technology,,
2024,Commercial Analyst Development Program (paid),BMO,Wealth Management,Finance - Corporate Finance,,,,https://jobs.bmo.com/ca/en?icid=tl-FEAT2953BRND4-AJBMOH354,,,
2024,Analyst,BMO,Wealth Management,Finance - Corporate Finance,,,,https://jobs.bmo.com/ca/en?icid=tl-FEAT2953BRND4-AJBMOH354,,,
2024,Client Service Assistant ,BMO,,,,,,https://jobs.bmo.com/ca/en?icid=tl-FEAT2953BRND4-AJBMOH354,,,
2024,Client Service Associate,BMO,,,,,,https://jobs.bmo.com/ca/en?icid=tl-FEAT2953BRND4-AJBMOH354,,,
2024,Customer Service Representative,BMO,,,,,,https://jobs.bmo.com/ca/en?icid=tl-FEAT2953BRND4-AJBMOH354,,,
2024,"Analyst, Asset Management & Sustainability",Bosa Properties,Other,Finance - Asset Management,,,,https://bosaproperties.com/careers,Real Estate//sustainability,,
2024,Design Lead,CAIAI,,Other,,,,https://www.caiai.ca/,Graphic design,POST,
2024,Business Development Associate,Canaccord Genuity Group Inc.,Wealth Management,Other,,,,https://www.canaccordgenuity.com/global-careers/,Business analytics,,
2024,Analyst,Canada ICI Capital Corporation,Other,Other,,,,https://www.canadaici.com/careers/,Real estate finance,POST,
2024,Financial Services Associate,CIBC,Wealth Management,,,,,https://www.cibc.com/en/about-cibc/careers.html,,,
2024,Customer Service Representative,CIBC,,,,,,https://www.cibc.com/en/about-cibc/careers.html,,,
2024,Analyst,Citi ,Wealth Management,Finance - Investment Banking,,,,https://jobs.citi.com/,,POST,
2024,Sustainability Scholar,City of Richmond,Government and NGO's/No-Profit Organizations (NPOs),Sustainability/Environment,,,,https://www.richmond.ca/city-hall/careers.htm,,,
2024,Investment Banking Analyst,ComCap,Finance - Investment Banking,Finance - Investment Banking,,,,https://comcapllc.com/careers,,,
2024,Junior Accountant,Elemental Energy,Other,Finance - Corporate Finance,,,,https://elementalenergy.ca/,,POST,
2024,Project Designer,flint,Other,Other,,,,https://www.linkedin.com/company/getflint-ai/,Software development//Graphic design,POST,
2024,Strategic Partnerships Development Manager,G&A Robot,,,,,,https://www.garobot.com/careers,,,
2024,Financial Analyst & Researcher,GENIUS VISIONARY INC.,Consulting,Other,,,,https://www.geniusvisionaryinc.com/,Data analysis,,
2024,Tour Guide,Globa,Other,Other,,,,,travel and tourism,,
2024,Associate Consultant,Global Public Affairs,Consulting,Consulting,,,,https://globalpublicaffairs.ca/careers,,POST,
2024,Consultant,Global Public Affairs,Consulting,Consulting,,,,https://globalpublicaffairs.ca/careers,,POST,
2024,Server,Homer Street Cafe and Bar,Other,Other,,,,https://www.homerstreetcafebar.com/careers,Food,POST,Started during degree
2024,"Clearing and Settlements Processor, Direct Custody & Clearing Services",HSBC,Wealth Management,Finance - Corporate Finance,,,,https://www.hsbc.com/careers,,,
2024,Term Socioeconomic Advisor,Imperial Oil,Other,Other,,,,https://www.imperialoil.ca/careers/careers,Oil & Gas//business analytics,,
2024,Finance and Sales Operations Administrator,INETCO Systems Limited,Other,Finance - Corporate Finance,,,,https://www.inetco.com/company/careers/,Software ,,
2024,Consultant- ESG & Sustainability,KPMG,Consulting,Consulting,,,,https://kpmg.com/ca/en/home/careers.html,,POST,
2024,Investment Banking Analyst,KPMG India,Consulting,Finance - Investment Banking,,,,https://kpmg.com/in/en/careers.html,,,
2024,Sales Professional,Lao Feng Xiang Jewelry Canada,,,,,,https://lfxjewelry.ca/pages/careers,,,
2024,"Analyst, Consulting - Government Grant Administration ",MNP,Consulting,Consulting,,,,https://www.mnp.ca/en/careers,,POST,
2024,Content & Communications Coordinator,Moment Energy,Other,Marketing,,,,https://www.momentenergy.com/job-listings,Industrial manufacturing,POST,
2024,Analyst,Movement Holdings,Finance - Corporate Finance,Finance - Corporate Finance,,,,https://www.linkedin.com/company/movement-investment-firm/,,,
2024,Investment Analyst,New Market Funds,Finance - Asset Management,Finance - Asset Management,,,,https://newmarketfunds.ca/,,POST,
2024,Market Research Specialist,NewtonX,Health/Policy/Research,Other,,,,https://www.newtonx.com/careers/,Business analytics,POST,
2024,Administrative and Finance Coordinator,Northern Equity Partners Inc.,Finance - Corporate Finance,Finance - Corporate Finance,,,,https://northernep.ca/careers/,,POST,started during degree
2024,AI Model Trainer-Contributor,Outlier,,,,,,https://app.outlier.ai/en/expert/opportunities?location=All&type=All,,,
2024,"Analyst, Asset Management",PCI Developments,Other,Finance - Asset Management,,,,https://pci-group.com/,Real Estate,,
2024,Assitant Manager,Pomona Coffee,Other,Other,,,,https://pomonacoffee.ca/,Food,,
2024,Accounting Intern,Push Operations,Other,Finance - Corporate Finance,,,,https://www.pushoperations.com/careers,Software development,POST,
2024,Accounting and Payroll Assistant,Push Operations,Other,Finance - Corporate Finance,,,,https://www.pushoperations.com/careers,Software development,POST,
2024,ECON 250 TA,Queen's University ,Academia,Other,,,,https://www.queensu.ca/humanresources/apply-jobs,Academic,,
2024,Registration Associate,Raymond James Ltd.,Wealth Management,Other,,,,https://www.raymondjames.ca/careers,Compliance,,
2024,Investment Banking Analyst,RBC,Wealth Management,Finance - Investment Banking,,,,https://jobs.rbc.com/ca/en/work-at-rbc,,POST,
2024,Client Advisor,RBC,Wealth Management,Wealth Management,,,,https://jobs.rbc.com/ca/en/work-at-rbc,,,
2024,Operations Officer,RBC,Wealth Management,Finance - Corporate Finance,,,,https://jobs.rbc.com/ca/en/work-at-rbc,,,
2024,Server,Restaurant Fiorellino,Other,Other,,,,https://fiorellino.ca/,Food,POST,
2024,Customer Experience Associate,Scotiabank,Wealth Management,Finance - Corporate Finance,,,,https://www.scotiabank.com/careers/en/careers.html,,,
2024,Customer Experience Associate,TD,,,,,,https://careers.td.com/,,,
2024,Global Markets Associate,TD Securities,Finance - Investment Banking,Finance - Sales and Trading,,,,https://www.tdsecurities.com/ca/en/careers,,,
2024,Senior Sales Consultant,Tokyo Beauty,,,,,,https://www.linkedin.com/company/tokyobeauty/,,,
2024,Tuex Tutor,Tuex Education,,,,,,https://www.tuex.ca/,,,
2024,Workday Student Supporter Staff,UBC Arts Service Center,Other,Other,,,,https://www.arts.ubc.ca/student-support/asc-student/,IT,POST,
2024,Enrolment Services Coordinator,UBC Enrolment Services,Other,Other,,,,https://hr.ubc.ca/careers,Academic/IT,POST,
2024,Data Analytics Strategy Consultant ,UBC Office of Enterprise Risk and Assurance,Other,Other,,,,https://hr.ubc.ca/careers,Data analysis,,
2024,UBCEA DOTA 2 premier team,UBCEA,Other,Other,,,,https://www.ubcesports.ca/,E-sports,,
2024,Partner Associate,Uber,Other,Other,,,,https://www.uber.com/ca/en/careers/?uclick_id=6a566460-8e3b-47f7-9976-cc1ec54f6229,internet marketplace//business analytics,,
2024,Investment Banking Analyst,Xestion Advisor Private Limited,Consulting,Finance - Investment Banking,,,,https://xestiongroup.com/our-career/,,,
2024,Communications and Sales Representative,"四川科衡史密特换热器科技有限公司 (Sichuan Keheng Schmidt Heat Exchanger Technology Co., Ltd.)",,,,,,,,,
2023,Consultant,180 Degrees Consulting - UBC,,,,,,https://www.ubc180dc.org/apply,,PRE,
2023,Project Manager,180 Degrees Consulting - UBC,,,,,,https://www.ubc180dc.org/apply,,PRE,
2023,Founder,Aan Charitable Trust ,,,,,,https://www.linkedin.com/company/aan-charitable-trust/about/,,POST,
2023,CTS Financial Analyst,Accenture,,,,,,https://www.accenture.com/ca-en/careers,,POST,
2023,Sales Associate,Ace Hardware Corporation,,,,,,https://careers.acehardware.com/,,PRE,
2023,Business Development Consultant,Acetake Group Inc.,,,,,,https://acetakegroup.com/careers,,PRE,
2023,Incoming Global Exchange Specialist,AIESEC UBC,,,,,,https://www.aiesec.ca/this-is-aiesec,,PRE,
2023,Marketing Project Lead & Digital Content Creator,Alpha Woman Co.,,,,,,https://www.linkedin.com/company/alphawomanco/about/,,PRE,
2023,Financial Associate,AlphaSense,,,,,,https://www.alpha-sense.com/careers/,,POST,
2023,Financial Analyst- Manager,AlphaSense,,,,,,https://www.alpha-sense.com/careers/,,POST,
2023,Financial Industrt Reports,ALStar Brokerage Solutions,,,,,,https://www.alstarsolutions.com/,,PRE,
2023,Councilor,AMS of UBC,,,,,,https://www.ams.ubc.ca/opportunities/jobs/,,PRE,
2023,"Events Officer, Elections Committee",AMS of UBC ,,,,,,https://www.ams.ubc.ca/opportunities/jobs/,,PRE,
2023,AMS Senior Tutor,AMS of UBC ,,,,,,https://www.ams.ubc.ca/opportunities/jobs/,,PRE,
2023,Advocacy Assistant Coordinator,AMS of UBC ,,,,,,https://www.ams.ubc.ca/opportunities/jobs/,,,Not on lInkedin anymore
2023,Senior Tutor,AMS of UBC ,,,,,,https://www.ams.ubc.ca/opportunities/jobs/,,PRE,
2023,Econ & Math Tutor,AMS of UBC ,,,,,,https://www.ams.ubc.ca/opportunities/jobs/,,PRE,
2023,Research Professional Intern,Analysis Group,,,,,,https://www.analysisgroup.com/careers/,,PRE,
2023,Analyst/Research Professional,Analysis Group,,,,,,https://www.analysisgroup.com/careers/,,POST,
2023,Analyst,Analysis Group,,,,,,https://www.analysisgroup.com/careers/,,POST,
2023,Analyst,Analysis Group,,,,,,https://www.analysisgroup.com/careers/,,POST,
2023,Senior Analyst,Analysis Group,,,,,,https://www.analysisgroup.com/careers/,,POST,
2023,Analyst,Analysis Group,,,,,,https://www.analysisgroup.com/careers/,,POST,
2023,Sales Associate,Anthropologie,,,,,,https://www.urbn.com/work-with-us,,POST,Should we count jobs held one month after graduation as post-grad when majority was pre?
2023,Actuarial and Analytics Intern ,Aon,,,,,,https://jobs.aon.com/,,POST,Started during degree
2023,Acturarial Analyst,Aon,,,,,,https://jobs.aon.com/,,POST,
2023,Debate Coach,APASS Education,,,,,,https://apass.ca/joinourteam/,,PRE,
2023,Junior Data Analyst,Apero Health (Y Combinator),,,,,,https://www.ycombinator.com/companies/apero-health/jobs,,POST,
2023,Junior Data Analyst,Apero Health (Y Combinator),,,,,,https://www.ycombinator.com/companies/apero-health/jobs,,POST,
2023,Operations Specialist,Apero Health (Y Combinator),,,,,,https://www.ycombinator.com/companies/apero-health/jobs,,POST,
2023,Compliance and Project Manager,Apero Health (Y Combinator),,,,,,https://www.ycombinator.com/companies/apero-health/jobs,,POST,
2023,Business Development Representative,Aplin,,,,,,https://www.aplin.com/job-seekers/,,POST,
2023,Planning Associate,Arc'teryx Equipment,,,,,,https://arcteryx.com/ca/en/careers,,POST,
2023,Planning Coordinator,Arc'teryx Equipment,,,,,,https://arcteryx.com/ca/en/careers,,POST,
2023,Demand Planner,Arc'teryx Equipment,,,,,,https://arcteryx.com/ca/en/careers,,POST,
2023,Investment Analyst,Artesian Investment Partners,,,,,,https://www.linkedin.com/company/artesian-investment-partners/,,PRE,
2023,Associate,Artesian Investment Partners,,,,,,https://www.linkedin.com/company/artesian-investment-partners/,,PRE,
2023,"Senior Associate, Private Equity",Artesian Investment Partners,,,,,,https://www.linkedin.com/company/artesian-investment-partners/,,POST,Started during degree
2023,Intern Team Lead,Association of Family Offices in Asia,,,,,,https://www.familyoffices-asia.com/,,PRE,
2023,Research Intern,Association of Family Offices in Asia,,,,,,https://www.familyoffices-asia.com/,,PRE,
2023,Intern Team Lead,Atrax Systems,,,,,,N/A,,PRE,
2023,Hostess Server,Au Comptoir,,,,,,https://www.aucomptoir.ca/,,PRE,
2023,Hostess Server,Au Comptoir,,,,,,https://www.aucomptoir.ca/,,POST,
2023,Sales And Marketing Intern,Babysure Fertility Center,,,,,,https://babysureivf.com/,,PRE,
2023,Investment and Strategy Analyst,Baihe,,,,,,N/A,,PRE,
2023,Credit Analyst,Bangkok Bank,,,,,,https://www.bangkokbank.com/en/About-Us/Bangkok-Bank-Careers,,PRE,
2023,Research Assistant,Bank of Canada,,,,,,https://www.bankofcanada.ca/careers/,,POST,
2023,Research Assistant,Bank of Canada,,,,,,https://www.bankofcanada.ca/careers/,,POST,
2023,Research Assistant,Bank of Canada,,,,,,https://www.bankofcanada.ca/careers/,,POST,
2023,Student Research Assistant,Bank of Canada ,,,,,,https://www.bankofcanada.ca/careers/,,POST,Started during degree
2023,Bank Intern ,Bank of China,,,,,,https://www.boc.cn/en/,,PRE,
2023,Grant Writer and Sponsorships Coordinator,Barks of Love Animal Rescue and Placement Services Corporation,,,,,,https://barksoflove.org/get-involved.html,,PRE,
2023,Customer Service Specialist,BBW International,,,,,,https://www.bbwinternational.com/careers,,PRE,
2023,External Stakeholder Engagement Co-op/Intern,BCI,,,,,,https://bci.wd10.myworkdayjobs.com/BCI_Careers,,PRE,
2023,Data Science Intern,BetterHelp,,,,,,https://www.betterhelp.com/careers/,,POST,
2023,Data Scientist,BetterHelp,,,,,,https://www.betterhelp.com/careers/,,POST,
2023,Content writing Intern,Black Milk Media,,,,,,"Website on LinkedIn links to virus, don't link",,PRE,
2023,"Analyst, Corporate Finance Division",BMO ,,,,,,https://jobs.bmo.com/ca/en?icid=tl-FEAT2953BRND4-AJBMOH354,,PRE,
2023,Graduate Risk Analyst,BNP Paribas,,,,,,https://group.bnpparibas/en/careers,,POST,Started during degree
2023,Operational Risk Analyst,BNP Paribas CIB,,,,,,https://careers.cib.bnpparibas/,,POST,
2023,Operational Risk Management Summer Intern,BNP Paribas CIB ,,,,,,https://careers.cib.bnpparibas/,,PRE,
2023,Associate ,Boston Consulting Group,,,,,,https://careers.bcg.com/global/en/,,POST,
2023,Notetaker,British Columbia Law Institute,,,,,,https://www.bcli.org/about/get-involved/#work-opportunities,,POST,
2023,Executive Assistant,Brookes Westshore,,,,,,https://www.linkedin.com/school/brookes-westshore/about/,,POST,
2023,Sales Associate,Browns Shoes Inc.,,,,,,https://www.brownsshoes.com/en/page?fid=bs-careers,,PRE,
2023,M&A Market Research,Business Brothers,,,,,,N/A,,PRE,
2023,Video Producer,ByteDance,,,,,,https://joinbytedance.com/?_tracking=lihome,,PRE,
2023,Program Director,Camp Ponacka,,,,,,https://ponacka.com/working-at-ponacka/,,PRE,
2023,Marketing Coordinator,Campus Nutrition,,,,,,https://campusnutrition.ca/join,,POST,Started during degree
2023,"Student, Valuation and Stress Testing",Canada Deposit Insurance Corporation (CDIC) | Société d'assurance-dépôts du Canada (SADC),,,,,,https://www.cdic.ca/about/careers/,,POST,
2023,"Analyst, Member Risk and Resolution",Canada Deposit Insurance Corporation (CDIC) | Société d'assurance-dépôts du Canada (SADC),,,,,,https://www.cdic.ca/about/careers/,,POST,
2023,PDAT Responder,Canadian Red Cross,,,,,,https://www.redcross.ca/about-us/join-our-team,,POST,Started during degree
2023,PDAT Responder,Canadian Red Cross,,,,,,https://www.redcross.ca/about-us/join-our-team,,POST,
2023,Category Business Analyst,Canadian Tire Corporation,,,,,,https://corp.canadiantire.ca/English/careers/default.aspx,,POST,
2023,Analyst,Canvas Impact,,,,,,https://www.canvasimpact.com/contact,,PRE,
2023,Strategic Prospects and Economic Analysis for Sales and Marketing,CareerNiche,,,,,,https://www.careernicheoutplacement.com/,,PRE,
2023,Strategic Prospects and Economic Analysis for Sales and Marketing,CareerNiche,,,,,,https://www.careernicheoutplacement.com/,,PRE,
2023,Project Intern,Carpe Diem Suites ,,,,,,https://www.carpediemsuites.com/,,PRE,
2023,Summer Student,Cascades,,,,,,https://jobs.cascades.com/?locale=en_US&utm_source=careersite&utm_campaign=corpo-website,,PRE,
2023,Summer Law Student,Cassels Brock & Blackwell LLP,,,,,,https://cassels.com/join-us/,,POST,
2023,Analyst,CDNGLOBAL® Canada,,,,,,https://www.cdnglobal.com/careers,,POST,
2023,Associate Advisir,CDNGLOBAL® Canada,,,,,,https://www.cdnglobal.com/careers,,POST,
2023,Reading week student leader,Center for Community Engaged Learning,,,,,,https://www.fordham.edu/admissions-and-aid/,,PRE,
2023,Digital Strategist,Chambre de Commerce Francophone de Vancouver,,,,,,https://ccfvancouver.com/en/,,PRE,
2023,Private Equity Analyst,Charollais Capital,,,,,,https://www.charollaispartners.com/contact/,,PRE,
2023,Sales Associate,CI Global Asset Management,,,,,,https://www.cifinancial.com/ci-financial/ca/en/about-us/careers.html,,POST,
2023,Business Developer Manager,CI Global Asset Management,,,,,,https://www.cifinancial.com/ci-financial/ca/en/about-us/careers.html,,POST,
2023,Investment Banking Analyst,CIBC Capital Markets,,,,,,https://www.cibc.com/en/about-cibc/careers.html,,PRE,
2023,Investment Banking Analyst,CIBC Capital Markets,,,,,,https://www.cibc.com/en/about-cibc/careers.html,,POST,
2023,Sales Associate,Circlr craft store,,,,,,https://circlecraft.net/,,PRE,
2023,Markets Summer Analyst,Citi,,,,,,https://jobs.citi.com/,,PRE,
2023,Account Relationship Trainee,CITIC Securities Company Limited,,,,,,https://careers.citics.com/,,PRE,
2023,Service Attendant,City of Burnaby,,,,,,https://www.burnaby.ca/our-city/get-involved/jobs-and-careers,,POST,
2023,Administrative Clerk,City of Maple Ridge,,,,,,https://www.mapleridge.ca/careers,,PRE,
2023,Founder and Director,Clarity Glass Hardware,,,,,,https://www.linkedin.com/company/clarity-glass-hardware/about/,,PRE,
2023,Coast Capital Savings Youth Get It Program,Coast Capital Savings,,,,,,https://careers.coastcapitalsavings.com/?_ga=2.249963649.600097652.1560150165-1121974651.1555101858,,PRE,
2023,Volunteer Director,Conservative Party of Canada,,,,,,https://www.conservative.ca/cpc/volunteer/,,PRE,
2023,Regulatory Affairs Associate,CORIX Group of Companies (Canada),,,,,,https://www.corix.com/careers/,,PRE,
2023,Funding Analyst,Credit Solution Programs,,,,,,https://www.linkedin.com/company/credit-solution-programs/about/,,PRE,
2023,Research Intern,CrowdDoing,,,,,,https://crowddoing.world/volunteer/,,PRE,
2023,"Economic Policy Junior Analyst, Fiscal Branch & Implementation Branch",Crown-Indigenous Relations and Northern Affairs Canada,,,,,,https://www.rcaanc-cirnac.gc.ca/eng/1100100033784/1610113269343,,POST,Started during degree
2023,Negotiation Analyst,Crown-Indigenous Relations and Northern Affairs Canada,,,,,,https://www.rcaanc-cirnac.gc.ca/eng/1100100033784/1610113269343,,POST,
2023,Apprentice Financial Advisor,D.A. Davidson Companies ,,,,,,https://www.dadavidson.com/Careers,,POST,
2023,Bike Field Technician,"DBA ""Mobi by Shaw Go""",,,,,,https://www.mobibikes.ca/en/jobs,,PRE,
2023,Risk Advisory Analyst,Deloitte,,,,,,https://www.deloitte.com/global/en/careers/job-search.html,,PRE,
2023,Business Analyst,Deloitte,,,,,,https://www.deloitte.com/global/en/careers/job-search.html,,PRE,
2023,Consultant | Corporate Governance & Risk Strategy,Deloitte,,,,,,https://www.deloitte.com/global/en/careers/job-search.html,,POST,
2023,Senior Consultant | Corporate Governance & Risk Strategy,Deloitte,,,,,,https://www.deloitte.com/global/en/careers/job-search.html,,POST,
2023,Investment Risk Management Intern,Deloitte India,,,,,,https://southasiacareers.deloitte.com/go/Deloitte-India/718244/,,PRE,
2023,ConnecTra Society Assistant Program Coordinator,Disability Foundation,,,,,,https://disabilityfoundation.org/volunteer/,,PRE,
2023,PPP Services Clerk,District of North Vancouver,,,,,,https://www.dnv.org/government-administration/jobs-and-volunteering,,POST,
2023,Operations and Front Desk Staff,Doug Mitchell Thunderbird Sports Centre,,,,,,https://thunderbirdarena.ubc.ca/,,PRE,
2023,Caseworker- Family Law,Downtown Legal Services,,,,,,https://downtownlegalservices.ca/student-programs/,,POST,
2023,Instructional Coach,Dragon Zone,,,,,,https://dragonzone.ca/,,PRE,
2023,"Director, Research and Development",DYNE,,,,,,https://www.dyneapp.ca/career,,PRE,
2023,Station Chef,Earls Kitchen + Bar,,,,,,https://earls.ca/careers/,,PRE,
2023,Academic Tutor,Easy Group Inc.,,,,,,https://www.linkedin.com/company/easy-group-inc/about/,,PRE,
2023,Planning and Development Intern,Eau Claire County,,,,,,https://www.governmentjobs.com/careers/eauclaire/,,POST,
2023,Project Management Intern,EduFunder.com,,,,,,https://edufunder.com/,,PRE,
2023,Indigenous Conservation Research and Analysis Contractor,Environment and Climate Change Canada,,,,,,https://www.canada.ca/en/environment-climate-change/corporate/jobs.html,,PRE,
2023,Human Health Venture Studio Assistant,entrepreneurship@UBC,,,,,,https://innovation.ubc.ca/entrepreneurship-ventures/entrepreneurial-pathways,,PRE,
2023,Economist,Environment and Climate Change Canada,,,,,,https://www.canada.ca/en/environment-climate-change/corporate/jobs.html,,POST,
2023,Junior Policy Analyst,Environment and Climate Change Canada,,,,,,https://www.canada.ca/en/environment-climate-change/corporate/jobs.html,,POST,
2023,Account Manager,Events Lead Supplies,,,,,,https://elsupplies.ca/,,,Not on Linkedin anymore
2023,Quantitative Research Intern,Everbright Securities,,,,,,http://www.ebscn.com/index/,,PRE,
2023,Quantitative Research Intern,Everbright Securities,,,,,,http://www.ebscn.com/index/,,POST,
2023,Risk Advisory Analyst,EY,,,,,,https://www.ey.com/en_ca/careers,,PRE,
2023,Transactions & Strategy Summer Intern,EY,,,,,,https://www.ey.com/en_ca/careers,,PRE,
2023,Surveyor,Fairview Strategy,,,,,,https://fairviewstrategy.com/,,PRE,
2023,Owner,Famdrew.Store,,,,,,N/A,,POST,
2023,Executive Coordinator,Federation of Asian Canadian Lawyers BC,,,,,,https://www.faclbc.ca/,,POST,
2023,Fedex Package Handler,FedEx Ground,,,,,,https://www.fedex.com/en-ca/careers.html,,PRE,
2023,Business Development Representative,Fidelity Canada,,,,,,https://careers.fidelity.ca/en/index/,,POST,
2023,Business Development Associate,Fidelity Canada,,,,,,https://careers.fidelity.ca/en/index/,,POST,
2023,Senior Business Development Associate,Fidelity Canada,,,,,,https://careers.fidelity.ca/en/index/,,POST,
2023,Mergers and Acquisitions Intern,Finning,,,,,,https://www.finning.com/en_CA/company/careers/our-open-jobs.html,,PRE,
2023,Compliance and ESG,Freepoint Commodities,,,,,,https://www.freepoint.com/life-at-freepoint/#jobs,,POST,
2023,Product Manager,GeoComply,,,,,,https://www.geocomply.com/careers/,,PRE,
2023,Business Development and Fraud Associate,GeoComply,,,,,,https://www.geocomply.com/careers/,,PRE,
2023,Commercial Associate,GeoComply,,,,,,https://www.geocomply.com/careers/,,PRE,
2023,Campus Ambassador,GeoComply,,,,,,https://www.geocomply.com/careers/,,,Not on lInkedin anymore
2023,Product Marketing Intern,GeoComply,,,,,,https://www.geocomply.com/careers/,,PRE,
2023,GeoGuard Market Specialist Intern,GeoComply,,,,,,https://www.geocomply.com/careers/,,PRE,
2023,Field Enablement Associate- Fraud & Risk,GeoComply,,,,,,https://www.geocomply.com/careers/,,POST,
2023,Commercial Operations Specialist,GeoComply,,,,,,https://www.geocomply.com/careers/,,POST,
2023,Program Manager I- Technical Operations,GeoComply,,,,,,https://www.geocomply.com/careers/,,POST,
2023,Program Manager II,GeoComply,,,,,,https://www.geocomply.com/careers/,,POST,
2023,Product Manager,GeoComply,,,,,,https://www.geocomply.com/careers/,,POST,
2023,Mentor,Global Ideas Institute (GII),,,,,,https://munkschool.utoronto.ca/gii/how-get-involved,,POST,
2023,Research Coordinator,Global Ideas Institute (GII),,,,,,https://munkschool.utoronto.ca/gii/how-get-involved,,POST,
2023,English Instructor,Global Knowledges Center,,,,,,N/A,,PRE,
2023,Digital and Marketing Intern ,gogglesoc,,,,,,https://gogglesoc.com/,,PRE,
2023,Digital and Marketing Intern,gogglesoc,,,,,,https://gogglesoc.com/,,PRE,
2023,Summer Intern,Government of Punjab,,,,,,https://www.linkedin.com/company/government-of-punjab/about/,,PRE,
2023,Transfer Pricing Analyst,Grant Thornton LLP (Canada),,,,,,https://www.doanegrantthornton.ca/careers/,,POST,
2023,Sales Development Associate,GrantMe,,,,,,https://grantme.notion.site/GrantMe-Careers-b44d983094c44113a512f05b48368bef,,PRE,
2023,Account Executive,GrantMe,,,,,,https://grantme.notion.site/GrantMe-Careers-b44d983094c44113a512f05b48368bef,,POST,
2023,Market Researcher,"Groundwork Operations, LLC",,,,,,https://groundworkoperations.com/careers/,,PRE,
2023,Finance Intern,Haisco Pharmaceutical,,,,,,https://en.haisco.com/,,PRE,
2023,Customer Service Agent,Harbour Air Seaplanes,,,,,,https://harbourair.com/careers/,,POST,Started during degree
2023,Sales Associate,Hills Dry Goods,,,,,,https://www.hillsdrygoods.com/pages/careers,,PRE,
2023,Administrative Assistant,Hillside Wealth Management,,,,,,https://hillsidewealth.ca/,,POST,
2023,Associate Investment Advisor,Hillside Wealth Management,,,,,,https://hillsidewealth.ca/,,POST,
2023,Junior Analyst,Housing Diversity Corporation,,,,,,https://www.linkedin.com/company/housing-diversity/about/,,PRE,
2023,Real Estate Analyst,Housing Diversity Corporation,,,,,,https://www.linkedin.com/company/housing-diversity/about/,,POST,
2023,Business Analyst,HSBC,,,,,,https://www.hsbc.com/careers,,POST,
2023,Research Fellow,HSBC Social Innovation Academy,,,,,,https://www.riipen.com/level-up-case-studies/hsbc-social-innovation-academy-storyline-creation-for-youth-recruitment,,PRE,
2023,Analyst,HSBC Social Innovation Academy,,,,,,https://www.riipen.com/level-up-case-studies/hsbc-social-innovation-academy-storyline-creation-for-youth-recruitment,,PRE,
2023,Digital Consulting Analyst,Huron,,,,,,https://www.huronconsultinggroup.com/company/careers,,POST,
2023,Digital Consulting Senior Analyst,Huron,,,,,,https://www.huronconsultinggroup.com/company/careers,,POST,
2023,Data Analyst and Labour Market Analyst,Immigrant Employment Council of BC,,,,,,https://iecbc.ca/opportunities/,,POST,
2023,Project Assistant,"Immigration, Refugees and Citizenship Canada",,,,,,https://www.canada.ca/en/immigration-refugees-citizenship/corporate/careers.html,,PRE,
2023,Strategy Intern ,"Incline Investment Advisors, LLC",,,,,,https://inclineia.com/,,PRE,
2023,Digital Trade and Global Policy Fellow,Information Technology Industry Council (ITI),,,,,,https://www.itic.org/about/careers-at-iti,,POST,
2023,Policy Consultant,"Innovation, Science and Economic Development Canada",,,,,,https://ised-isde.canada.ca/site/job-opportunities/en,,POST,
2023,Industry Data Analyst,Insurtech Advisors LLC,,,,,,https://insurtechadvisors.com/,,PRE,
2023,Research Assistant,InterVISTAS Consulting,,,,,,https://www.intervistas.com/careers/,,PRE,
2023,Research Assistant,InterVISTAS Consulting,,,,,,https://www.intervistas.com/careers/,,POST,
2023,Analyst,InterVISTAS Consulting,,,,,,https://www.intervistas.com/careers/,,POST,
2023,Junior Editor,IONA Journal of Economics,,,,,,https://www.ionajournal.ca/apply,,PRE,
2023,Exchange Author ,IONA Journal of Economics,,,,,,https://www.ionajournal.ca/apply,,PRE,
2023,Managing Editor ,IONA Journal of Economics,,,,,,https://www.ionajournal.ca/apply,,PRE,
2023,Student Researcher,Ipsos,,,,,,https://www.ipsos.com/en-us/careers/opportunities-ipsos,,PRE,
2023,Marketing Coordinator,Italian Chamber of Commerce in Canada - West,,,,,,https://iccbc.com/,,PRE,
2023,Financial Literacy Program Facilitator,JA British Columbia,,,,,,https://jabc.org/getinvolved/,,PRE,
2023,Customer Service Representative,Jamjar Canteen,,,,,,https://www.jamjarcanteen.ca/work-with-us,,PRE,
2023,Merchandising Intern,JD.COM,,,,,,https://corporate.jd.com/Career,,POST,
2023,Merchandising Assistant,JD.COM,,,,,,https://corporate.jd.com/Career,,POST,
2023,Investment Banking Associate,Jefferies,,,,,,https://www.jefferies.com/careers/,,POST,
2023,Sales Associate Intern,JM Financial Ltd.,,,,,,https://www.jmfl.com/careers/overview,,PRE,
2023,Teaching Assisant,JNC Stusy Abroad Platform,,,,,,https://www.linkedin.com/company/jnc-study-abroad-platform/about/,,PRE,
2023,Account Executive,Jobber,,,,,,https://www.getjobber.com/about/careers/,,POST,
2023,Server Liaison,JOEY Restaurant Group,,,,,,https://apply.workable.com/joey-restaurants-1/,,PRE,
2023,Research Assistant,Johns Hopkins School of Advanced International Studies (SAIS),,,,,,https://sais.jhu.edu/,,POST,
2023,Student Intern,Johnson & Johnson,,,,,,https://www.careers.jnj.com/en/,,PRE,
2023,Summer Sales Intern ,JTI (Japan Tobacco International) ,,,,,,https://www.jti.com/en/careers/job-opportunities,,PRE,
2023,Data Analyst Intern,KASI Insight,,,,,,https://www.kasiinsight.com/,,PRE,
2023,Platform and Data Analyst,KASI Insight,,,,,,https://www.kasiinsight.com/,,PRE,
2023,"Project Intern, Financial Shared Services Centre",Kingdee Software,,,,,,https://www.kingdee.com/mo/careers/,,PRE,
2023,Partner ,Knock Media,,,,,,https://www.linkedin.com/company/knockmmedia/about/,,PRE,
2023,Chef de Partie,Kokoro Tokyo Mazesoba-UBC,,,,,,https://menyakokoro.com/,,PRE,
2023,Center Assistant,Kumon,,,,,,https://www.kumon.com/ca-en/careers,,PRE,
2023,Assistant Instructor,"Kumon North America, Inc.",,,,,,https://www.kumon.com/ca-en/careers,,PRE,
2023,Primary Student Instructor,"Kumon North America, Inc.",,,,,,https://www.kumon.com/ca-en/careers,,PRE,
2023,Assistant Manager,"Kumon North America, Inc.",,,,,,https://www.kumon.com/ca-en/careers,,PRE,
2023,Investor Apprentice,Langdon Equity Partners,,,,,,https://www.langdonpartners.com/careers,,POST,
2023,Peer Mentor,LeapUp Edutech,,,,,,https://leapup.in/work-with-us/,,PRE,
2023,Investment Research Intern,Leith wheeler Investment Counsel Ltd.,,,,,,https://www.leithwheeler.com/careers,,PRE,
2023,Cylinder Handler,Linde,,,,,,https://www.lindecareers.com/en/,,PRE,
2023,Sales Associate,Little Burgundy Shoes,,,,,,https://www.littleburgundyshoes.com/careers-pages/apply-now,,PRE,
2023,Lead of AI in Quant Finance Solutions ,LLMQuant,,,,,,https://www.linkedin.com/company/llmquant/about/,,POST,
2023,Cashier,Loblaws City Market,,,,,,https://careers.loblaw.ca/,,PRE,
2023,Campus Ambassador,Look4Tutor,,,,,,https://look4tutor.com/join-us/,,PRE,
2023,"Investment Analyst, Equities",Mackenzie Investments,,,,,,https://www.mackenzieinvestments.com/en/careers,,POST,
2023,Student Intern,Marriott Hotels ,,,,,,https://careers.marriott.com/brands/marriott-hotels/,,PRE,
2023,Associate Consultant Intern,Mastercard Data and Services,,,,,,https://careers.mastercard.com/us/en,,POST,
2023,Mathematics Tutor,Math Tutor Network,,,,,,https://www.mathtutornetwork.com/career.html,,PRE,
2023,Tutor,Math4me,,,,,,https://www.math4me.ca/careers-,,PRE,
2023,"Data Analyst- Global Data, AI & Analytics",McCain Foods,,,,,,https://careers.mccain.com/us/en,,POST,
2023,Digital Commercial & Finance Lead- North America,McCain Foods,,,,,,https://careers.mccain.com/us/en,,POST,
2023,Research Assisstant( RA),Meritco Services,,,,,,https://www.linkedin.com/company/meritco-services/about/,,PRE,
2023,Project Manager,"Milani Plumbing, Heating & Air Conditioning",,,,,,https://www.milani.ca/careers/,,POST,
2023,Associate Economist Analyst,MITRE,,,,,,https://www.mitre.org/careers,,POST,
2023,Corporate Banking Summer Analyst,BMO Capital Markets,,,,,,https://capitalmarkets.bmo.com/en/careers/,,PRE,
2023,Digital Marketing Intern,Moringa Project Thailand Ltd,,,,,,https://www.moringaprojectthailand.com/,,PRE,
2023,Business Development Representative,Mosa,,,,,,https://wearemosa.com/pages/about-mosa,,POST,
2023,Ski Coach,Mount Seymour Ski Club,,,,,,https://www.mtseymourskiclub.com/,,POST,Started during degree
2023,Summer Intern,myPRESS Printing Services,,,,,,https://www.mypress.co.th/news-careers/,,PRE,
2023,Energy-Economy Modeller (Analyst),"Navius Research, Inc",,,,,,https://www.naviusresearch.com/,,POST,Started during degree
2023,Product and Strategy,Neel Gully,,,,,,https://www.linkedin.com/company/pradarsh/about/,,POST,
2023,Operations and Sales Intern,Top Talent Dallas (Formerly New Horizons Dallas),,,,,,https://toptalentlearning.com/,,PRE,
2023,Campaign Support Specialist,New/Mode,,,,,,https://www.newmode.net/,,PRE,
2023,Digital Consultant,New/Mode,,,,,,https://www.newmode.net/,,PRE,
2023,"Market Research Intern, Institutional Equity",Nomura,,,,,,https://www.nomuraholdings.com/en/careers.html,,PRE,
2023,Intern,OECD-OCDE,,,,,,https://www.oecd.org/en/about/careers.html,,POST,
2023,Manager ,Ogo's Ice Cream,,,,,,https://www.linkedin.com/company/ogo's-ice-cream/about/,,PRE,
2023,Climate Tech Fellow,On Deck,,,,,,N/A,,PRE,
2023,English Tutor,OneSmart International Education Group Ltd.,,,,,,N/A,,PRE,
2023,Partner ,Online.Simple,,,,,,https://www.linkedin.com/company/ontario-liberal-party/about/,,PRE,
2023,Campaign Manager,Ontario Liberal Party,,,,,,N/A,,PRE,
2023,Co-op Economist,Ontario Ministry of Finances,,,,,,https://www.ontario.ca/page/ministry-finance,,POST,
2023,Cybersecurity Policy Specialist,OpenPolicy,,,,,,https://www.openpolicy.co/about-us,,POST,
2023,Financial Analyst,Oreninc,,,,,,https://oreninc.co/,,PRE,
2023,Mathematics Tutor,Oxford Learning Centres Inc.,,,,,,https://oxfordlearning.com/careers/,,PRE,
2023,Program Facilitator and Day Camp Leader,Panorama Recreation Centre,,,,,,https://www.panoramarecreation.ca/about-us/employment-volunteering,,PRE,
2023,Risk Analyst,Pax Analytica,,,,,,https://www.linkedin.com/company/pax-analytica/about/,,POST,
2023,Market Research Intern (Project Lead),Paykii ,,,,,,https://www.linkedin.com/company/paykii/about/,,PRE,
2023,Site Supervisor,Pedalheads Bike Camps Inc.,,,,,,https://pedalheads.com/en/join-the-team/careers,,PRE,
2023,Financial Literacy Mentor,PennyDrops,,,,,,https://www.pennydrops.org/university-students/,,PRE,
2023,Research Assistant,Peter A. Allard School of Law at UBC,,,,,,https://allard.ubc.ca/career-services-office,,PRE,
2023,Mental Health Worker,Portland Hotel Society,,,,,,https://www.phs.ca/careers/,,POST,Started during degree
2023,Rotational Analyst,Powerex,,,,,,https://powerex.com/careers,,POST,
2023,Powerful Youth Facilitator,Powerful Youth,,,,,,https://powerfulyouth.com/,,PRE,
2023,Junior Facilitator,Powerful Youth,,,,,,https://powerfulyouth.com/,,PRE,
2023,Powerful Youth Senior Assistant Director,Powerful Youth,,,,,,https://powerfulyouth.com/,,,Not on Linkedin anymore
2023,Junior Facilitator,Powerful Youth,,,,,,https://powerfulyouth.com/,,POST,
2023,Senior Facilitator,Powerful Youth,,,,,,https://powerfulyouth.com/,,POST,
2023,Venture Capital Intern ,Prefix Capital,,,,,,https://www.prefixcapital.com/,,POST,Started during degree
2023,Assurance Intern,PwC Turkey,,,,,,https://www.pwc.com.tr/en/kariyer-sayfalari.html,,PRE,
2023,Financial Analyst,Qatar Islamic Bank,,,,,,https://www.qib.com.qa/en/careers/,,PRE,
2023,Office Assistant,Quatram Pty Ltd,,,,,,https://www.quatram.com.au/index.html,,PRE,
2023,Data Analyst,RajaniMD,,,,,,https://rajanimd.com/,,POST,
2023,Negotiation Analyst,Crown-Indigenous Relations and Northern Affairs Canada,,,,,,https://www.rcaanc-cirnac.gc.ca/eng/1100100033784/1610113269343,,POST,
2023,Social Media Coordinator,Reem Centre of Learning,,,,,,N/A,,POST,
2023,Program Coordinator,Refinery Leadership Partners,,,,,,https://refineryleadership.com/careers/,,POST,
2023,Co-founder ,Rescued Glass,,,,,,https://www.linkedin.com/company/rescued-glass/,,PRE,
2023,Human Resources and Employer Parternerships Intern,Riipen,,,,,,https://www.riipen.com/careers,,PRE,
2023,"Manager, Government Programs",Rivian,,Policy,Policy,Government,,https://careers.rivian.com/careers-home/,,POST,
2023,International Senior Concierge,Rove Concepts,,"Hospitality & Retail (Food, Service Industries)",Customer Experience and Service Management,,,https://roveconcepts.bamboohr.com/careers,,PRE,
2023,Concierge Supervisor,Rove Concepts,,"Hospitality & Retail (Food, Service Industries)",Customer Experience and Service Management,,,https://roveconcepts.bamboohr.com/careers,,POST,
2023,Concierge Trainer,Rove Concepts,,"Hospitality & Retail (Food, Service Industries)",Customer Experience and Service Management,,,https://roveconcepts.bamboohr.com/careers,,POST,
2023,Controller,Safesidewalks Canada,,,,,,https://www.safesidewalks.ca/,,POST,Started during degree
2023,Campus Ambassador,sakebomb,,,,,,https://www.instagram.com/bombbevs/?hl=en,,PRE,
2023,Research Intern,Satstreet,,,,,,https://www.satstreet.com/about/join,,PRE,
2023,General Clerk,Save-On-Foods,,,,,,https://www.saveonfoods.com/join-our-team,,PRE,
2023,Account Manager ,Savvy Social ,,,,,,https://www.savvycapital.io/,,PRE,
2023,Warehouse Associate,SCI Group Inc (Acquired by Metro Supply Chain),,,,,,https://www.metroscg.com/our-company/careers/,,PRE,
2023,Investment Banking Analyst,Scotiabank,,,,,,https://www.scotiabank.com/careers/en/careers.html,,POST,
2023,"Analyst, Commercial Accelerate Program",Scotiabank,,,,,,https://www.scotiabank.com/careers/en/careers.html,,POST,
2023,Software Engineer Intern,SD Companise srl,,,,,,https://www.sdcompanies.it/,,POST,
2023,Program Intern at Rise Up,Seas At Risk,,,,,,https://seas-at-risk.org/careers/,,PRE,
2023,Summer Intern,Senior Living Smart,,,,,,https://seniorlivingsmart.com/careers/,,PRE,
2023,Program Assistant,Shad Canada,,,,,,https://www.shad.ca/careers/,,POST,
2023,Barista & Cashier,Sharetea,,,,,,https://www.1992sharetea.com/canada,,PRE,
2023,Customer Solutions Expert,Shaw Communications (Acquired by Rogers),,,,,,https://jobs.rogers.com/?icid=R_WIR_CMH_MF16G7,,PRE,
2023,Data Analyst,SIGELEC S.A.C.,,,,,,https://www.sigelec.com.pe/,,PRE,
2023,Think Tank Research Assistant,Simbi Foundation,,,,,,https://simbifoundation.org/research/,,PRE,
2023,Bartender,Slackwater Brewing,,,,,,https://www.slackwaterbrewing.com/,,PRE,
2023,Institutional Sales Intern,Solactive AG,,,,,,https://www.solactive.com/career/,,PRE,
2023,Index Analyst ,Solactive AG,,,,,,https://www.solactive.com/career/,,PRE,
2023,Conservation Projects Assistant,Somenos Marsh Wildlife Society,,,,,,https://www.somenosmarsh.com/volunteer-with-us,,PRE,
2023,Conservation Projects and Communications Coordinator,Somenos Marsh Wildlife Society,,,,,,https://www.somenosmarsh.com/volunteer-with-us,,PRE,
2023,Market Researcher,Standard Surveyors,,,,,,https://www.standard-cargosurvey.com/page10091.html,,PRE,
2023,Market Research Intern,Standard Surveyors,,,,,,https://www.standard-cargosurvey.com/page10091.html,,PRE,
2023,Barista,Starbucks,,,,,,https://careers.starbucks.com/,,PRE,
2023,Program Officer,Statistics Canada,,,,,,https://www.statcan.gc.ca/en/job-opportunities?HPA=1,,PRE,
2023,Enumerator,Statistics Canada,,,,,,https://www.statcan.gc.ca/en/job-opportunities?HPA=1,,PRE,
2023,Junior Analyst,Statistics Canada,,,,,,https://www.statcan.gc.ca/en/job-opportunities?HPA=1,,PRE,
2023,Customer Service Representative,Steve's Poke Bar Group,,,,,,https://www.stevespokebar.ca/careers,,POST,
2023,Quantitative Analyst,Stoch Analytics,,,,,,https://stochanalytics.com/about-us/careers/,,POST,
2023,Economics Research Intern,StreetWire,,,,,,https://www.streetwire.net/,,PRE,
2023,Financial Research Intern,StreetWire,,,,,,https://www.streetwire.net/,,PRE,
2023,Full Stack Developer,Suune,,,,,,https://www.linkedin.com/company/suune/about/,,POST,
2023,Customer Experienece Associate ,TD,,,,,,https://td.wd3.myworkdayjobs.com/en-US/TD_Bank_Careers,,PRE,
2023,Business Development Associate,Tealeaves,,,,,,https://www.tealeaves.com/pages/careers,,PRE,
2023,Brand and Program Management Associate,Tealeaves,,,,,,https://www.tealeaves.com/pages/careers,,PRE,
2023,Brand & Operations Associate,Tealeaves,,,,,,https://www.tealeaves.com/pages/careers,,PRE,
2023,Nature x Design Ambassador,Tealeaves,,,,,,https://www.tealeaves.com/pages/careers,,PRE,
2023,Operations Team Member,TED Conferences,,,,,,https://www.ted.com/about/our-organization/jobs-at-ted,,PRE,
2023,Equity Research Associate,Tegus (Acquired by Alphasense),,,,,,https://www.tegus.com/,,POST,
2023,Application Reader & Interviewer,Telluride Association,,,,,,https://tellurideassociation.org/about-us/employment/,,PRE,
2023,Telephone and Field Sales Specialist,TELUS,,,,,,https://www.telus.com/en/about/careers?linktype=ge-footer,,PRE,
2023,Graduate Research Fellow,TELUS,,,,,,https://www.telus.com/en/about/careers?linktype=ge-footer,,POST,
2023,Field Sales Representative,TELUS,,,,,,https://www.telus.com/en/about/careers?linktype=ge-footer,,PRE,
2023,Varsity Program UBC Ambassador,TELUS,,,,,,https://www.telus.com/en/about/careers?linktype=ge-footer,,PRE,
2023,Social Media Marketing Specialist,Tilly (formerly Tern),,,,,,https://heytilly.ai/,,POST,
2023,Cafe Server,Terra Breads Inc.,,,,,,https://terrabreads.com/pages/careers,,PRE,
2023,Public Policy and Business Development (Canada),Tesla,,,,,,https://www.tesla.com/careers,,PRE,
2023,Government Programs- Tesla Charging,Tesla,,,,,,https://www.tesla.com/careers,,POST,
2023,Advanced Technology and AI 2030 Researcher,The American Security Project,,,,,,https://www.americansecurityproject.org/about/employment/,,POST,
2023,Auxiliary Supervisor and Climbing Instructor,The Boulders Climbing Gym,,,,,,https://climbtheboulders.com/#,,PRE,
2023,Baker/Barista,"The Boulevard Coffee Roasting Company, Inc.",,,,,,N/A,,PRE,
2023,Assistant Manager,"The Boulevard Coffee Roasting Company, Inc.",,,,,,N/A,,PRE,
2023,Manager,"The Boulevard Coffee Roasting Company, Inc.",,,,,,N/A,,PRE,
2023,Research Analyst,The Brattle Group,,,,,,https://www.brattle.com/careers/,,POST,
2023,Senior Research Analyst,The Brattle Group,,,,,,https://www.brattle.com/careers/,,POST,
2023,Labor Economics and Costing Analyst ,The Health Employers Association of BC (HEABC),,,,,,https://www.heabc.bc.ca/Page33.aspx,,POST,
2023,Writer,The New Business Review,,,,,,https://www.linkedin.com/company/thenbr/about/,,PRE,
2023,MIINT Impact Investor,The Turner MIINT (MBA Impact Investing Network & Training),,,,,,https://www.turnermiint.org/get-involved,,POST,
2023,Operations Staff,UBC,,,,,,https://hr.ubc.ca/careers,,PRE,
2023,Residence Advisor,UBC,,,,,,https://hr.ubc.ca/careers,,PRE,
2023,Research Assistant,UBC,,,,,,https://hr.ubc.ca/careers,,PRE,
2023,Development and Alumni Engagement (DAE) Ambassador,UBC,,,,,,https://hr.ubc.ca/careers,,PRE,
2023,UBC Student Ambassador,UBC,,,,,,https://hr.ubc.ca/careers,,PRE,
2023,Administrative Assistant,UBC,,,,,,https://hr.ubc.ca/careers,,PRE,
2023,Research Assistant,UBC,,,,,,https://hr.ubc.ca/careers,,PRE,
2023,Global Ambassador,UBC,,,,,,https://hr.ubc.ca/careers,,PRE,
2023,Head Lifeguard,Tide's Out Services Ltd.,,,,,,N/A,,PRE,
2023,Consultant,TomorrowNow.org,,,,,,https://tomorrownow.org/form/,,POST,
2023,Member of House Council for Hemlesem House,Totem Park Residence Association,,,,,,https://www.instagram.com/tpraubc_official/?hl=en,,PRE,
2023,Sales Associate,Totem Poles,,,,,,https://www.thetotempoles.com/,,PRE,
2023,Lifeguard and Swim Instructor ,Township of Langley,,,,,,https://www.tol.ca/en/connect/careers.aspx,,PRE,
2023,Policy Analyst,Treasury Board of Canada Secratariat,,,,,,https://www.canada.ca/en/treasury-board-secretariat/corporate/understanding-application-process.html,,POST,
2023,Junior Analyst,Treasury Board of Canada Secratariat,,,,,,https://www.canada.ca/en/treasury-board-secretariat/corporate/understanding-application-process.html,,POST,
2023,Business Intern,Trvlar,,,,,,https://www.linkedin.com/company/trvlarinc/about/,,PRE,
2023,Political/Economic Intern,U.S. Department of State,,,,,,https://careers.state.gov/,,PRE,
2023,Political/Economic Assistant,U.S. Department of State,,,,,,https://careers.state.gov/,,PRE,
2023,Orientation Leader,UBC,,,,,,https://hr.ubc.ca/careers,,PRE,
2023,Mathematics Tutor,UBC,,,,,,https://hr.ubc.ca/careers,,PRE,
2023,Teaching Assistant(ECON 255),UBC,,,,,,https://hr.ubc.ca/careers,,PRE,
2023,Research Assistant,UBC,,,,,,https://hr.ubc.ca/careers,,PRE,
2023,Research Intern,UBC,,,,,,https://hr.ubc.ca/careers,,PRE,
2023,Teaching Assistant,UBC,,,,,,https://hr.ubc.ca/careers,,PRE,
2023,Orientation Leader,UBC,,,,,,https://hr.ubc.ca/careers,,PRE,
2023,Marketing Assisant,UBC,,,,,,https://hr.ubc.ca/careers,,PRE,
2023,Orientation Leader,UBC,,,,,,https://hr.ubc.ca/careers,,PRE,
2023,Teaching Assistant,UBC,,,,,,https://hr.ubc.ca/careers,,PRE,
2023,Orientation Transition Leader,UBC,,,,,,https://hr.ubc.ca/careers,,PRE,
2023,Notetaker,UBC,,,,,,https://hr.ubc.ca/careers,,PRE,
2023,Research Assistant,UBC,,,,,,https://hr.ubc.ca/careers,,PRE,
2023,Food Services Student Worker,UBC,,,,,,https://hr.ubc.ca/careers,,PRE,
2023,Senior Residence Advisor,UBC,,,,,,https://hr.ubc.ca/careers,,PRE,
2023,Teaching Assistant,UBC,,,,,,https://hr.ubc.ca/careers,,PRE,
2023,Mathematics Tutor,UBC,,,,,,https://hr.ubc.ca/careers,,PRE,
2023,Research Analyst,UBC,,,,,,https://hr.ubc.ca/careers,,PRE,
2023,Teaching Assistant,UBC,,,,,,https://hr.ubc.ca/careers,,PRE,
2023,Teaching Assistant (Econ 255),UBC,,,,,,https://hr.ubc.ca/careers,,PRE,
2023,Teaching Assistant (Econ 101),UBC,,,,,,https://hr.ubc.ca/careers,,PRE,
2023,Teaching Assistant (Econ 101),UBC,,,,,,https://hr.ubc.ca/careers,,PRE,
2023,Undergraduate Research Assistant,UBC,,,,,,https://hr.ubc.ca/careers,,PRE,
2023,Teaching Assistant,UBC,,,,,,https://hr.ubc.ca/careers,,PRE,
2023,Educational Assistant,UBC,,,,,,https://hr.ubc.ca/careers,,PRE,
2023,Chapman Learning Commons Project Assistant,UBC,,,,,,https://hr.ubc.ca/careers,,PRE,
2023,Teaching Assistant (ECON 102),UBC,,,,,,https://hr.ubc.ca/careers,,PRE,
2023,Research Assistant (Education Policy and Firm Consolidation),UBC,,,,,,https://hr.ubc.ca/careers,,PRE,
2023,TA,UBC,,,,,,https://hr.ubc.ca/careers,,PRE,
2023,Teaching Assistant for Econ364,UBC,,,,,,https://hr.ubc.ca/careers,,PRE,
2023,Teaching Assisstant ,UBC,,,,,,https://hr.ubc.ca/careers,,PRE,
2023,Financial Management Assistant,UBC,,,,,,https://hr.ubc.ca/careers,,PRE,
2023,Collegia Advisor,UBC,,,,,,https://hr.ubc.ca/careers,,PRE,
2023,Graduate Research Analyst And Teaching Assistant,UBC,,,,,,https://hr.ubc.ca/careers,,POST,
2023,Event Coordinator,UBC Canadian Liver Foundation,,,,,,https://www.instagram.com/ubc.clf/?hl=en,,PRE,
2023,Notetaker,UBC Centre for Accessibility,,,,,,https://students.ubc.ca/about-student-services/centre-for-accessibility/,,PRE,
2023,Finance Assistant,UBC Electrical and Computer Engineering,,,,,,https://ece.ubc.ca/about/openings/,,POST,
2023,Corporate Relations Coordinator,UBC eProjects ,,,,,,https://ubceprojects.netlify.app/,,PRE,
2023,Communications and Marketing Coordinator,UBC Global Lounge,,,,,,https://students.ubc.ca/about-student-services/simon-k-y-lee-global-lounge-resource-centre/,,PRE,
2023,Varsity Events Staff,UBC Recreation,,,,,,https://recreation.ubc.ca/home/employment/,,PRE,
2023,Data Analysis Research Assistant (Gig Economy Workforce),UBC Sauder School of Business,,,,,,https://www.sauder.ubc.ca/about-ubc-sauder/careers,,PRE,
2023,Marketing and Consumer Behaviour Research Assistant,UBC Sauder School of Business,,,,,,https://www.sauder.ubc.ca/about-ubc-sauder/careers,,PRE,
2023,Research Assistant,UBC Sauder School of Business,,,,,,https://www.sauder.ubc.ca/about-ubc-sauder/careers,,PRE,
2023,Teacher Assistant,UBC Sauder School of Business,,,,,,https://www.sauder.ubc.ca/about-ubc-sauder/careers,,PRE,
2023,Research Assistant,UBC Sauder School of Business,,,,,,https://www.sauder.ubc.ca/about-ubc-sauder/careers,,PRE,
2023,Teaching Assistant (COMM 491/COEC 491),UBC Sauder School of Business,,,,,,https://www.sauder.ubc.ca/about-ubc-sauder/careers,,PRE,
2023,Teaching Assistant,UBC Sauder School of Business,,,,,,https://www.sauder.ubc.ca/about-ubc-sauder/careers,,PRE,
2023,Research Assistant,UBC Sauder School of Business,,,,,,https://www.sauder.ubc.ca/about-ubc-sauder/careers,,PRE,
2023,Undergraduate Research Assistant,UBC Sauder School of Business ,,,,,,https://www.sauder.ubc.ca/about-ubc-sauder/careers,,PRE,
2023,Program Assistant Intern,UBC Sauder School of Business Diploma in Accounting,,,,,,https://www.sauder.ubc.ca/about-ubc-sauder/careers,,POST,
2023,Residence Advisor,UBC Student Advising and Hospitality Services,,,,,,https://vancouver.housing.ubc.ca/jobs/,,PRE,
2023,Residence Advisor,UBC Student Housing and Hospitality Services,,,,,,https://vancouver.housing.ubc.ca/jobs/,,PRE,
2023,Service Crew,Uncle Fatih’s Pizza ,,,,,,https://www.unclefatih.com/about/,,PRE,
2023,Teaching Assistant,University of Toronto,,,,,,https://jobs.utoronto.ca/,,POST,
2023,Research Assistant,University of Toronto- Rotman School of Management,,,,,,https://www.rotman.utoronto.ca/,,POST,
2023,Executive Assistant,University of Victoria,,,,,,https://www.uvic.ca/faculty-staff/careers/why-apply-to-uvic/index.php,,POST,
2023,Foreign Agricultural Service Intern,USDA,,Government,Government,Policy,Internships,https://www.usda.gov/about-usda/working-usda/careers,,PRE,
2023,Project Director,Vancouver School of Economics Undergraduate Society,,Post-Secondary Institution,Project / Program Development,Post-Secondary Institution,,https://www.vseus.ca/,,PRE,
2023,Merchandise Director,Vancouver School of Economics Undergraduate Society,,Post-Secondary Institution,Operations and Supply Chain Management,Post-Secondary Institution,,https://www.vseus.ca/,,PRE,
2023,Vice President Administration,Vancouver School of Economics Undergraduate Society,,Post-Secondary Institution,Administration and Office Management,Post-Secondary Institution,,https://www.vseus.ca/,,PRE,
2023,Event Coordinator,Vancouver School of Economics Undergraduate Society ,,Post-Secondary Institution,Project / Program Development,Post-Secondary Institution,,https://www.vseus.ca/,,PRE,
2023,Sales Representative,Vector Marketing,,,,,,https://thevectorimpact.com/learn-more-6-things/?utm_source=linkedin&utm_medium=social-media&utm_content=bio&utm_campaign=#learn,,PRE,
2023,Shift Lead,Virtuous Pie,,,,,,https://www.virtuouspie.com/,,PRE,
2023,Business Development Coordinator,Virtus Groups,,,,,,https://www.virthym.com/,,PRE,
2023,Research Assistant,VSE,,,,,,https://economics.ubc.ca/about/job-opportunities/,,PRE,
2023,Teaching Assistant(ECON 255),VSE,,,,,,https://economics.ubc.ca/about/job-opportunities/,,PRE,
2023,Research Assisant,VSE,,,,,,https://economics.ubc.ca/about/job-opportunities/,,PRE,
2023,Research Assistant,VSE,,,,,,https://economics.ubc.ca/about/job-opportunities/,,PRE,
2023,Research Assistant,VSE,,,,,,https://economics.ubc.ca/about/job-opportunities/,,PRE,
2023,Research Assistant Intern,VSE,,,,,,https://economics.ubc.ca/about/job-opportunities/,,PRE,
2023,Research Assistant,VSE,,,,,,https://economics.ubc.ca/about/job-opportunities/,,PRE,
2023,Research Assistant,VSE,,,,,,https://economics.ubc.ca/about/job-opportunities/,,PRE,
2023,BIE Research Internship,VSE,,,,,,https://economics.ubc.ca/about/job-opportunities/,,PRE,
2023,Research Assistant,VSE,,,,,,https://economics.ubc.ca/about/job-opportunities/,,PRE,
2023,Teaching Assistant (Econ 255),VSE,,,,,,https://economics.ubc.ca/about/job-opportunities/,,PRE,
2023,Research Assistant,VSE,,,,,,https://economics.ubc.ca/about/job-opportunities/,,PRE,
2023,Research Assistant,VSE,,,,,,https://economics.ubc.ca/about/job-opportunities/,,PRE,
2023,Survey Analyst,VSE,,,,,,https://economics.ubc.ca/about/job-opportunities/,,PRE,
2023,Business Development and Events Manager,VSE ,,,,,,https://economics.ubc.ca/about/job-opportunities/,,PRE,
2023,Research Intern,VSE ,,,,,,https://economics.ubc.ca/about/job-opportunities/,,PRE,
2023,Research Assisstant (RA),VSE ,,,,,,https://economics.ubc.ca/about/job-opportunities/,,PRE,
2023,Research Assistant,VSE ,,,,,,https://economics.ubc.ca/about/job-opportunities/,,PRE,
2023,Research Assistant,VSE  ,,,,,,https://economics.ubc.ca/about/job-opportunities/,,PRE,
2023,Research Assistant,VSE  ,,,,,,https://economics.ubc.ca/about/job-opportunities/,,PRE,
2023,Research Assistant (Behavioural Economics),VSE,,,,,,https://economics.ubc.ca/about/job-opportunities/,,PRE,
2023,Research Assistant (Educational Policy & Firm Consolidation),VSE,,,,,,https://economics.ubc.ca/about/job-opportunities/,,PRE,
2023,Excel Course Designer,VSECC,,,,,,https://careercentre.economics.ubc.ca/volunteer-with-us/,,PRE,
2023,Data Tracking and Reporting Analyst,VSECC,,,,,,https://careercentre.economics.ubc.ca/volunteer-with-us/,,PRE,
2023,Business Development and Events Coordinator,VSECC,,,,,,https://careercentre.economics.ubc.ca/volunteer-with-us/,,PRE,
2023,Data Analyst Volunteer,VSECC,,,,,,https://careercentre.economics.ubc.ca/volunteer-with-us/,,PRE,
2023,Program Development Assisant,VSECC,,,,,,https://careercentre.economics.ubc.ca/volunteer-with-us/,,PRE,
2023,Program and Business Development Intern,VSECC,,,,,,https://careercentre.economics.ubc.ca/volunteer-with-us/,,PRE,
2023,Database Developer,VSECC,,,,,,https://careercentre.economics.ubc.ca/volunteer-with-us/,,PRE,
2023,BIE Peer Coach,VSECC,,,,,,https://careercentre.economics.ubc.ca/volunteer-with-us/,,PRE,
2023,Program Development Assistant,VSECC,,,,,,https://careercentre.economics.ubc.ca/volunteer-with-us/,,PRE,
2023,Finance Intern,WELL Health Technologies Corp. (TSX: WELL),,,,,,https://well.company/careers-and-culture/#caropp,,PRE,
2023,Commercial Banking Analyst,Wells Fargo,,Finance & Banking,Finance & Banking,Wealth management (general banking),,https://www.wellsfargo.com/about/careers/,,POST,
2023,Network Planning Analyst,WestJet,,,,,,https://www.westjet.com/en-ca/careers,,POST,
2023,Intern,White Glow Consulting Private Limited,,,,,,https://www.linkedin.com/company/white-glow-consulting-private-limited/about/,,PRE,
2023,Brand Ambassador,Wize,,,,,,https://www.wizeprep.com/careers,,PRE,
2023,Sales,Wun2Free Entertainment,,,,,,https://wun2free.com/,,PRE,
2023,Business Analyst Intern,Xano,,,,,,https://www.useparallel.com/xano/careers,,POST,
2023,Research Fellow,Yale University,,,,,,https://careers.yale.edu/us/en,,POST,
2023,University Admissions Peer Advisor,Yale Young African Scholars,,,,,,https://africanscholars.yale.edu/employment,,PRE,
2023,Student Leader,YELL Canada,,Non-Profit Organizations (NPOs),Non-Profit Organizations (NPOs),Project  / Program Development,,https://yellcanada.org/,,PRE,
2023,Key Carrier,YYC Cycle Spin Studio,,"Hospitality & Retail (Food, Service Industries)",Customer Experience and Service Management,,,https://www.yyccycle.com/join-the-team,,PRE,
2022,Senior Analyst  ,Accenture,,Consulting & Advisory,Consulting & Advisory,,,https://www.accenture.com/ca-en/careers,,POST,
2022,Strategy Consultant,Accenture,,Consulting & Advisory,Strategy Consulting,,,https://www.accenture.com/ca-en/careers,,POST,
2022,Management Consulting Analyst,Accenture,,Consulting & Advisory,Consulting & Advisory,,,https://www.accenture.com/ca-en/careers,,POST,
2022,Management Consulting Senior Analyst,Accenture,,Consulting & Advisory,Consulting & Advisory,,,https://www.accenture.com/ca-en/careers,,POST,
2022,Consulting Summer Analyst,Accenture,Consulting,Consulting & Advisory,Consulting & Advisory,Internships,,https://www.accenture.com/ca-en/careers,,PRE,
2022,Associate Consultant,ADAPTOVATE,Consulting,Consulting & Advisory,Consulting & Advisory,,,https://www.adaptovate.com/about-us/careers/?trk=public_post-text,,POST,
2022,Database Coordinator,Agriculture and Agri-Food Canada,Government and NGO's/No-Profit Organizations (NPOs),,,,,https://agriculture.canada.ca/en/department/careers,,PRE,
2022,Microsoft,AI Architect,,,,,,https://careers.microsoft.com/v2/global/en/home.html,,POST,
2022,Associate Project Manager,AlgaeCal Inc.,,,,,,https://www.algaecal.com/en-ca/careers,,POST,
2022,Associate Digital Marketing Coordinator,AlgaeCal Inc.,,,,,,https://www.algaecal.com/en-ca/careers,,POST,
2022,Digital Marketing Coordinator,AlgaeCal Inc.,,,,,,https://www.algaecal.com/en-ca/careers,,POST,
2022,Junior Marketing Representative,Alliance Concepts,Consulting,Marketing,,,,https://ca.linkedin.com/company/alliance-concepts-inc.,,PRE,
2022,Leader Marketing Representative,Alliance Concepts,Consulting,Marketing,,,,https://ca.linkedin.com/company/alliance-concepts-inc.,,PRE,
2022,Operations Management,Amazon,Other,Other,,,,https://hiring.amazon.ca/,E-Commerce,PRE,
2022,Account Manager,Amazon,,,,,,https://hiring.amazon.ca/,,POST,
2022,Sales Automation PM,Amazon,,,,,,https://hiring.amazon.ca/,,POST,
2022,Corporate Development Analyst,AmeriVet Veterinary Partners,Other,,,,,https://intranet.amerivet.com/careers/,Veterinary Services,POST,
2022,Events Associate,AMS of UBC,Academia,Academia,,,,https://www.ams.ubc.ca/opportunities/jobs/,,PRE,
2022,Firstweek Events Ambassador,AMS of UBC,,,,,,https://www.ams.ubc.ca/opportunities/jobs/,,PRE,
2022,Research Professional,Analysis Group,Consulting,,,,,https://www.analysisgroup.com/careers/,Economics,POST,
2022,Research Professional Intern,Analysis Group,Consulting,,,,,https://www.analysisgroup.com/careers/,Economics,PRE,
2022,Senior Research Professional,Analysis Group,Consulting,,,,,https://www.analysisgroup.com/careers/,Economics,POST,
2022,"Analyst, Investment Consulting",Aon,,,,,,https://www.analysisgroup.com/careers/,,POST,
2022,Co-Founder,Apex Pricing,,,,,,https://jobs.aon.com/,,POST,
2022,Analyst - Investment Operations,Ares Management Corporation,,Finance & Banking,Finance & Banking,Asset Management,,https://www.aresmgmt.com/about-ares-management-corporation/careers-at-ares,,POST,
2022,Associate - Investment Operations,Ares Management Corporation,,Finance & Banking,Finance & Banking,Asset Management,,https://www.aresmgmt.com/about-ares-management-corporation/careers-at-ares,,POST,
2022,Project Lead,Association of Family Offices in Asia,Government and NGO's/No-Profit Organizations (NPOs),Non-Government Organizations (NGOs),Non-Government Organizations (NGOs),Project  / Program Development,,https://www.familyoffices-asia.com/,,PRE,
2022,Summer Intern,Aurum Equity Partners LLP,,,,,,https://www.aurum.pe/,,PRE,
2022,Finance Intern,"AVIANCE CAPITAL MANAGEMENT, LLC",,,,,,https://www.aviancecapitalpartners.com/,,PRE,
2022,Computational Finance Intern,Axxela Advisory Services,,,,,,https://www.axxela.in/,,PRE,
2022,Academic Tutor,B U Learners,,,,,,NA,,POST,Started during degree
2022,Undergraduate Research Assistant - Internship,Banco Central de Reserva del Perú - BCRP,,,,,,https://www.bcrp.gob.pe/,,PRE,
2022,Customer Service Representative,Bank of Africa,,,,,,https://bank-of-africa.net/en/home/,,PRE,
2022,Customer Service Assistant,Bank of China,,,,,,https://www.bankofchina.com/ca/en/,,PRE,
2022,Research Assistant,Bank of China,,Finance & Banking,Finance & Banking,Research,,https://www.bankofchina.com/ca/en/,,PRE,
2022,Program Development Assistant,BBA Consultants,Consulting,Consulting & Advisory,Project / Program Development,,,https://www.bbaconsultants.com/careers,,POST,
2022,Event Staff & Directional Host,BBW International Event Staff,,"Hospitality & Retail (Food, Service Industries)",Customer Experience and Service Management,,,https://www.bbwinternational.com/careers,,POST,Started during degree
2022,BC Forensics League Lab Assistant,BC Forensics League Association,,Non-Profit Organizations (NPOs),Non-Profit Organizations (NPOs),Project  / Program Development,,https://www.debateon.ca/,,PRE,
2022,BC Academy Summer Camp Head Coach,BC Forensics League Association,,Non-Profit Organizations (NPOs),Non-Profit Organizations (NPOs),Project  / Program Development,,https://www.debateon.ca/,,PRE,
2022,Policy and Research Assistant,"BC Ministry of Advanced Education, Skills and Training",Government and NGO's/No-Profit Organizations (NPOs),Government,Policy,Government,,https://www2.gov.bc.ca/gov/content/governments/organizational-structure/ministries-organizations/ministries/post-secondary-education-and-future-skills,,PRE,
2022,Investment Strategy and Risk Intern,BCI,,Finance & Banking,Asset Management,Internships,,https://www.bci.ca/people/,,PRE,
2022,Financing & Business Development Intern,BDC,Government and NGO's/No-Profit Organizations (NPOs),Finance & Banking,Finance & Banking,Internships,,https://www.bdc.ca/en/careers/,,PRE,
2022,Financing & Business Development Intern,BDC,Government and NGO's/No-Profit Organizations (NPOs),Finance & Banking,Finance & Banking,Internships,,https://www.bdc.ca/en/careers/,,PRE,
2022,Account Manager,BDC,Government and NGO's/No-Profit Organizations (NPOs),Finance & Banking,Wealth management (general banking),,,https://www.bdc.ca/en/careers/,,POST,
2022,Junior Economist,BDC,Government and NGO's/No-Profit Organizations (NPOs),Finance & Banking,Economics,,,https://www.bdc.ca/en/careers/,,PRE,
2022,Junior Accountant,BDO Canada,Consulting,Finance - Corporate Finance,,,,https://www.bdo.ca/careers/,,POST,Started during degree
2022,Intermediate Accountant,BDO Canada,Consulting,Finance - Corporate Finance,,,,https://www.bdo.ca/careers/,,POST,
2022,Senior Accountant,BDO Canada,Consulting,Finance - Corporate Finance,,,,https://www.bdo.ca/careers/,,POST,
2022,Sales Consultant,Bell,,,,,,https://jobs.bell.ca/ca/en,,PRE,
2022,Financial Data Analyst,Bell,,,,,,https://jobs.bell.ca/ca/en,,POST,
2022,Fiber Technician,Bell Technical Solutions,,,,,,https://jobs.bce.ca/viewalljobs/,,PRE,
2022,Team Associate/Barista,Bellden Cafe,Other,Other,,,,https://www.belldencafe.com/,Food Services,PRE,
2022,Accounting Associate,Bench Accounting,,,,,,https://www.bench.co/careers,,PRE,
2022,Sales And Marketing Associate,Blackjack Food Trading Inc.,,,,,,https://blackjackfoodtrading.com/,,PRE,
2022,Podcast Host and Producer,Bleav,,,,,,https://bleav.com/join-our-team/,,POST,Started during degree
2022,Financial Analyst,Blockalicious LLC,,,,,,https://ca.linkedin.com/company/blockalicious,,PRE,
2022,Summer Analyst,Bloomberg NEF,,,,,,https://bloomberg.avature.net/careers/,,PRE,
2022,Commercial Sales Analyst,BMO Commercial Bank,,,,,,https://jobs.bmo.com/ca/en,,POST,
2022,Associate - Treasury & Payment Solutions,BMO Commercial Bank,,,,,,https://jobs.bmo.com/ca/en,,POST,
2022,Assisant Portfolio Manager,BOCI,,,,,,https://www.bocionline.com/en/home/,,PRE,
2022,Undergraduate Student Researcher,Borealis AI,,,,,,https://rbcborealis.com/careers/,,POST,
2022,Business Development and Operations,Bounce,,,,,,https://www.bouncelife.com/student,,POST,
2022,Canadian Campus Operations Manager,Bounce,,,,,,https://www.bouncelife.com/student,,POST,
2022,Junior Database and Research Analyst,BPI INC,,Data Science & Analytics,Data Science & Analytics,Research,,https://www.bpi.com.ph/,,PRE,
2022,Life Cycle Analysis Research Lead,BRIMM,,Environmental and Sustainability (ESG and Climate),Environmental and Sustainability (ESG and Climate),Research,,https://brimm.ubc.ca/,,PRE,
2022,"Project Lead, Climate Change",British Columbia Council for International Cooperation,Government and NGO's/No-Profit Organizations (NPOs),Non-Government Organizations (NGOs),Environmental and Sustainability (ESG and Climate),Project  / Program Development,,https://www.bccic.ca/category/whats-new/opportunities/,,PRE,
2022,Youth League and Programs Manager,Calan Sports,,Recreation and Culture,Project / Program Development,,,https://www.canlansports.com/careers/,,POST,
2022,Referee,Calgary West Soccer Club,Other,Recreation and Culture,Recreation and Culture,,,https://www.calgarywestsoccer.com/,,PRE,
2022,Junior Caller,Call Center Work Learn,,"Hospitality & Retail (Food, Service Industries)",Customer Experience and Service Management,,,,,PRE,
2022,Implementation and Customer Success,Campfire,,,,,,,,POST,
2022,SAR Crew Member,Canadian Coast Guard,Government and NGO's/No-Profit Organizations (NPOs),Other,,,,https://emploisfp-psjobs.cfp-psc.gc.ca/psrs-srfp/applicant/page2440?classificationInfos=&departments=&title=&tab=1&search=Search%20jobs&department=39&officialLanguage=&log=false&toggleLanguage=en,Maritime Safety,PRE,
2022,FP&A Intern,Catalyst LLC,Consulting,,,,,,,PRE,
2022,Finance Assistant,Centre for Cardiovascular Innovation,,Health and Healthcare,Accounting,,,https://cci-cic.org/job-postings/,,PRE,
2022,Research Assistant,Centre for Strategic Futures,,Research,Research,Policy,,https://www.csf.gov.sg/,,PRE,
2022,Summer Analyst,Charles River Associates,Consulting,Consulting & Advisory,Consulting & Advisory,Internships,,https://www.crai.com/cra-careers/,,PRE,
2022,Investment Department,China CITIC Bank,,Finance & Banking,Finance & Banking,,,https://www.cncbinternational.com/careers/en/index.jsp,,PRE,
2022,Customer Services Representative,CIBC,,Finance & Banking,Finance & Banking,Wealth management (general banking),Customer Experience and Service Management,https://www.cibc.com/en/about-cibc/careers.html,,PRE,
2022,Supervisor,Cinnabon,,"Hospitality & Retail (Food, Service Industries)",Customer Experience and Service Management,,,https://careers.cinnabon.com/,,PRE,
2022,International Program Coordinator,Colcocoa,Other,Other,,,,https://www.colcocoa.com.co/,Food Services - Business Development,PRE,
2022,Communications Assistant,Columbia Basin Trust,Government and NGO's/No-Profit Organizations (NPOs),Other,,,,https://ourtrust.org/,Communications,PRE,
2022,Analyst,Cornerstone Research,,,,,,https://www.cornerstone.com/Careers/,,POST,
2022,Research Analyst,Corporate Knights,,,,,,https://corporateknights.com/careers/,,POST,
2022,Senior Research Analyst,Corporate Knights,,,,,,https://corporateknights.com/careers/,,POST,
2022,Senior Intern Analyst,CPP Investments,,,,,,https://www.cppinvestments.com/careers/search-jobs/,,POST,
2022,Analyst Intern,Criterium Group,Consulting,,,,,https://www.linkedin.com/company/criterium-group/?originalSubdomain=ca,,PRE,
2022,Database Administrator,Cypress Capital Management Ltd.,,,,,,https://cypresscap.com/about/,,POST,
2022,Database Administrator,Cypress Capital Management Ltd.,,,,,,https://cypresscap.com/about/,,PRE,
2022,FP&A Customer Success Manager,Datarails,,,,,,https://www.datarails.com/careers/,,POST,
2022,Lifeguard,DC Department of Parks and Recreation,,,,,,https://dpr.dc.gov/page/dpr-employment-opportunities,,PRE,
2022,Consultant,Deloitte,Consulting,Consulting,,,,https://www.deloitte.com/global/en/careers/job-search.html,,POST,
2022,Senior Consultant,Deloitte,Consulting,Consulting,,,,https://www.deloitte.com/global/en/careers/job-search.html,,POST,
2022,Business Technology Analyst,Deloitte,Consulting,Other,,,,https://www.deloitte.com/global/en/careers/job-search.html,Technology,POST,
2022,Consultant,Deloitte,Consulting,Consulting,,,,https://www.deloitte.com/global/en/careers/job-search.html,,POST,
2022,Consultant,Deloitte,,,,,,https://www.deloitte.com/global/en/careers/job-search.html,,POST,
2022,"Senior Consultant, Government and Public Services Solutions",Deloitte,,,,,,https://www.deloitte.com/global/en/careers/job-search.html,,POST,
2022,"Consultant, Public Sector Transformation",Deloitte,Consulting,,,,,https://www.deloitte.com/global/en/careers/job-search.html,,PRE,Started during degree
2022,Economist,Deparment for Health and Social Care,,,,,,,,POST,
2022,Assistant Economist,"Department for Environment, Food and Rural Affairs",,,,,,,,POST,
2022,Student Placement Health Economist,Department of Health and Social Care,Government and NGO's/No-Profit Organizations (NPOs),,,,,,,PRE,
2022,"Project Coordinator- Equity, Diversity, and Inclusion","Department of Pathology and Laboratory Medicine, UBC",,,,,,https://pathology.ubc.ca/job-opportunities/,,PRE,
2022,Front Desk Clerk and Intern,DoubleTree by Hilton,Other,,,,,https://jobs.hilton.com/us/en,Hospitality,PRE,
2022,Pre-Doctoral Research Fellow,Duke University,Academia,Academia,,,,https://home.careers.duke.edu/,,POST,
2022,Marketing Assistant (Dusit Real Foods - KAUAI),Dusit International,,,,,,https://careers.dusit.com/,,PRE,
2022,Dishwasher,Earls Kitchen + Bar,Other,Other,,,,https://earls.ca/careers/,Food Services,PRE,
2022,Co-Founder,E-commerce platform internship,,,,,,NA,,POST,Started during degree
2022,Transfer Agent,Endeavor Trust,,,,,,https://www.endeavortrust.com/,,POST,
2022,Service Agent,Entreprise Rent-A-Car,,,,,,https://www.enterprisemobility.com/en/careers.html?mcid=internal:42072848,,PRE,
2022,Economic Data Scientist,Environics Analytics,,,,,,https://environicsanalytics.com/en-ca/about/careers,,POST,
2022,Policy Analyst,Environment and Climate Change Canada,,,,,,https://www.canada.ca/en/environment-climate-change/corporate/jobs.html,,PRE,
2022,Director of Fundraising,Envision Fundraising,,,,,,https://envisionfundraising.ca/,,POST,Started during degree
2022,Management Consultant,EY,,,,,,https://www.ey.com/en_ca/careers,,POST,
2022,Senior Consultant,EY,,,,,,https://www.ey.com/en_ca/careers,,POST,
2022,Business Consultant with Strategy team at EY India,EY,,,,,,https://www.ey.com/en_ca/careers,,PRE,
2022,Banking Technology Consultant,EY,,,,,,https://www.ey.com/en_ca/careers,,POST,
2022,Summer Intern,EY,,,,,,https://www.ey.com/en_ca/careers,,PRE,
2022,Consultant - Finance Strategy & Transformation,EY,,,,,,https://www.ey.com/en_ca/careers,,POST,
2022,Senior Consultant - Finance Strategy & Transformation,EY,,,,,,https://www.ey.com/en_ca/careers,,POST,
2022,Intern - Finance Stratefy & Transformation,EY,,,,,,https://www.ey.com/en_ca/careers,,PRE,
2022,Business Analyst,Fidelity Canada,,,,,,https://careers.fidelity.ca/en/index/,,POST,
2022,Fundraising Project founder,Fight COVID-19 Fundraising,,,,,,NA,,PRE,
2022,Business Analyst,Fintelics,,,,,,https://www.fintelics.com/careers,,POST,
2022,Mezzanine Financing Intern,First West Capital,Consulting,Other,,,,https://careers.firstwestcu.ca/,Finance - Mezzanine Capital,PRE,
2022,Economists,Fiscal Realities Economists,,,,,,https://www.fiscalrealities.com/,,POST,Started during degree
2022,Junior Economist,Fisheries and Oceans Canada,,,,,,https://www.dfo-mpo.gc.ca/career-carriere/index-eng.html,,PRE,
2022,Business Analyst,FISPAN,,,,,,https://fispan.com/company/careers/,,PRE,
2022,Revenue Operations Analyst,FISPAN,,,,,,https://fispan.com/company/careers/,,PRE,
2022,Strategic Financial Analyst,FISPAN,,,,,,https://fispan.com/company/careers/,,POST,
2022,Salesforce Consultant,Gen25,,,,,,https://www.gen25.com/,,POST,
2022,Senior Salesforce Consultant,Gen25,,,,,,https://www.gen25.com/,,POST,
2022,Research Analyst,Genpact,,,,,,https://www.genpact.com/careers,,PRE,
2022,Trade Commissioner Assistant,Global Affairs Canada,Government and NGO's/No-Profit Organizations (NPOs),,,,,https://international.canada.ca/en/global-affairs/corporate/jobs,,PRE,
2022,Junior Trade Policy Analyst,Global Affairs Canada,Government and NGO's/No-Profit Organizations (NPOs),Health/Policy/Research,,,,https://international.canada.ca/en/global-affairs/corporate/jobs,,PRE,
2022,Junior Trade Analyst,Global Affairs Canada,Government and NGO's/No-Profit Organizations (NPOs),,,,,https://international.canada.ca/en/global-affairs/corporate/jobs,,PRE,
2022,"Senior Analyst, Corporate Development",Gold Royalty Corp.,,,,,,https://www.goldroyalty.com/,,POST,
2022,"Manager, Corporate Development and Investor Relations",Gold Royalty Corp.,,,,,,https://www.goldroyalty.com/,,POST,
2022,Analyst,Goldman Sachs,,,,,,https://www.goldmansachs.com/careers/,,POST,
2022,Barista & Cashier,Gourmet Cup Beverage Station,,,,,,,,PRE,
2022,Park Ranger - BC Parks,Government of British Columbia,Government and NGO's/No-Profit Organizations (NPOs),Other,,,,https://www2.gov.bc.ca/gov/content/careers-myhr/job-seekers/current-job-postings,Outdoor Conservation,PRE,
2022,Various Analyst Roles,Government of Canada,Government and NGO's/No-Profit Organizations (NPOs),,,,,https://www.canada.ca/en/services/jobs/opportunities/government.html,,PRE,
2022,"Supervisor, Baker, Barista and Senior Staff Member",Great Dane Coffee,,,,,,https://www.greatdanecoffee.com/,,PRE,
2022,Youth and Social Media Vounteer,Green Party of Canada,Government and NGO's/No-Profit Organizations (NPOs),,,,,https://www.greenparty.ca/en/careers,,PRE,
2022,Apprentice,GreenPortfolio,,,,,,https://greenportfolio.co/careers/,,PRE,
2022,Salesforce Functional Consultant,Groundswell Cloud Solutions,Other,,,,,https://greenportfolio.com/careers/,IT,POST,
2022,Salesforce Consultant,GyanSys Inc,Other,,,,,https://gscloudsolutions.com/careers/,IT,POST,
2022,Customer Service Agent (Adventure Centre),Harbour Air Seaplanes,,,,,,https://harbourair.com/careers/,,PRE,
2022,Visual Supportive Associate,Harry Rosen,,,,,,https://www.harryrosen.com/en,,PRE,
2022,Operations Associate,Heramb Petroleum,Other,Other,,,,NA,Manufacturing- Operations,POST,
2022,Barista,Honor Coffee,Other,Other,,,,https://ca.linkedin.com/company/honor-coffee,Food Services,PRE,
2022,Equity Financing Intern,"Huatai Securities Co., Ltd.",,,,,,https://www.htsc.com.cn/htzq/investor/en/about.jsp,,PRE,
2022,Sales Associate,Hudson's Bay Company,Other,,,,,NA; Taken down,Retail,PRE,
2022,Equity Analyst and Digital Marketing,ICIC Prudential AMC Ltd.,Finance - Asset Management,,,,,https://www.icicipruamc.com/,,PRE,
2022,Research Assistant - Asia-Pacific Policy,IFC - International Finance Corporation,,,,,,https://www.ifc.org/en/about/careers,,PRE,
2022,Office Administrator,Impact Recruitment,Other,Other,,,,https://impactrecruitment.ca/careers-at-impact/,Recruitment Agency - Administration,PRE,
2022,Executive Assistant,Impact Recruitment,Other,Other,,,,https://impactrecruitment.ca/careers-at-impact/,Recruitment Agency - Administration,POST,Started during degree
2022,Senior Equity Analyst,Imperial College Business School: Student Investment Fund,Wealth Management,Finance - Private Equity,,,,https://www.imperial.ac.uk/business-school/blogs/features/the-student-investment-fund-connecting-students-top-employers/,,POST,
2022,Business Student,Imperial College London,,,,,,https://www.imperial.ac.uk/jobs/,,POST,
2022,Account Manager,Impro.AI,,,,,,https://impro.ai/careers/,,POST,Started during degree
2022,Sales and Marketing Intern,Impro.AI,Consulting,Marketing,,,,https://impro.ai/careers/,,PRE,
2022,Marketing Coordinator,Impro.AI,Consulting,Marketing,,,,https://impro.ai/careers/,,PRE,
2022,Commercial Operations Specialist,Impro.AI,Consulting,,,,,https://impro.ai/careers/,,POST,
2022,Stratergy Intern (virtual),"Incline Investment Advisors, LLC",,,,,,https://www.inclineim.com/careers/,,PRE,
2022,Market Researcher,"Incline Investment Advisors, LLC",,,,,,https://www.inclineim.com/careers/,,PRE,
2022,Junior Policy Analyst,Infrastructure Canada,Government and NGO's/No-Profit Organizations (NPOs),Health/Policy/Research,,,,https://infrastructure.gc.ca/,,PRE,
2022,Business Development Associate,in-House,Government and NGO's/No-Profit Organizations (NPOs),Other,,,,,Business Development,POST,
2022,Data Analyst - Research Area Specialist,Institute for Social Research,Government and NGO's/No-Profit Organizations (NPOs),Data Science,,,,,,POST,
2022,Business Analyst Intern,Inter-Excel Advisory Sdn Bhd,,,,,,https://excelmalaysia.com/career/,,PRE,
2022,Student Intern,Ipsos,Consulting,Health/Policy/Research,,,,https://www.ipsos.com/en/careers,,PRE,
2022,RCS Program Assistant,Iridia Medical,,,,,,https://iridiamedical.com/careers/,,PRE,
2022,Project Assistant,Irving K. Barber Learning Centre,Academia,Academia,,,,https://ikblc.ubc.ca/,,PRE,
2022,Product Marketing Specialist,Jostle,Other,,,,,https://success.jostle.me/careers,Application Development,POST,
2022,Digital Marketing Coordinator,Jostle,,,,,,https://success.jostle.me/careers,,PRE,
2022,Business Analyst  ,Jostle,,,,,,https://success.jostle.me/careers,,PRE,
2022,Business Analyst and Growth Strategist,Jostle,,,,,,https://success.jostle.me/careers,,POST,
2022,Legal Intern,judd Ulrich Scarlett Wickman & Dean P.A.,,,,,,https://uswdlaw.com/,,PRE,
2022,Logistics & Operations Coordinator | Customer Service,Kajuyali,,,,,,https://inscripciones.kajuyali.com/fmi/webd/kajuyali_web?script=aplicantes,,PRE,
2022,Quantitative Research Analyst,Kamorra Capital,Finance - Asset Management,Data Science,,,,https://www.kamorracapital.com/careers,,PRE,
2022,Brand Ambassador,Kaplan Test Prep,Other,Marketing,,,,https://www.kaptest.com/,Education,PRE,
2022,Private Wealth Management Intern,Kiatnakin Phatra Financial Group,,,,,,https://careers.kkpfg.com/,,PRE,
2022,Head Lifeguard and Swim Instructor,Killarney Circle Pool,Other,Other,,,,https://killarneypool.org/index.html,Outdoor Swimming Facility - Aquatic Safety,PRE,
2022,Business Development Associate,Klook,,,,,,https://www.klookcareers.com/,,POST,
2022,Sustainability Associate,Klook,,,,,,https://www.klookcareers.com/,,POST,
2022,Accounts Receivable Specialist,Kuehne+Nagel,,,,,,https://ca.kuehne-nagel.com/en/,,POST,
2022,Marketing Project Manager,Kueis Education Centre,,,,,,https://www.kueis.com/about-us,,PRE,
2022,Startup Project Administration Officer,Launch Path Inc.,,,,,,https://launchpath.ca/,,POST,
2022,Client Services Admin Assistant Co-op,LifeLabs Medical Labratory Services,Other,Other,,,,https://www.lifelabs.com/careers/,Health Care - Hospitality,PRE,
2022,Labs Batch 8 Founder,LOI,,,,,,https://www.theleagueofinnovators.org/,,PRE,
2022,Global Payments Specialist,Lululemon,Other,E-Commerce,E-Commerce,,,https://careers.lululemon.com/en_US/careers,,POST,
2022,"Product Manager, Payments",Lululemon,Other,Technology,Technology,Software Development,,https://careers.lululemon.com/en_US/careers,,POST,
2022,Educator,Lululemon,,"Hospitality & Retail (Food, Service Industries)",Customer Experience and Service Management,,,https://careers.lululemon.com/en_US/careers,,PRE,
2022,Omni and Retail Technology Intern,Lululemon,,Technology,Technology,Information Technology (IT) / Telecommunications,Internships,https://careers.lululemon.com/en_US/careers,,PRE,
2022,Retail Commerce and Payments Specialist,Lululemon,,E-Commerce,E-Commerce,,,https://careers.lululemon.com/en_US/careers,,POST,
2022,Market Research Intern,Madras Consultancy Group,,Consulting & Advisory,Research,,,https://www.consultmcg.com/,,PRE,
2022,Garde Manger,Maple Leaf Tavern,,"Hospitality & Retail (Food, Service Industries)",Customer Experience and Service Management,,,https://www.mapleleaftavern.co/,,POST,
2022,Business Analyst,McKinsey & Company,,Consulting & Advisory,Consulting & Advisory,,,https://www.mckinsey.com/careers/home,,POST,
2022,Summer Business Analyst,McKinsey & Company,,Consulting & Advisory,Consulting & Advisory,Internships,,https://www.mckinsey.com/careers/home,,PRE,
2022,Senior Business Analyst,McKinsey & Company,Consulting,Consulting & Advisory,Consulting & Advisory,,,https://www.mckinsey.com/ca/careers,,POST,
2022,Women in the Workforce Research Fellow,McKinsey & Company,Consulting,Consulting & Advisory,Consulting & Advisory,,,https://www.mckinsey.com/ca/careers,,POST,
2022,Analyst,McKinsey & Company,Consulting,Consulting & Advisory,Consulting & Advisory,,,https://www.mckinsey.com/ca/careers,,POST,Started during degree
2022,Senior Analyst,McKinsey & Company,Consulting,Research,Research,,,https://www.mckinsey.com/ca/careers,,POST,
2022,Fiscal Policy Office Intern,Ministry of Finance Thailand,,Government,Policy,Internships,,https://xn--12cajkc6gxdbcvr9hvak.th/en/home,,PRE,
2022,Strategic Communications Intern,Ministry of Foreign Affairs,,Government,Marketing & Communications,Internships,,,,PRE,
2022,Administrative Manager,MODEL CARGO,,Transportation Services,Administration and Office Management,,,https://www.linkedin.com/company/model-cargo-moovers,,POST,
2022,Head of Logistics & Administration,Model United Nations,,Post-Secondary Institution,Operations and Supply Chain Management,Administration and Office Management,,https://www.munprep.org/mun-career-opportunities/,,PRE,
2022,Wealth Associate,National Bank Financial,Wealth Management,Finance & Banking,Wealth management (general banking),,,https://emplois.bnc.ca/en_CA/careers/home,,POST,
2022,Co-op Intern,National Research Council Canada,Government and NGO's/No-Profit Organizations (NPOs),Research,Research,Internships,,https://nrc.canada.ca/en/corporate/careers,Food Services,PRE,
2022,General Member,"National Residence Hall Honorary, Thunderbird Chapter",,Post-Secondary Institution,Post-Secondary Institution,,,https://www.nrhh.nacurh.org/,,PRE,
2022,Bookkeeper,Nhua 339 Service and Trading Company Limited,,Business & Enterprise,Accounting,,,NA,,PRE,
2022,Management Consultant Intern,Niviera Co.,Consulting,Consulting,,,,https://www.linkedin.com/company/niviera-co./,,PRE,
2022,Carbon Trading Research Assistant,Norman B. Keevil Institute of Mining Engineering,Academia,,,,,https://mining.ubc.ca/people/careers-opportunities,,PRE,
2022,Research Associate,NORML,Government and NGO's/No-Profit Organizations (NPOs),,,,,https://norml.org/norml-internships/,,PRE,
2022,Consultant,Oppos,,,,,,https://getoppos.com/,,POST,
2022,Summer Business Associate,Orbis Investments,Finance - Investment Banking,Finance - Private Equity,,,,https://www.orbis.com/Careers/careers/home,,PRE,
2022,Equity Research Intern,Orient Securities,,,,,,https://www.dfzq.com.cn/osoa/views/english/home/index.shtml,,PRE,
2022,Lifeguard/Receptionist,Overlake Gold & Country Club,Other,Other,,,,https://overlake.club/careers,Hospitality - Aquatic Safety/Administration,PRE,
2022,Consituency Assistant,Parliament of Canada,Government and NGO's/No-Profit Organizations (NPOs),,,,,http://jobs-emplois.parl.ca/,,PRE,
2022,Vice President Logistics,Party Well,,,,,,NA,,PRE,
2022,Barista,"Paul Bakery, Patisserie, Café & Restaurant Canada",,,,,,https://paulrestaurantcafeandbakery.menu-res.com/,,PRE,
2022,Financial Analyst,Pavilion Renewables,,,,,,https://www.pavilion-renewables.com/,,PRE,
2022,Research Assistant,Peter A. Allard School of Law,Health/Policy/Research,,,,,https://allard.ubc.ca/about-us/our-people/careers-allard-law,Economics,PRE,
2022,Vice President of Finance,Place Vanier Residence Association,,,,,,https://www.linkedin.com/company/pvra/?originalSubdomain=ca,,PRE,
2022,Floor Representative,Place Vanier Residence Association,,,,,,https://www.linkedin.com/company/pvra/?originalSubdomain=ca,,PRE,
2022,Financial Advisor and Accountant,Plantish Future,,,,,,https://plantishfuture.com/,,PRE,
2022,Co-Founder,Plufl,,,,,,https://weareplufl.com/,,POST,
2022,Co-Founder,Plufl,,,,,,https://weareplufl.com/,,POST,
2022,Financial Data Analyst,Pomerleau,,,,,,https://jobs.pomerleau.ca/en_US/Jobs,,POST,
2022,Business Officer,Prairies Economic Development Canada,,,,,,https://www.canada.ca/en/prairies-economic-development/corporate/careers.html,,PRE,
2022,Senior Account Executive,Procter & Gamble,Other,,,,,https://www.pgcareers.com/global/en,Consumer Goods,POST,
2022,Business Development Associate,PSO Space,,,,,,https://www.linkedin.com/company/psoacademy,,POST,
2022,Treasury Analyst,PT HM Sampoerna Tbk,,,,,,https://www.sampoerna.com/en/careers,,PRE,
2022,Assistant Accountant,PT. Karunia Besar,,,,,,https://career.karuniagroup.co.id/,,PRE,
2022,Research Intern,Purnartha PMS,,,,,,https://www.purnartha.com/,,PRE,
2022,Strategy Department,PwC,,,,,,https://www.pwc.com/ca/en/careers.html,,PRE,
2022,"Experienced Associate, Workforce of the Future",PwC,,,,,,https://www.pwc.com/ca/en/careers.html,,POST,
2022,"Senior Associate, Consulting",PwC,,,,,,https://www.pwc.com/ca/en/careers.html,,POST,
2022,"Associate, Management Consulting",PwC Canada,Consulting,Consulting,,,,https://jobs-ca.pwc.com/ca/en/home,,POST,
2022,"Analyst, Global Portfolio Management",QuadReal Property Group,,,,,,https://quadreal.com/careers/,,POST,
2022,"Associate, Global Portfolio Management",QuadReal Property Group,,,,,,https://quadreal.com/careers/,,POST,
2022,Administrative Assistant,Quantum Academy,,,,,,https://www.qlearning.ca/,,PRE,
2022,Business Associate,RBC,Wealth Management,Other,,,,https://jobs.rbc.com/ca/en,Operations,PRE,
2022,Innovation Analyst,RBC,Wealth Management,Other,,,,https://jobs.rbc.com/ca/en,Technology,PRE,
2022,"Intern, Data Governance",RBC Capital Markets,Finance - Investment Banking,Data Science,,,,https://www.rbccm.com/en/careers.page,,PRE,
2022,Global Markets Analyst,RBC Capital Markets,,,,,,https://www.rbccm.com/en/careers.page,,POST,
2022,Investment Banking Analyst,RBC Capital Markets,,,,,,https://www.rbccm.com/en/careers.page,,POST,
2022,Quantitative Portfolio Associate,RBC Investments,Wealth Management,Data Science,,,,https://jobs.rbc.com/ca/en,,POST,
2022,Accounting Technician,Refinery Leadership Partners,,,,,,https://refineryleadership.com/careers/,,POST,
2022,Innovation and Operations Intern,Rentek,,,,,,https://www.ren-tek.com/,,PRE,
2022,Property Accounting Intern,RioCan Real Estate Investment Trust,,,,,,https://jobs.lever.co/riocan,,POST,
2022,Baker's Assistant,Safeway,,,,,,https://www.safeway.ca/careers,,PRE,
2022,Head Tennis Coach,Saint Paul Urban Tennis,,,,,,https://www.stpaulurbantennis.org/get-involved,,PRE,
2022,Market Research Intern,Sanctuary AI,,,,,,https://www.sanctuary.ai/careers,,PRE,
2022,Save the K9s Project Head,Save the K9s,,,,,,NA,,PRE,
2022,Service Sector employee,Save-On-Foods,,,,,,https://www.saveonfoods.com/join-our-team,,PRE,
2022,Customer Representative,Scotiabank,,,,,,https://www.scotiabank.com/careers/en/careers.html,,PRE,
2022,Beta Tester,Scrintal,Other,,,,,https://careers.scrintal.com/,IT,PRE,
2022,Digital Marekting & Growth Strategist,Scrintal,Other,,,,,https://careers.scrintal.com/,IT,POST,
2022,Private Tutor,Self-Employed,,,,,,NA,,POST,Started during degree
2022,Game Developer,Self-Employed,Other,,,,,NA,,PRE,
2022,Wedding Planner,Self-employed,Other,,,,,NA,,PRE,
2022,Freelance SAT Math Tutor,Self-EMployed,,,,,,NA,,POST,
2022,Filmmaker and Photographer,Self-Employed,Other,Other,,,,NA,Freelance - Photography,PRE,
2022,Freight Agent,SGC shipping services LLC,,,,,,https://www.linkedin.com/company/sgc-shipping-services/posts/?feedView=all,,PRE,
2022,Marketing Project Manager,"Shanghai Jiaoyun International Logistics Co., Ltd.",,,,,,NA,,PRE,
2022,Equity Research Intern,"Shenwan Hongyuan Securities Co., Ltd.",,,,,,https://www.swhysc.com/securityweb-eng/,,POST,
2022,Front Store Supervisor,Shopper Drug Mart,,,,,,https://corporate.shoppersdrugmart.ca/en/careers-life-at-shoppers/,,POST,Started during degree
2022,Literacy Researcher,Simbi Foundation,Government and NGO's/No-Profit Organizations (NPOs),Health/Policy/Research,,,,https://simbifoundation.org/join-our-team/,,PRE,
2022,Research Advisor,Simbi Foundation,Government and NGO's/No-Profit Organizations (NPOs),Health/Policy/Research,,,,https://simbifoundation.org/join-our-team/,,PRE,
2022,Researcher,Simbi Foundation,,,,,,https://simbifoundation.org/our-work-in-bc/,,POST,
2022,Data Coordinator,Simon Fraser University,,,,,,https://www.sfu.ca/dashboard/careers.html,,POST,
2022,Consultant,Simon-Kucher,,,,,,https://www.simon-kucher.com/en/careers,,POST,
2022,Senior Consultant,Simon-Kucher,,,,,,https://www.simon-kucher.com/en/careers,,POST,
2022,NFL Draft Scout and Writer,Sports Illustrated,,,,,,https://www.jobsinsports.com/c/sports-illustrated/jobs,,POST,Started during degree
2022,Summer Programs Office Administrator,St. Albans School (D.C.),Academia,,,,,https://www.stalbansschool.org/about/employment,,PRE,
2022,Business Development Intern,St. Albans School (D.C.),Academia,,,,,https://www.stalbansschool.org/about/employment,,PRE,
2022,Junior Data Analyst,Statistics Canada,Government and NGO's/No-Profit Organizations (NPOs),Data Science,,,,https://www.statcan.gc.ca/en/job-opportunities,,PRE,
2022,Financial Research Intern,StreetWire,Other,,,,,https://streetwire.net/,Real Estate  ,PRE,
2022,Quantitative Analyst,StreetWise,,,,,,,,PRE,
2022,Server,Suika Japanese Restaurant,,,,,,https://suika-snackbar.com/,,PRE,
2022,Learning and Development Intern,Sun Life,,,,,,https://www.sunlife.ca/en/careers/,,PRE,
2022,Wealth Sales Coordinator,Sun Life Global Investments,,,,,,https://www.sunlifeglobalinvestments.com/en/about-us/careers/,,POST,
2022,Wealth Sales Representative,Sun Life Global Investments,,,,,,https://www.sunlifeglobalinvestments.com/en/about-us/careers/,,POST,
2022,Junior Consultant,Talented Business Solutions Inc,,,,,,https://www.talentedbusiness.ca/index.html,,PRE,
2022,Logistics Intern,TAP Fresh Foods PVT LTD,,,,,,NA,,PRE,
2022,Server,Tapestry,,,,,,,,PRE,
2022,Personal Banking Associate,TD,,,,,,https://careers.td.com/,,POST,
2022,Customer Service Representative,TD,,,,,,https://careers.td.com/,,POST,
2022,Summer Intern,Tech Resources Limited,,,,,,https://www.teck.com/careers/,,PRE,
2022,Head Of Logistics,TEDx,,,,,,https://www.ted.com/about,,PRE,
2022,Sponsorship coordinator,TEDxPune,,,,,,https://www.tedxpune.com/about-us.php,,PRE,
2022,Clinical Operations Associate,TELUS  ,,,,,,https://www.telus.com/en/about/careers,,POST,
2022,"Director of Marketing, Managing Editor","Texans Unfiltered Media, LLC",,,,,,NA; forfeited existence,,POST,Started during degree
2022,"Producer, Manager",The 33rd Team,,,,,,https://www.the33rdteam.com/careers/,,POST,Started during degree
2022,Senior Video Growth Manager,The Athletic,,,,,,https://www.nytimes.com/athletic/careers/,,POST,
2022,Co-Founder,The Charity Cup,Other,,,,,https://thecharitycup.net/,Sports,PRE,
2022,Special Events Coordinator,The Civic Theatre,Other,Other,,,,,Arts & Culture,PRE,
2022,Graduate Research Assistant,The London School of Economics and Political Science (LSE),,,,,,https://info.lse.ac.uk/LSE-jobs,,POST,
2022,Research Assistant,The London School of Economics and Political Science (LSE),Academia,,,,,https://info.lse.ac.uk/LSE-jobs,,PRE,
2022,Finance Intern,The Times of India,Other,,,,,https://timesofindia.indiatimes.com/us,Media Production,PRE,
2022,Research Consultant,The World Bank,Government and NGO's/No-Profit Organizations (NPOs),Consulting,,,,https://www.worldbank.org/en/about/careers,,POST,
2022,"Data Analytics Intern, DIME",The World Bank,Government and NGO's/No-Profit Organizations (NPOs),Data Science,,,,https://www.worldbank.org/en/about/careers,,PRE,
2022,Consultant,The World Bank,Government and NGO's/No-Profit Organizations (NPOs),Consulting,,,,https://www.worldbank.org/en/about/careers,,POST,
2022,Youth Counselor,The Y (YMCA),,,,,,https://www.ymca.ca/en/careers,,PRE,
2022,Business Development Associate,ThePlug Vancouver,,,,,,https://plugvancouver.ca/,,PRE,
2022,Global Monetization Strategy Expert,TikTok,,,,,,https://www.linkedin.com/company/tiktok/jobs/,,POST,
2022,Business Analyst Intern,toCode.ai,,,,,,https://tocode.ai/conversational-platform/,,PRE,
2022,Business Analyst Intern,toCode.ai,,,,,,https://tocode.ai/conversational-platform/,,PRE,
2022,"Associate, Government Advisory",Tony Blair Institute for Global Change,,,,,,https://institute.global/who-we-are/careers,,POST,
2022,Social Media Director,TORJA Inc.,,,,,,https://torja.ca/,,PRE,
2022,Editor,TORJA Inc.,,,,,,https://torja.ca/,,PRE,
2022,Visitor Experience Specialist,Tourism Vancouver,Government and NGO's/No-Profit Organizations (NPOs),Other,,,,,Tourism,PRE,
2022,Corporate Priorities Assistant,Trade & Invest British Columbia,Government and NGO's/No-Profit Organizations (NPOs),,,,,https://www.britishcolumbia.ca/,,PRE,
2022,Business Development Specialist,TUEX International Education,,,,,,https://www.tuex.ca/,,PRE,
2022,Business Development Intern,Türkiye Petrolleri A.O. ,Other,Other,,,,https://tp.gov.tr/?mod=medya,Oil and Gas Production - Business Development,PRE,
2022,Sales Marketing Analyst,TwinsMusic Enterprises,,,,,,https://www.twinsmusicny.com/,,PRE,
2022,Political/Economic Intern,U.S Department of State,Government and NGO's/No-Profit Organizations (NPOs),Health/Policy/Research,,,,https://careers.state.gov/,Economics,PRE,
2022,Intern- Bureau of Western Hemisphere Affairs,U.S. Department of State,,,,,,https://careers.state.gov/,,PRE,
2022,Teaching Assistant,UBC,Academia,Academia,,,,https://hr.ubc.ca/careers,,PRE,
2022,Learning Rover Co-op and Part-time,UBC,Academia,Other,,,,https://hr.ubc.ca/careers,Technology,PRE,
2022,Teaching Assistant,UBC,Academia,Academia,,,,https://hr.ubc.ca/careers,,PRE,
2022,BIE Academic Tutor,UBC,Academia,Academia,,,,https://hr.ubc.ca/careers,,PRE,
2022,UBC Student Ambassador,UBC,Academia,Academia,,,,https://hr.ubc.ca/careers,,POST,Started during degree
2022,Marketing Recruiting Assistant,UBC,Academia,Marketing,,,,https://hr.ubc.ca/careers,,PRE,
2022,Research Assistant,UBC,,,,,,https://hr.ubc.ca/careers,,PRE,
2022,Finance Coordinator,UBC,,,,,,https://hr.ubc.ca/careers,,POST,Started during degree
2022,Research Assistant,UBC,Academia,,,,,https://hr.ubc.ca/careers,,PRE,
2022,UBC Jumpstart Orientation Leader,UBC,,,,,,https://hr.ubc.ca/careers,,PRE,
2022,eRecruitment Co-op Assistant,UBC,,,,,,https://hr.ubc.ca/careers,,PRE,
2022,Data Entry Clerk,UBC,,,,,,https://hr.ubc.ca/careers,,PRE,
2022,Research Assistant,UBC,,,,,,https://hr.ubc.ca/careers,,PRE,
2022,Teaching Assistant,UBC,,,,,,https://hr.ubc.ca/careers,,PRE,
2022,Recruiting Assistant,UBC,,,,,,https://hr.ubc.ca/careers,,POST,Started during degree
2022,Teaching Assistant,UBC,,,,,,https://hr.ubc.ca/careers,,PRE,
2022,Orientation Leader for the Jumpstart program,UBC,,,,,,https://hr.ubc.ca/careers,,PRE,
2022,Teaching Assistant,UBC,,,,,,https://hr.ubc.ca/careers,,PRE,
2022,"UBC Equity and Inclusion Office: Research Assistant, Inclusion Initiatives",UBC,Academia,Academia,,,,https://hr.ubc.ca/careers,,PRE,
2022,Research Assistant,UBC,Academia,Academia,,,,https://hr.ubc.ca/careers,,PRE,
2022,Arts Student Assistant,UBC,,,,,,https://hr.ubc.ca/careers,,PRE,
2022,Teaching Assistant,UBC,,,,,,https://hr.ubc.ca/careers,,PRE,
2022,Research Assistant,UBC,Academia,Academia,,,,https://hr.ubc.ca/careers,Research,PRE,
2022,Quantitative Research Assistant,UBC  ,Academia,,,,,https://hr.ubc.ca/careers,,PRE,
2022,Survey and Data Analystics Team Leads,UBC  ,Academia,Data Science,,,,https://hr.ubc.ca/careers,,PRE,
2022,Data Analystics Team Leads,UBC  ,Academia,Data Science,,,,https://hr.ubc.ca/careers,,PRE,
2022,Residence Advisor,UBC Housing and Hospitality Services,,,,,,https://shcs.ubc.ca/careers/,,PRE,
2022,"Learning Rover, Organizational Change Management Team",UBC Integrated Renewal Program,Academia,Other,,,,https://it.ubc.ca/projects/integrated-renewal-program,Technology,PRE,
2022,"Team Lead, Learning Rovers",UBC Integrated Renewal Program,Academia,Other,,,,https://it.ubc.ca/projects/integrated-renewal-program,Technology,PRE,
2022,International Student Advising Assistant,UBC International Student Development,,,,,,https://facultystaff.students.ubc.ca/student-affairs/international-student-development,,PRE,
2022,English Program Assistant,UBC Learning Exchange,,,,,,https://learningexchange.ubc.ca/2020/03/11/were-hiring/,,PRE,
2022,Research Associate,UBC Office of Regional International Community Engagement (ORICE),Academia,,,,,https://orice.ubc.ca/opportunities/,,PRE,
2022,League Staff (TAHL),UBC Recreation,,,,,,https://recreation.ubc.ca/home/employment/,,PRE,
2022,Head of League Staff and Statistics (TAHL),UBC Recreation,,,,,,https://recreation.ubc.ca/home/employment/,,PRE,
2022,Research Assistant,UBC Sauder School of Business,Academia,Academia,,,,https://www.sauder.ubc.ca/about-ubc-sauder/careers,,PRE,
2022,Teaching Assistant,UBC Sauder School of Business,Academia,Academia,,,,https://www.sauder.ubc.ca/about-ubc-sauder/careers,,PRE,
2022,Special Projects Coordinator (Co-op),UBC Sauder School of Business,Academia,Academia,,,,https://www.sauder.ubc.ca/about-ubc-sauder/careers,,PRE,
2022,Project Assistant,UBC Sauder School of Business,,,,,,https://www.sauder.ubc.ca/about-ubc-sauder/careers,,PRE,
2022,Undergraduate Research Assistant,UBC Sauder School of Business,,,,,,https://www.sauder.ubc.ca/about-ubc-sauder/careers,,PRE,
2022,Project Assistant,UBC Sauder School of Business,,,,,,https://www.sauder.ubc.ca/about-ubc-sauder/careers,,PRE,
2022,Teaching Assistant,UBC Sauder School of Business,,,,,,https://www.sauder.ubc.ca/about-ubc-sauder/careers,,PRE,
2022,Admissions and Office Assistant,UBC Sauder School of Business,,,,,,https://www.sauder.ubc.ca/about-ubc-sauder/careers,,PRE,
2022,Residence Advisor,UBC Student Housing and Hospitality Services,,,,,,https://shcs.ubc.ca/careers/,,PRE,
2022,Head of Hockey Analytics,UBC Thunderbirds and Sports Clubs,,,,,,https://recreation.ubc.ca/sport-clubs/,,POST,
2022,Investment Banking - FX Sales,UBS,Consulting,Finance - Investment Banking,,,,https://www.ubs.com/global/en/careers.html,Banking Services,POST,
2022,Economic Policy Intern- Inclusive Growth,UNDP,,,,,,https://www.undp.org/careers,,PRE,
2022,Student Office Assistant,Unifiller Systems,,,,,,https://www.unifiller.com/career-opportunities,,PRE,
2022,"Junior Adviser, Permanent Mission of Canada to the United Nations in New York City",United Nations,Government and NGO's/No-Profit Organizations (NPOs),,,,,https://careers.un.org/,,PRE,
2022,Event Coordinator,Urban Rec Vancouver,Other,Other,,,,https://vancouver.urbanrec.ca/member/career-opportunities,Sports,PRE,
2022,NFL Writer,USA Today,,,,,,https://jobs.usatoday.com/browse-categories,,POST,
2022,Intern,Versify,,,,,,https://www.versity.com/about/careers/,,PRE,
2022,Assistant Manager,Village Pub,,,,,,,,PRE,
2022,Research Assistant,VSE,Academia,Academia,,,,https://economics.ubc.ca/about/job-opportunities/,,PRE,
2022,Undergraduate Research Assistant,VSE,Academia,Academia,,,,https://economics.ubc.ca/about/job-opportunities/,,PRE,
2022,Program Development Assistant,VSE,Academia,Academia,,,,https://economics.ubc.ca/about/job-opportunities/,,PRE,
2022,Research Assistant,VSE,,,,,,https://economics.ubc.ca/about/job-opportunities/,,PRE,
2022,Undergraduate Research Assistant,VSE,,,,,,https://economics.ubc.ca/about/job-opportunities/,,PRE,
2022,BIE peer academic advisor,VSE,Academia,,,,,https://economics.ubc.ca/about/job-opportunities/,,PRE,
2022,Research Assistant,VSE,,,,,,https://economics.ubc.ca/about/job-opportunities/,,PRE,
2022,Research Assistant,VSE,Academia,,,,,https://economics.ubc.ca/about/job-opportunities/,,PRE,
2022,Research Assistant - Political Economy & International Development,VSE,Academia,,,,,https://economics.ubc.ca/about/job-opportunities/,,PRE,
2022,Program Development Assistant,VSECC,Academia,,,,,https://careercentre.economics.ubc.ca/,,PRE,
2022,Program Lead,VSECC,Academia,,,,,https://careercentre.economics.ubc.ca/,,PRE,
2022,Peer Coach and Program Development Assistant,VSECC,Academia,,,,,https://careercentre.economics.ubc.ca/,,PRE,
2022,Project Manager,VSECC,,,,,,https://careercentre.economics.ubc.ca/,,PRE,
2022,Volunteer Program Coordinator,VSECC,Academia,,,,,https://careercentre.economics.ubc.ca/,,PRE,
2022,Business Development and Events Management Assistant,VSECC,Academia,,,,,https://careercentre.economics.ubc.ca/,,PRE,
2022,Business Analysis,Watson Board Advisors,,,,,,https://www.watsoninc.ca/meet-watson/careers/,,POST,
2022,"Int. Analysis, Network Planning",Wesjet,,,,,,https://www.westjet.com/en-ca/careers,,POST,
2022,Summer Camp Counselor,WinSport,Other,,,,,https://www.winsport.ca/about-us/join-our-team/,,PRE,
2022,Marketing Representative,Wize,,Marketing,,,,,,PRE,
2022,WIA Mentorship Program Mentee,Women in Animation,,,,,,https://wearewia.org/,,PRE,
2022,Investment Management Co-op,WorkSafe BC,,,,,,https://www.worksafebc.com/en/about-us/careers,,PRE,
2022,Research & Insights Assistant,WorkSafe BC,Government and NGO's/No-Profit Organizations (NPOs),Health/Policy/Research,,,,https://www.worksafebc.com/en/about-us/careers,,PRE,
2022,Account Coordinator,XMC - the Official Sponsorship and Experiential Marketing Agency,,,,,,https://www.xmc.ca/careers,,POST,
2022,Teaching Assistant,YMCA Japan,,,,,,https://www.ymcajapan.org/,,PRE,
2022,Rules Planner (External Support),Yoka Games,,,,,,http://www.yokagames.com/,,POST,
2022,Executive Board Member,Youth Hunger Mission Foundation,,,,,,NA,,PRE,
2022,Content Creator,YouTube (self-employed),,,,,,https://www.youtube.com/@TexansThoughts/videos,,POST,Started during degree
2022,Marketing Consultant,Zunzi,,,,,,,,POST,
2021,Sergeant (E-5),"8th Army, U.S. Army",,,,,,https://www.goarmy.com/careers-and-jobs/browse-jobs,,PRE,
2021,Project Portfolio Management Summer Analyst,Abacus Medicine A/S,,,,,,https://abacusmedicinegroup.com/career/,,POST,
2021,Marketing Assistant,Adcote School for Girls,,,,,,https://www.adcoteschool.co.uk/job-vacancies/,,PRE,
2021,Research Intern,AFRIpads,,,,,,https://www.afripads.com/join-the-team/,,PRE,
2021,Bilingual Customer Sales and Service Agent,Air Canada,,,,,,https://careers.aircanada.com/,,PRE,
2021,Growth Marketing Intern ,"Allocadia, an Uptempo company ",,,,,,https://www.uptempo.io/about-uptempo/,,POST,
2021,Software Engineer,AlphaSense,,,,,,https://www.alpha-sense.com/careers/,,POST,
2021,Consulting Analyst,Altman Solon,,,,,,https://www.altmansolon.com/careers/job-opportunities,,POST,
2021,Consultant,Altman Solon,,,,,,https://www.altmansolon.com/careers/job-opportunities,,POST,
2021,Research and Quality Improvement Program Assistant,Alzheimer Society of B.C.,,,,,,https://alzheimer.ca/bc/en/about-us/our-people/career-opportunities,,PRE,
2021,Product Manager,Amazon,,,,,,https://hiring.amazon.ca/,,POST,
2021,Intern,Andrew Wilkinson Leadership Campaign,,,,,,NA,,PRE,
2021,Assistant Vice President,Aon,,,,,,https://jobs.aon.com/,,POST,
2021,Data & Analytics Business Analyst,Aon,,,,,,https://jobs.aon.com/,,POST,
2021,"Risk Associate - Broker, Financial Services Group",Aon,,,,,,https://jobs.aon.com/,,POST,
2021,"Risk Associate - Associate Account Executive, Construction Services Group & Surety",Aon,,,,,,https://jobs.aon.com/,,POST,
2021,"Associate, Investment Consulting",Aon,,,,,,https://jobs.aon.com/,,POST,
2021,Risk Associate - General Practice Broking,Aon,,,,,,https://jobs.aon.com/,,POST,
2021,Mining Account Management,Aon,,,,,,https://jobs.aon.com/,,POST,
2021,Risk Associate - Data and Analytics,Aon,,,,,,https://jobs.aon.com/,,POST,
2021,Barista,Aphrodite's Organic Cafe,,,,,,https://www.organiccafe.ca/,,PRE,
2021,Co-Founder,Aplite Limited,,,,,,https://aplitegroup.com/job-openings,,POST,
2021,Senior Project Analyst,Aritzia,,,,,,https://www.aritzia.com/en/aritzia/corporate-hub/careers/careers-landing-page,,POST,
2021,Student Policy Analyst,Associate Vice Presidient Administration,,,,,,NA,,PRE,
2021,Social Media Marketing Intern,Association of Family Offices in Asia,,,,,,https://www.familyoffices-asia.com/,,PRE,
2021,Data Analyst,Atlas Partners,,,,,,,,POST,
2021,UBC Team Representative and Researcher - Sixth Annual Governor's Challenge,Bank of Canada,,,,,,https://www.bankofcanada.ca/careers/,,PRE,
2021,"Project Assistant, Data Group",BC Childrens Hospital Research Institute,,,,,,https://bcchr.ca/career,,PRE,
2021,"Junior Analyst Co-op, Risk, Surveillance and Analytics",BC Financial Services Authority (BCFSA),,,,,,https://www.bcfsa.ca/about-us/careers,,PRE,
2021,Consultant on Membership Models Analysis Project,BC Food & Beverage,,,,,,https://bcfb.ca/,,POST,
2021,"Summer Student, International Relations and Partnerships",BDC,,,,,,https://www.bdc.ca/en/careers/,,POST,
2021,Accounting Associate,Bench Accounting,,,,,,https://www.bench.co/careers,,PRE,
2021,Lead Portfolio Associate,Bench Accounting,,,,,,https://www.bench.co/careers,,POST,
2021,Accounting Associate,Bench Accounting,,,,,,https://www.bench.co/careers,,POST,
2021,Summer Law Student,"Blake, Cassels & Graydon LLP",,,,,,https://www.joinblakes.com/careers/,,POST,
2021,Due Diligence Officer,BNP Paribas,,,,,,https://group.bnpparibas/en/careers,,POST,
2021,Project Coordinator Intern,Boeing,,,,,,https://jobs.boeing.com/search-jobs,,PRE,
2021,Data Engineer,Boston Consulting Group,,,,,,https://careers.bcg.com/global/en/c/consulting-jobs,,POST,
2021,AI Engineer,Boston Consulting Group,,,,,,https://careers.bcg.com/global/en/c/consulting-jobs,,POST,
2021,Structured Financial Analyst ,Braskem Idesa ,,,,,,https://www.braskem.com/careers,,POST,
2021,Customer Experience Specialist,Brex,,,,,,https://www.brex.com/careers,,POST,
2021,Sales Team Lead,Building Common Good,,,,,,https://buildingcommongood.com/careers/,,POST,
2021,Junior Marketing and Data Analyst,Building Common Good,,,,,,https://buildingcommongood.com/careers/,,POST,
2021,Sales Team Lead,Building Common Good,,,,,,https://buildingcommongood.com/careers/,,POST,
2021,Bakery Utility Clerk,Calgary Co-op,,,,,,https://www.calgarycoop.com/careers/,,PRE,
2021,Law Co-op Student,Camp Fiorante Matthews Mogerman LLP,,,,,,https://www.cfmlawyers.ca/,,POST,
2021,Camp Counsellor,Camp Tanamakoon,,,,,,https://tanamakoon.com/staff/,,PRE,
2021,Associate Vice President Administration,Canadian Intellectual Property Office,,,,,,https://ised-isde.canada.ca/site/canadian-intellectual-property-office/en,,PRE,
2021,High School Coop Student with Legal Counsel,Canadian Nuclear Labratories,,,,,,https://www.cnl.ca/about-cnl/work-with-us/,,PRE,
2021,Product Marketing Intern,Canopy,,,,,,,,PRE,
2021,AHL Special Projects Intern ,Canucks Sports & Entertainement (CSE),,,,,,https://jobs.canucks.com/,,POST,
2021,Internship Trainee,Central Bank of Jordan,,,,,,https://www.cbj.gov.jo/Default/En,,PRE,
2021,Research Analyst,Charter Cities Institute,,,,,,https://chartercitiesinstitute.org/careers/,,POST,
2021,Fixed Income Intern,China Industrial Securities International Financial Group Limited,,,,,,NA,,POST,
2021,Summer ESG Reporting Researcher,City of Calgary,,,,,,https://www.calgary.ca/careers.html,,POST,
2021,Summer Corporate Governance Student Researcher,City of Calgary,,,,,,https://www.calgary.ca/careers.html,,POST,
2021,Client Management Intern,ClearBank,,,,,,https://clear.bank/join-clearbank,,PRE,
2021,Law Clerk,Cleary Gottlieb Steen & Hamilton LLP,,,,,,https://careers-clearygottlieb.icims.com/jobs/search,,POST,
2021,Marketing Associate,Clyx,,,,,,https://clyx.com/landing,,POST,
2021,User Experience Lead,Clyx,,,,,,https://clyx.com/landing,,POST,
2021,Finance & Leasing Intern,CMHC,,,,,,https://careers.cmhc-schl.gc.ca/,,PRE,
2021,Finance Intern,CMHC,,,,,,https://careers.cmhc-schl.gc.ca/,,PRE,
2021,Finance Intern,CMHC,,,,,,https://careers.cmhc-schl.gc.ca/,,PRE,
2021,Co-founder ,Co-founder ,,,,,,NA,,POST,
2021,Business Services Coordinator,Colliers,,,,,,https://www.colliers.com/en/careers,,POST,
2021,Policy Intern,"Committee on Fuel and Energy Complex, Nuclear Policy and Nuclear Safety, Parliament of Ukraines",,,,,,https://www.rada.gov.ua/en/news/News/News%202/78646.html,,PRE,
2021,"Studio Assistant, Startup Studio",Cornell Tech,,,,,,https://tech.cornell.edu/jobs/,,POST,
2021,"Graduate Student Researcher, Urban Tech Hub",Cornell Tech,,,,,,https://tech.cornell.edu/jobs/,,POST,
2021,"Grader, Applied Machine Learning",Cornell Tech,,,,,,https://tech.cornell.edu/jobs/,,POST,
2021,"Grader, Data Science In The Wild",Cornell Tech,,,,,,https://tech.cornell.edu/jobs/,,POST,
2021,Assistant Administrator,Crestwell Realty Inc,,,,,,https://crestwell.com/careers/,,PRE,
2021,Risk Governance Summer Analyst,Danske Bank,,,,,,https://danskebank.com/careers,,PRE,
2021,Portfolio Risk Management Summer Analyst,Danske Bank,,,,,,https://danskebank.com/careers,,PRE,
2021,Summer Associate,Darling Ventures,Finance - Private Equity,,,,,https://www.linkedin.com/company/darling-ventures,,PRE,
2021,Associate,Darling Ventures,Finance - Private Equity,,,,,https://www.linkedin.com/company/darling-ventures,,PRE,
2021,Contributing Author,Delhi Poetry Slam,,,,,,https://www.delhipoetryslam.com/pages/job-application,,POST,
2021,Summer Intern,Deloitte,,,,,,https://www.deloitte.com/global/en/careers/job-search.html,,PRE,
2021,Business Analyst ,Deloitte,,,,,,https://www.deloitte.com/global/en/careers/job-search.html,,POST,
2021,Consultant,Deloitte,,,,,,https://www.deloitte.com/global/en/careers/job-search.html,,POST,
2021,Analyst ,Deloitte,,,,,,https://www.deloitte.com/global/en/careers/job-search.html,,POST,
2021,Financial Advisory Intern,Deloitte Southeast Asia,,,,,,https://jobs.sea.deloitte.com/,,PRE,
2021,Summer Articled Student,Dentons,,,,,,https://www.dentons.com/en/careers,,POST,
2021,Articling Student,Dentons,,,,,,https://www.dentons.com/en/careers,,POST,
2021,Program and Operations Assistant,Disability Foundation,,,,,,https://disabilityfoundation.org/,,PRE,
2021,Co-Founder,Dunsmir Designs Inc,,,,,,NA,,PRE,
2021,Line Cook,Earls Kitchen + Bar,,,,,,https://earls.ca/careers/,,PRE,
2021,Server,Earls Kitchen + Bar,,,,,,https://earls.ca/careers/,,PRE,
2021,Floor Manager,Earls Kitchen + Bar,,,,,,https://earls.ca/careers/,,PRE,
2021,Production Assistant,Early Music Vancouver,,,,,,https://www.earlymusic.bc.ca/about/jobs/,,PRE,
2021,Business Development Representative,Economist Intelligence: EIU,,,,,,https://www.economistintelligence.com/careers/,,POST,
2021,Junior Policy Analyst - Social Finance Fund,Employment and Social Development Canada (ESDC),,,,,,https://www.canada.ca/en/employment-social-development/campaigns/recruitment.html,,POST,
2021,Researcher (Policy Analyst) - Social Finance Fund,Employment and Social Development Canada (ESDC),,,,,,https://www.canada.ca/en/employment-social-development/campaigns/recruitment.html,,POST,
2021,Program Assistant,entrepreneurship@UBC,,,,,,https://sba.ubc.ca/entrepreneurshipubc-eubc,,PRE,
2021,Business Development Specialist (Intern),entrepreneurship@UBC,,,,,,https://sba.ubc.ca/entrepreneurshipubc-eubc,,PRE,
2021,Data Analytics Specialist (Intern),entrepreneurship@UBC,,,,,,https://sba.ubc.ca/entrepreneurshipubc-eubc,,PRE,
2021,Data Analytics & Operations Specialist,entrepreneurship@UBC,,,,,,https://sba.ubc.ca/entrepreneurshipubc-eubc,,PRE,
2021,Lab2Launch Program Associate,entrepreneurship@UBC ,,,,,,https://sba.ubc.ca/entrepreneurshipubc-eubc,,POST,
2021,Head of M&A and Planning,Equipav,,,,,,https://www.equipav.com.br/en/home/,,POST,
2021,Camp Counselor,Evergreen Adventure Camp,,,,,,https://www.camp-evergreen.com/work-at-camp/,,PRE,
2021,Legal Intern,Eversheds Sutherland,,,,,,https://www.eversheds-sutherland.com/en/global/careers/careers-page,,PRE,
2021,M&A Associate ,Exus Management Partners ,,,,,,https://www.exusrenewables.com/,,POST,
2021,EY Future of Mining Winner,EY,,,,,,https://www.ey.com/en_ca/careers,,PRE,
2021,Strategies & Operations Intern,EY,,,,,,https://www.ey.com/en_ca/careers,,PRE,
2021,Consultant - Strategy & Transactions,EY - Parthenon,,,,,,https://www.ey.com/en_gl/careers/parthenon,,POST,
2021,Senior Consultant,EY - Parthenon,,,,,,https://www.ey.com/en_gl/careers/parthenon,,POST,
2021,Consultant - Strategy & Transactions ,EY - Parthenon,,,,,,https://www.ey.com/en_gl/careers/parthenon,,POST,
2021,Associate Consultant,EY - Parthenon,,,,,,https://www.ey.com/en_gl/careers/parthenon,,POST,
2021,Sustainability Analyst,Fidelity Canada,,,,,,https://careers.fidelity.ca/en/index/,,POST,
2021,Business Development Representative,Fidelity Canada,,,,,,https://careers.fidelity.ca/en/index/,,POST,
2021,Business Development Associate,Fidelity Canada,,,,,,https://careers.fidelity.ca/en/index/,,POST,
2021,Business Development Manager,Fidelity Canada,,,,,,https://careers.fidelity.ca/en/index/,,POST,
2021,Senior Business Development Manager,Fidelity Canada,,,,,,https://careers.fidelity.ca/en/index/,,POST,
2021,Senior Business Development Associate,Fidelity Canada,,,,,,https://careers.fidelity.ca/en/index/,,POST,
2021,Business Development Representative,Fidelity Canada,,,,,,https://careers.fidelity.ca/en/index/,,POST,
2021,Business Development Associate,Fidelity Canada,,,,,,https://careers.fidelity.ca/en/index/,,POST,
2021,Senior Business Development Associate,Fidelity Canada,,,,,,https://careers.fidelity.ca/en/index/,,POST,
2021,Sales/Business Operations Analyst,FISPAN,,,,,,https://fispan.com/company/careers/,,PRE,
2021,"Manager, Sales Enablement",FISPAN,,,,,,https://fispan.com/company/careers/,,POST,
2021,Data Analyst,Flip Electronics,,,,,,https://www.flipelectronics.com/Careers,,PRE,
2021,Data Analysis Intern,Flip Electronics,,,,,,https://www.flipelectronics.com/Careers,,PRE,
2021,Private Equity Analyst Intern,Foursan Group,,,,,,https://4san.com/,,PRE,
2021,Waiter,Gastrosmiths,,,,,,,,PRE,
2021,Market Intelligence Analyst Intern,Glen Dimplex Americas,,,,,,https://www.glendimplex.com/en-ie/careers/working-at-glen-dimplex,,POST,
2021,Research Assistant Intern ,Global infrastructure investment bank ,,,,,,https://www.global-infra.com/careers/,,POST,
2021,Junior Fiscal Policy Analyst,Government of Canada,,,,,,https://www.canada.ca/en/services/jobs/opportunities/government.html,,PRE,
2021,"Investment Analyst, Strategic Innovation Fund",Government of Canada,,,,,,https://www.canada.ca/en/services/jobs/opportunities/government.html,,POST,
2021,Summer Law Student,Gowling WLG,,,,,,https://gowlingwlg.com/en/careers,,POST,
2021,Articling Student,Gowling WLG,,,,,,https://gowlingwlg.com/en/careers,,POST,
2021,Tax Compliance Intern,Grant Thornton,,,,,,https://www.grantthornton.com/careers,,PRE,
2021,Membership Coordinator,Greater Vancouver Board of Trade,,,,,,https://www.boardoftrade.com/about/careers,,POST,
2021,Digital Marketing Intern,GUD,,,,,,,,PRE,
2021,Intern of Initial Public Offering Group at Investment Bank Division,"Guotai Junan Securities Co., Ltd",,,,,,https://www.gtja.com/content/gtja_en/home.html,,PRE,
2021,Articling Student,Halton Region  ,,,,,,https://careers.halton.ca/,,POST,
2021,Articling Student,Halton Regional Police Service,,,,,,https://www.haltonpolice.ca/en/join-our-team/civilian-opportunities.aspx,,POST,
2021,Sales & Marketing manager,Hard Pack Magazine,,,,,,https://www.hardpackmagazine.com/pages/about,,POST,
2021,Senior Analyst,Hiive,,,,,,https://www.hiive.com/careers,,POST,
2021,Data Analyst,Hiive,,,,,,https://www.hiive.com/careers,,POST,
2021,Intermediate Analytics Engineer,Hiive,,,,,,https://www.hiive.com/careers,,POST,
2021,Hilti Store Representative,Hilti Canada,,,,,,https://careers.hilti.group/en-ca/,,POST,
2021,Inside Salaes Account Manager ,Hilti Canada ,,,,,,https://careers.hilti.group/en-ca/,,POST,
2021,Investment Advisor Assistant,HollisWealth,,,,,,"NA; acquired by iA financial group, rebranded as Investia and iA Private Wealth",,PRE,
2021,Vice President,HOSA Canada,,,,,,https://hosacanada.org/home/careers/,,PRE,
2021,Social Media Manager,IndepOnline,,,,,,,,PRE,
2021,Intern of the Corporate Finance & Accounting Department,Industrial and Commercial Bank of China,,,,,,https://www.icbc-ltd.com/icbcltd/en,,PRE,
2021,Co-Founder,Inference Health,,,,,,https://www.inference.health/,,POST,
2021,Associate Software Engineer,Infosys,,,,,,https://www.infosys.com/careers.html,,POST,
2021,Co-Founder and COO,InMoving Services Inc.,,,,,,https://ca.linkedin.com/company/immoving-services-inc,,PRE,
2021,Resource Mobilization Associate (REM Strategy Delivery),International Committee of the Red Cross,,,,,,https://careers.icrc.org/go/All-Jobs/3807301/,,POST,
2021,Resource Mobilization Officer (Center of Expertise on Governments),International Committee of the Red Cross,,,,,,https://careers.icrc.org/go/All-Jobs/3807301/,,POST,
2021,Banking Intern,INVESTBANK - Jordan,,,,,,https://www.investbank.jo/careers/,,PRE,
2021,Market & UX Research Intern ,Jet Digital Inc. ,,,,,,https://ca.linkedin.com/company/jet-digital-jetstream,,POST,
2021,Investment Analyst,Kaimo Investments,,,,,,https://www.linkedin.com/company/kaimoinvestments/,,PRE,
2021,Vice President of Finance & Invested Analyst,Kaimo Investments,,,,,,https://www.linkedin.com/company/kaimoinvestments/,,PRE,
2021,Analyst ,Kaimo Investments,,,,,,https://www.linkedin.com/company/kaimoinvestments/,,PRE,
2021,Analyst,Kaimo Investments,,,,,,https://www.linkedin.com/company/kaimoinvestments/,,PRE,
2021,Vice President of Administration,Kaimo Investments,,,,,,https://www.linkedin.com/company/kaimoinvestments/,,PRE,
2021,Co-Founder & Invested Analyst,Kaimo Investments,,,,,,https://www.linkedin.com/company/kaimoinvestments/,,PRE,Started during degree
2021,Data Analysis Intern,Kasi Insight,,,,,,https://www.kasiinsight.com/,,PRE,
2021,Executive Assistant,Kaymo Fastener Co.,,,,,,https://kaymo.com/pages/career,,PRE,
2021,"Product, Marketing & Sales Coordinator",Kaymo Fastener Co.,,,,,,https://kaymo.com/pages/career,,POST,
2021,Procurement Specialist,KCC Silicone Corportaion / Momentive ,,,,,,https://www.kccsilicone.com/eng/kccSiliconeCareer/talent.do,,POST,
2021,Co-Founder,KISCO Coffee,,,,,,,,PRE,
2021,Trading Analyst (Intern),Knowledge International Pte Ltd,,,,,,https://www.knowledgeglobal.sg/,,PRE,
2021,"Senior Consultant, Global Transfer Pricing and Economic Services",KPMG,,,,,,https://kpmg.com/xx/en/careers.html,,POST,
2021,"Database, Sales and Marketing Intern",M.F. Consultants,,,,,,https://mandfconsultants.com/jobs/,,PRE,
2021,Risk Analyst,Marsh McLennan,,,,,,https://careers.marshmclennan.com/,,POST,
2021,Consultant  ,Mastercard Data & Services,,,,,,https://careers.mastercard.com/us/en,,POST,
2021,Refugee Hearing Preparation Supervisor,Matthew House Toronto,,,,,,https://www.matthewhouse.ca/work-with-us,,POST,
2021,Summer intern,mcCallumSather,,,,,,https://www.mccallumsather.com/people/careers/opportunities/,,PRE,
2021,Teaching Assistant,McGill University,,,,,,https://www.mcgill.ca/hr/careers,,POST,
2021,Business Analyst,MDA,,,,,,https://mda.space/careers/,,PRE,
2021,Merchandise Analyst ,Merchandise Analyst ,,,,,,,,POST,
2021,Data Scientist,Metrolinx,,,,,,https://www.metrolinx.com/en/about-us/careers,,POST,
2021,Data Analytics Consultant with Metrolinx - Academic Capstone,Metrolinx,,,,,,https://www.metrolinx.com/en/about-us/careers,,POST,
2021,Credit Officer,Micro Housing Finance Corporation,,,,,,https://www.linkedin.com/company/micro-housing-finance-corporation,,PRE,
2021,Food Expeditor,Modis,,,,,,,,PRE,
2021,Investment Banking Intern - Corporate Finance & Advisory,National Bank of Oman,,,,,,https://www.nbo.om/en/Pages/Careers/Career-Listing.aspx,,PRE,
2021,Investment Banking Intern - Asset Management,National Bank of Oman,,,,,,https://www.nbo.om/en/Pages/Careers/Career-Listing.aspx,,PRE,
2021,Administrative Assistant,Novella Wealth,,,,,,https://novellawealth.com/join-us/,,POST,Started during degree
2021,Associate Advisor,Novella Wealth,,,,,,https://novellawealth.com/join-us/,,POST,
2021,Investment and Acceleration Intern,Oasis500,,,,,,https://oasis500.com/,,PRE,
2021,Financial Analyst,Oreninc,,,,,,https://oreninc.co/,,PRE,
2021,Soldier,Österreichisches Bundesheer (Austrian Armed Forces),,,,,,https://www.jobboerse.gv.at/bundesheer/,,POST,
2021,Online Marketing Intern,Pangram Marketing and Solutions,,,,,,https://www.pangram.com/careers,,PRE,
2021,Building and tinkering,Parametric,,,,,,,,POST,Started during degree
2021,Chief Technology Officer/Founder,Parasol Platforms,,,,,,https://parasolplatforms.com/,,POST,
2021,Research Analyst,Payments Canada,,,,,,https://penderfund.com/careers/,,POST,
2021,Private Equity Intern,PenderFund Capital Management,,,,,,https://penderfund.com/careers/,,PRE,
2021,"Busser, Kitchen Helper and Bartender",Pit Pub& Gallery 2.0,,,,,,https://www.ams.ubc.ca/business/the-pit/,,PRE,
2021,Rotaional Analyst,Powerex,,,,,,https://powerex.com/careers,,POST,
2021,Associate Trader,Powerex,,,,,,https://powerex.com/careers,,POST,
2021,Summer Analyst,Prosight Partners,,,,,,https://prosightpartners.com/,,PRE,
2021,Sourcing Analyst,Provincial Health Services Authority,,,,,,https://www.phsa.ca/Careers/,,POST,
2021,Group Strategic Information Technology (GSIT) Intern,PT Bank Central Asia Tbk,,,,,,https://www.bca.co.id/en/tentang-bca,,PRE,
2021,Business Development Executive,PT Havanna Teguh Sadana,,,,,,https://pe.linkedin.com/company/pt-havanna-teguh-sadana,,POST,
2021,Managing Director,Puni Cleaner,,,,,,https://www.linkedin.com/company/puni-cleaner,,POST,
2021,Senior Associate Consultant,PwC,,,,,,https://www.pwc.com/gx/en/careers.html,,PRE,
2021,M&A Consultant - Deals,PwC Canada,,,,,,https://www.pwc.com/ca/en/careers.html,,POST,
2021,Associate,PwC Canada,,,,,,https://www.pwc.com/ca/en/careers.html,,POST,
2021,Legal Intern,Rabah and Sharaiha Legal Consultants,,,,,,https://rabahlaw.com/,,PRE,
2021,Treasury Prakitkant,Raiffeisen-Landesbank Steiermark,,,,,,https://www.raiffeisen.at/stmk/rlb/de/privatkunden.html,,PRE,
2021,Scrum Master Intern - Corporate Banking,Raiffeisen-Landesbank Steiermark,,,,,,https://www.raiffeisen.at/stmk/rlb/de/privatkunden.html,,PRE,
2021,Technical Systems Analyst Intern,RBC,,,,,,https://jobs.rbc.com/ca/en,,PRE,
2021,Client Advisor Summer Intern,RBC,,,,,,https://jobs.rbc.com/ca/en,,PRE,
2021,Client Advisor,RBC,,,,,,https://jobs.rbc.com/ca/en,,POST,
2021,Banking Advisor,RBC,,,,,,https://jobs.rbc.com/ca/en,,POST,
2021,Business Analyst,RBC,,,,,,https://jobs.rbc.com/ca/en,,PRE,
2021,Finance Intern,RE Royalties Ltd.,,,,,,https://www.reroyalties.com/,,PRE,
2021,Junior Financial Analyst,RE Royalties Ltd.,,,,,,https://www.reroyalties.com/,,PRE,
2021,Executive Marketing Assistant,RE/MAX,,,,,,https://remax.careers/,,PRE,
2021,Behavioural Insights Consultant,Reewild,,,,,,https://reewild.com/jobs/,,POST,
2021,Analyst ,Renew Earth Capital ,,,,,,,,POST,
2021,Airborne Division Translation Specialist,Republic of Korea Army,,,,,,https://www.army.mil.kr/english/index..do,,PRE,
2021,Undergraduate Student Researcher,RWTH Aachen University,,,,,,https://www.rwth-aachen.de/go/id/buym/lidx/1/,,POST,Started during degree
2021,Business Analyst ,Safesidewalks Canada ,,,,,,https://www.safesidewalks.ca/,,POST,
2021,Software Development Intern,SAP,,,,,,https://jobs.sap.com/,,POST,
2021,Founder ,SASHTHETICS FITNESS INC. ,,,,,,NA,,POST,
2021,Prefect,School of Scientific Research,,,,,,,,PRE,
2021,"Analyst, Commercial Banking",Scotiabank,,,,,,https://www.scotiabank.com/careers/en/careers.html,,POST,
2021,"Senior Associate, Technology and Innovation Banking",Scotiabank,,,,,,https://www.scotiabank.com/careers/en/careers.html,,POST,
2021,Tax Administrator,Scotiabank,,,,,,https://www.scotiabank.com/careers/en/careers.html,,PRE,
2021,Investment Analyst,"Shenzhen Capital Group Co., Ltd",,,,,,https://www.szvc.com.cn/en-about,,PRE,
2021,Venture Partner,Shixiang Tech,,,,,,https://www.shixiangtech.com/,,POST,
2021,Market Research Consultant ,Silknode ,,,,,,,,POST,
2021,First Lieutenant,Singapore Armed Forces (SAF),,,,,,,,PRE,
2021,Ground Response Force Officer,Singapore Police Force,,,,,,https://www.police.gov.sg/join-us/police-officer/,,PRE,
2021,Station Security Officer,Singapore Police Force,,,,,,https://www.police.gov.sg/join-us/police-officer/,,PRE,
2021,Co-Founder,Speedy Salad,,,,,,https://www.speedyglass.ca/en/expertise/careers/,,POST,Started during degree
2021,Research  ,Stanford University Graduate School of Business,,,,,,https://www.gsb.stanford.edu/jobs,,POST,Started during degree
2021,Quantitative Economic Analyst,StreetWire,,,,,,https://streetwire.net/,,PRE,Started during degree
2021,Customer Experience Associate,TD,,,,,,https://careers.td.com/,,PRE,
2021,Finance Manager,"Team Dispatch, F1 in Schools",,,,,,https://offthetrack.net/portfolios/,,PRE,
2021,Software Engineer Co-op,Tegus,,,,,,https://www.tegus.com/,,POST,
2021,Fitness and Wellness Consultant ,TELUS Sante ,,,,,,https://www.telus.com/fr/health/personal/accesrendezvous,,POST,
2021,Research Professional,The University of Chicago Booth School of Business,,,,,,https://www.chicagobooth.edu/careers-at-booth,,POST,
2021,Content Specialist,Tilfi,,,,,,https://tilfi.com/pages/careers,,POST,
2021,Senior Orientation Leader ,UBC,,,,,,https://hr.ubc.ca/careers,,PRE,
2021,Orientation Leader ,UBC,,,,,,https://hr.ubc.ca/careers,,PRE,
2021,Teaching Assistant ,UBC,,,,,,https://hr.ubc.ca/careers,,PRE,
2021,Residence Mentor ,UBC,,,,,,https://hr.ubc.ca/careers,,PRE,
2021,Graduate academic Assistant ,UBC,,,,,,https://hr.ubc.ca/careers,,PRE,
2021,Residence Advisor ,UBC,,,,,,https://hr.ubc.ca/careers,,PRE,
2021,Peer Tutor ,UBC,,,,,,https://hr.ubc.ca/careers,,PRE,
2021,Imagine Day Orientation Ledaer,UBC,,,,,,https://hr.ubc.ca/careers,,PRE,
2021,Orientation Leader - JumpStart,UBC,,,,,,https://hr.ubc.ca/careers,,PRE,
2021,Student Consultant,UBC,,,,,,https://hr.ubc.ca/careers,,PRE,
2021,Research Assistant,UBC,,,,,,https://hr.ubc.ca/careers,,PRE,
2021,UBC Calendar Rep,UBC,,,,,,https://hr.ubc.ca/careers,,PRE,
2021,Note-Taker for UBC Students with Disabilities,UBC,,,,,,https://hr.ubc.ca/careers,,PRE,
2021,Research Assistant,UBC,,,,,,https://hr.ubc.ca/careers,,PRE,
2021,Undergraduate Reseach Assistant ,UBC,,,,,,https://hr.ubc.ca/careers,,PRE,
2021,Jump Start Orientation Leader,UBC,,,,,,https://hr.ubc.ca/careers,,PRE,
2021,Undergraduate Research Assistant,UBC,,,,,,https://hr.ubc.ca/careers,,POST,
2021,Teaching Assistant,UBC,,,,,,https://hr.ubc.ca/careers,,POST,Started during degree
2021,Undergraduate Teaching Assistant,UBC,,,,,,https://hr.ubc.ca/careers,,PRE,
2021,Undergraduate Teaching Assistant,UBC,,,,,,https://hr.ubc.ca/careers,,PRE,
2021,Gender Analyst,UBC,,,,,,https://hr.ubc.ca/careers,,PRE,
2021,Undergraduate Research Assistant,UBC  ,,,,,,https://hr.ubc.ca/careers,,POST,
2021,Digital Media Storyteller,UBC Emerging Media Lab,,,,,,https://eml.ubc.ca/work-with-us/,,POST,
2021,Administrative Programmer,UBC Recreation,,,,,,https://recreation.ubc.ca/home/employment/,,PRE,
2021,"Assistant Director, Digital Communications",UBC Recreation,,,,,,https://recreation.ubc.ca/home/employment/,,PRE,
2021,Alumni Event & Project Specialist,UBC Sauder Alumni Engagement Office,,,,,,https://www.sauder.ubc.ca/about-ubc-sauder/careers,,PRE,
2021,Research Assistant,UBC Sauder School of Business,,,,,,https://www.sauder.ubc.ca/about-ubc-sauder/careers,,PRE,
2021,Undergraduate Research Assistant ,UBC Sauder School of Business ,,,,,,https://www.sauder.ubc.ca/about-ubc-sauder/careers,,PRE,
2021,Undergraduate Teaching Assistant ,UBC Sauder School of Business ,,,,,,https://www.sauder.ubc.ca/about-ubc-sauder/careers,,PRE,
2021,Research Assistant,UBC School of Public Policy and Global Affairs,,,,,,https://sppga.ubc.ca/about/opportunities/,,PRE,
2021,"Strategic Operations Manager, Global & Enterprise Merchants",Uber,,,,,,https://www.uber.com/ca/en/careers/,,POST,
2021,"Strategic Operations Manager, Capital Allocation",Uber,,,,,,https://www.uber.com/ca/en/careers/,,POST,
2021,Enterprise Operations - Partnership Analyst ,Uber,,,,,,https://www.uber.com/ca/en/careers/,,POST,
2021,Enterprise Operations Manager ,Uber,,,,,,https://www.uber.com/ca/en/careers/,,POST,
2021,Brand Marketing Intern,Unilever,,,,,,https://www.unilever.com/working-at-unilever/careers/,,PRE,
2021,Political Affairs Intern,United Nations,,,,,,https://careers.un.org/,,POST,
2021,Youth Summer Program Educator,University of Toronto Faculty of Law,,,,,,https://jobs.utoronto.ca/,,POST,
2021,FX Operations Intern,Vancity Community Investment Bank,,,,,,https://www.vancity.com/careers/,,PRE,
2021,Marketing Analyst ,Vermilion Energy ,,,,,,https://www.vermilionenergy.com/careers/,,POST,
2021,Crew Chief,Vertical Construction,,,,,,,,PRE,
2021,Research Assistant,VSE,,,,,,https://economics.ubc.ca/,,PRE,
2021,Research Intern ,VSE,,,,,,https://economics.ubc.ca/,,PRE,
2021,Undergraduate Teaching Assistant,VSE,,,,,,https://economics.ubc.ca/,,PRE,
2021,Marketing Assistant,VSE,,,,,,https://economics.ubc.ca/,,PRE,
2021,Undergraduate Research Assistant,VSE,,,,,,https://economics.ubc.ca/,,PRE,
2021,Research Assistant,VSE,,,,,,https://economics.ubc.ca/,,PRE,
2021,Research Assistant,VSE,,,,,,https://economics.ubc.ca/,,PRE,
2021,Teaching Assistant,VSE,,,,,,https://economics.ubc.ca/,,PRE,
2021,Research and Data Analytics Assistant,VSE,,,,,,https://economics.ubc.ca/,,PRE,
2021,Research Assistant,VSE,,,,,,https://economics.ubc.ca/,,PRE,
2021,Research Assistant,VSE,,,,,,https://economics.ubc.ca/,,POST,Started during degree
2021,Marketing and Events Work Learn ,VSE ,,,,,,https://economics.ubc.ca/,,PRE,
2021,Research Assistant ,VSE ,,,,,,https://economics.ubc.ca/,,PRE,
2021,Research Assistant ,VSE ,,,,,,https://economics.ubc.ca/,,PRE,
2021,Teacher Assistant ,VSE ,,,,,,https://economics.ubc.ca/,,PRE,
2021,Research Intern ,VSE ,,,,,,https://economics.ubc.ca/,,PRE,
2021,Program Development Assistant,VSECC,,,,,,https://careercentre.economics.ubc.ca/,,PRE,
2021,Business Development Assistant,VSECC,,,,,,https://careercentre.economics.ubc.ca/,,PRE,
2021,Events and Marketing Coordinator,VSECC,,,,,,https://careercentre.economics.ubc.ca/,,PRE,
2021,Investment Analyst,Welbec Properties,,,,,,https://www.welbec.com/,,POST,
2021,Senior Investment Analyst,Welbec Properties,,,,,,https://www.welbec.com/,,POST,
2021,"Associate, Commercial Banking",Wells Fargo,,,,,,https://www.wellsfargo.com/about/careers/,,POST,
2021,Portfolio Manager,Wells Fargo,,,,,,https://www.wellsfargo.com/about/careers/,,POST,
2021,Associate Relationship Manager,Wells Fargo,,,,,,https://www.wellsfargo.com/about/careers/,,POST,
2021,Commercial Banking Analyst,Wells Fargo,,,,,,https://www.wellsfargo.com/about/careers/,,POST,
2021,Lead Strategic Marketing Analyst,Wenco International Mining Systems,,,,,,https://www.wencomine.com/careers,,PRE,
2021,Sustainablity Analyst,Wenco International Mining Systems,,,,,,https://www.wencomine.com/careers,,POST,
2021,Property/Asset Management Intern,Westbank Corp,,,,,,https://westbankcorp.com/careers,,PRE,
2021,Junior Revenue & Pricing Analyst,WestJet,,,,,,https://www.westjet.com/en-ca/careers,,POST,
2021,Int. Revenue & Pricing Analyst,WestJet,,,,,,https://www.westjet.com/en-ca/careers,,POST,
2021,Int. Pricing Analyst,WestJet,,,,,,https://www.westjet.com/en-ca/careers,,POST,
2021,Business Development Intern,Whizpace Pte Ltd,,,,,,https://www.whizpace.com/careers,,PRE,
2021,Resource Mobilization Intern,World Food Programme,,,,,,https://www.wfp.org/careers,,POST,
2021,Fixed Income Analyst Intern,中金基金管理有限公司,,,,,,https://baike.baidu.com/item/%E6%8B%9B%E5%95%86%E8%AF%81%E5%88%B8%E8%82%A1%E4%BB%BD%E6%9C%89%E9%99%90%E5%85%AC%E5%8F%B8/684266,,POST,
2021,Investment Banking Intern,招商证券股份有限公司,,,,,,https://baike.baidu.com/item/%E6%8B%9B%E5%95%86%E8%AF%81%E5%88%B8%E8%82%A1%E4%BB%BD%E6%9C%89%E9%99%90%E5%85%AC%E5%8F%B8/684266,,POST,
2020,Analyst - US & Canada,3M,,,,,,https://www.3mcanada.ca/3M/en_CA/careers-ca/,,POST,
2020,Marketing Analytics Specialist - Global,3M,,,,,,https://www.3mcanada.ca/3M/en_CA/careers-ca/,,POST,
2020,Activation Planning Marketer - US & Canada,3M,,,,,,https://www.3mcanada.ca/3M/en_CA/careers-ca/,,POST,
2020,Account Executive,A2Z Workforce Inc,,,,,,http://a2zworkforce.com/,,POST,
2020,Legal Intern - Civil,Alaska Public Defender Agency,,,,,,https://pda.doa.alaska.gov/home/,,POST,
2020,Analyst - Commercial Strategy,Alto,,,,,,https://www.altotrain.ca/en/careers,,POST,
2020,Data Scientist,Altus Group,,,,,,https://careers.altusgroup.com/global/en,,POST,
2020,Account Manager,Amazon,,,,,,https://www.amazon.jobs/en/,,POST,
2020,Partner Manager,Amazon,,,,,,https://www.amazon.jobs/en/,,POST,
2020,Compliance Program Manager,Amazon,,,,,,https://www.amazon.jobs/en/,,POST,Started during degree
2020,Social Responsibility Program Manager,Amazon,,,,,,https://www.amazon.jobs/en/,,POST,
2020,Gap Year Intern,American Enterprise Institute,,,,,,https://www.aei.org/,,POST,
2020,Event Planner,AMS of UBC,,,,,,https://www.ams.ubc.ca/opportunities/jobs/,,PRE,
2020,Customer Service,AMS of UBC,,,,,,https://www.ams.ubc.ca/opportunities/jobs/,,PRE,
2020,Food Services Supervisor,AMS of UBC,,,,,,https://www.ams.ubc.ca/opportunities/jobs/,,PRE,
2020,Customer Service Representative,AMS of UBC,,,,,,https://www.ams.ubc.ca/opportunities/jobs/,,PRE,
2020,Summer Analysis Intern,Analysis Group,,,,,,https://www.analysisgroup.com/careers/,,POST,
2020,Analyst,Analysis Group,,,,,,https://www.analysisgroup.com/careers/,,POST,
2020,Duty Drawback Coordinator,Aritzia,,,,,,https://www.aritzia.com/en/aritzia/corporate-hub/careers/careers-landing-page,,POST,
2020,Inbound Logistics Coordinator,Aritzia,,,,,,https://www.aritzia.com/en/aritzia/corporate-hub/careers/careers-landing-page,,POST,
2020,"Specialist Global Logistics, Inbound",Aritzia,,,,,,https://www.aritzia.com/en/aritzia/corporate-hub/careers/careers-landing-page,,POST,
2020,Awards Coordinator,Ashden,,,,,,https://ashden.org/,,POST,
2020,"Awards, Events and Networks Coordinator",Ashden,,,,,,https://ashden.org/,,POST,
2020,Private Capital Associate,Association of Family Offices in Asia,,,,,,https://www.familyoffices-asia.com/,,POST,
2020,Research Intern,Association of Family Offices in Asia,,,,,,https://www.familyoffices-asia.com/,,POST,
2020,Summer Intern (Finance and Accounting),Axis Bank,,,,,,https://www.axis.bank.in/careers,,PRE,
2020,Clinical Operations Associate,Babylon Health,,,,,,https://www.linkedin.com/company/emedhealthcareuk/,,PRE,i believe company stopped?
2020,Assistant Relationship Manager,Bank of China,,,,,,https://www.bankofchina.com/,,POST,
2020,SDG Mapping Analyst,BC Council for International Cooperation,,,,,,https://www.bccic.ca/fit-job-opportunities/,,PRE,
2020,"Policy Analyst, Global Policies",BC Council for International Cooperation,,,,,,https://www.bccic.ca/fit-job-opportunities/,,PRE,
2020,Economist,BC Public Service,,,,,,https://www2.gov.bc.ca/gov/content/careers-myhr/job-seekers/current-job-postings,,POST,
2020,Equity Research Analyst,BCI,,,,,,https://bci.wd10.myworkdayjobs.com/BCI_Careers,,POST,
2020,Financing Intern,BDC,,,,,,https://www.bdc.ca/en/careers,,PRE,
2020,Summer Intern,BDC,,,,,,https://www.bdc.ca/en/careers,,PRE,
2020,Strategic Projects Analyst,BDC,,,,,,https://www.bdc.ca/en/careers,,PRE,
2020,Summer Analyst - Special Accounts,BDC,,,,,,https://www.bdc.ca/en/careers,,PRE,
2020,Lead Associate,Bench Accounting,,,,,,https://www.bench.co/careers,,POST,
2020,Accounting Associate,Bench Accounting,,,,,,https://www.bench.co/careers,,POST,
2020,Accounting Associate,Bench Accounting,,,,,,https://www.bench.co/careers,,POST,
2020,Lead Portfolio Associate,Bench Accounting,,,,,,https://www.bench.co/careers,,POST,Started during degree
2020,Accounting Associate,Bench Accounting,,,,,,https://www.bench.co/careers,,POST,
2020,Lead Associate,Bench Accounting,,,,,,https://www.bench.co/careers,,POST,
2020,Economist,Big River Analytics,,,,,,https://www.bigriveranalytics.com/careers,,POST,
2020,Faculty Assistant,Brentwood College School,,,,,,https://www.brentwood.ca/careers,,POST,
2020,"Senior Financial Analyst, ESG",Brookefield Asset Management,,,,,,https://www.brookfield.com/careers/life-at-brookfield,,POST,"looks like there's a different page for asset management - but careers goes to the same place, which one?"
2020,Attaché Junior - Economic Affairs,Bureau de Québec à Barcelone,,,,,,https://www.quebec.ca/es/gouvernement/ministeres-organismes/relations-internationales/representations/oficina-quebec-barcelona,,POST,
2020,Strategy Analyst,Cadillac Fairview,,,,,,https://www.cadillacfairview.com/careers/,,POST,
2020,Summer Law Clerk,California Department of Justice,,,,,,https://oag.ca.gov/careers,,POST,
2020,Equity Research Associate,Canalyst,,,,,,https://canalyst.com/careers/,,POST,
2020,Analyst,Capgemini Invent,,,,,,https://www.capgemini.com/careers/,,POST,
2020,Senior Analyst,Capgemini Invent,,,,,,https://www.capgemini.com/careers/,,POST,
2020,Management Consultant,Capgemini Invent,,,,,,https://www.capgemini.com/careers/,,POST,
2020,Associate Analyst,Carbon Limiting Technologies,,,,,,https://carbonlimitingtechnologies.com/careers/,,POST,
2020,Summer Student,Cassidy Levy Kent LLP,,,,,,https://www.cassidylevy.com/careers/,,POST,
2020,Articling Student,Cassidy Levy Kent LLP,,,,,,https://www.cassidylevy.com/careers/,,POST,
2020,International Trade Counsel,Cassidy Levy Kent LLP,,,,,,https://www.cassidylevy.com/careers/,,POST,
2020,Equity Analyst,CGS-CIMB Securities,,,,,,https://www.cgsi.com/careers?lang=EN,,POST,
2020,Business Analyst ,Chappuis Halder & Co. ,,,,,,https://ca.linkedin.com/company/chappuis-halder,,POST,"actual careers website was blocked - was marked as ""high-risk"" by ubc"
2020,Senior Analyst ,Chappuis Halder & Co. ,,,,,,https://ca.linkedin.com/company/chappuis-halder,,POST,"actual careers website was blocked - was marked as ""high-risk"" by ubc"
2020,Summer Intern,Cheng & Cheng Limited,,,,,,https://www.chengcpa.com.hk/career.html,,PRE,
2020,Data Scientist,Chime,,,,,,https://careers.chime.com/en/,,POST,
2020,Wealth Management Summer Analyst,China Construction Bank (Asia),,,,,,https://www.asia.ccb.com/hongkong/personal/banking_channels/online_banking.html,,PRE,
2020,Investment and Research Assistant,China Galaxy Securities Co.,,,,,,https://www.cgsi.com/Home?lang=EN,,PRE,
2020,Leasing Associate,China Resources Land,,,,,,https://en.crland.com.hk/,,POST,
2020,Customer Service Representative,CIBC,,,,,,https://www.cibc.com/en/about-cibc/careers.html,,POST,
2020,Jr Associate - Global Derivatives Technology (Capital Markets),CIBC,,,,,,https://www.cibc.com/en/about-cibc/careers.html,,POST,
2020,"Tech Project Manager & Scrim Master, Simplii Financial",CIBC,,,,,,https://www.cibc.com/en/about-cibc/careers.html,,POST,
2020,"Consultant, Innovation and Strategic Initiatives",CIBC,,,,,,https://www.cibc.com/en/about-cibc/careers.html,,POST,
2020,Private Banking Analyst,Citi,,,,,,https://jobs.citi.com/,,PRE,
2020,Junior Lifeguard Camp Intern,City of San Diego,,,,,,,,PRE,
2020,Lifeguard,Coggan Family Aquatic Complex,,,,,,,,PRE,
2020,Research Analyst ,Corporate Finance Institute® (CFI),,,,,,https://corporatefinanceinstitute.com/about-cfi/careers-at-cfi/,,POST,
2020,Researcher,Corporate Mapping Project,,,,,,https://www.corporatemapping.ca/,,POST,
2020,Communications Manager,Covalent,,,,,,https://www.covalenthq.com/,,POST,
2020,Product Marketing Manager,Covalent,,,,,,https://www.covalenthq.com/,,POST,
2020,Product Manager,Covalent,,,,,,https://www.covalenthq.com/,,POST,
2020,"Senior Intern Analyst, Public Affairs",CPP Investment Board,,,,,,https://www.cppinvestments.com/careers/,,PRE,
2020,Research Analyst,Cumming Group,,,,,,https://cumming-group.com/careers/,,POST,
2020,Senior Consultant,Deloitte ,,,,,,https://www.deloitte.com/ca/en/careers/deloitte-life.html?icid=bn_careers,,POST,
2020,"Consultant, Risk Advisory",Deloitte ,,,,,,https://www.deloitte.com/ca/en/careers/deloitte-life.html?icid=bn_careers,,POST,
2020,"Consultant, Strategy & Operations",Deloitte ,,,,,,https://www.deloitte.com/ca/en/careers/deloitte-life.html?icid=bn_careers,,POST,
2020,Senior Consultant,Deloitte ,,,,,,https://www.deloitte.com/ca/en/careers/deloitte-life.html?icid=bn_careers,,POST,
2020,Investment Banking Intern,DongXing Securities Ltd,,,,,,https://www.linkedin.com/company/dongxing-securities-ltd/,,PRE,
2020,Founder,Doolab International Group,,,,,,https://www.linkedin.com/company/doolab-international-group/,,POST,
2020,Development Manager,EA Sports,,,,,,https://www.ea.com/careers,,POST,
2020,Development Director,EA Sports,,,,,,https://www.ea.com/careers,,POST,
2020,Pedicab Operator,Easy Rider Pedicab,,,,,,https://www.easyriderpedicabs.com/,,PRE,
2020,Research Associate,Economics for Data-Driven Development(Econ3D),,,,,,,,POST,
2020,Sales Advisor,Efficiency Solutions Comfort Services,,,,,,,,PRE,
2020,Strategic Development Trainee,Emco Corporation,,,,,,https://careers.smartrecruiters.com/EMCOCorporation,,POST,
2020,Business Development Manager,Emco Corporation,,,,,,https://careers.smartrecruiters.com/EMCOCorporation,,POST,
2020,Profit Center Manager,Emco Corporation,,,,,,https://careers.smartrecruiters.com/EMCOCorporation,,POST,
2020,Cabin Leader,Evans Lake Forest Education Society,,,,,,https://evanslake.com/get-involved/job-openings/,,PRE,
2020,"Instructor, Co-Manager",Evans Lake Forest Education Society,,,,,,https://evanslake.com/get-involved/job-openings/,,PRE,
2020,Administrative Assistant,Evans Lake Forest Education Society,,,,,,https://evanslake.com/get-involved/job-openings/,,PRE,
2020,Mergers & Acquisitions Trainee,EY,,,,,,https://www.ey.com/en_ca/careers,,PRE,
2020,Ambassador,FLIK - Female Laboratory of Innovative Knowledge,,,,,,https://www.linkedin.com/company/fliklab/,,POST,
2020,Ambassador,FLIK - Female Laboratory of Innovative Knowledge,,,,,,https://www.linkedin.com/company/fliklab/,,POST,
2020,Lead Lifeguard,Forest Park Cabana Club,,,,,,https://www.gomotionapp.com/team/recsvslfpcc/page/jobs,,PRE,
2020,Assistant Pool Manager,Forest Park Cabana Club,,,,,,https://www.gomotionapp.com/team/recsvslfpcc/page/jobs,,PRE,
2020,Banquet Server,Fort Langley Golf Course,,,,,,https://fortlangleygolf.ca/,,PRE,
2020,Banquet Captain,Fort Langley Golf Course,,,,,,https://fortlangleygolf.ca/,,PRE,
2020,"Senior Analyst, Portfolio Management",FundThrough,,,,,,https://www.fundthrough.com/careers/,,POST,
2020,Investment Analyst Intern,Global Macro Concepts,,,,,,https://www.linkedin.com/company/global-macro-concepts-singapore-private-limited/?originalSubdomain=sg,,PRE,
2020,Project Manager,Government of British Columbia,,,,,,https://www2.gov.bc.ca/gov/content/careers-myhr/job-seekers/current-job-postings,,POST,
2020,Intern Analyst,Graceland Habitats Serene LLC,,,,,,,,PRE,can't find a linkedin page... don't think anything that comes up online is correct
2020,Manager,GracelandsHabitats Serene LLC,,,,,,,,POST,
2020,Research Assistant,Grantham Research Institute on Climate Change and the Environment,,,,,,https://www.lse.ac.uk/granthaminstitute/about/vacancies/,,POST,
2020,Consultancy Project Lead,"Groundwork Operations, LLC",,,,,,https://groundworkoperations.com/careers/,,POST,
2020,Assistant Analyst,Guotai Junan Securities Co,,,,,,https://cn.linkedin.com/company/guotai-junan-securities-co.-ltd?trk=public_profile_experience-item_profile-section-card_subtitle-click,,POST,
2020,Event Lifeguard,Happy Swimmers USA Mobile Swim School and Event Lifeguards for Hire,,,,,,https://www.happyswimmers.com/lifeguard-swim-instructor-application/,,PRE,
2020,"Summer Intern, Global Liquidity and Cash Management",HSBC,,,,,,https://www.hsbc.com/careers,,PRE,
2020,"Business Manager, Global Payment Solutions ",HSBC ,,,,,,https://www.hsbc.com/careers,,POST,Started during degree
2020,GLCM Sales Analyst ,HSBC ,,,,,,https://www.hsbc.com/careers,,POST,
2020,"Analyst, Product Management ",HSBC ,,,,,,https://www.hsbc.com/careers,,POST,
2020,"Analyst, Chief Control Office ",HSBC ,,,,,,https://www.hsbc.com/careers,,POST,
2020,Sailor Support Specialist,Hydrovane International Marine,,,,,,https://hydrovane.com/,,POST,
2020,Technical Product Manager,Hydrovane International Marine,,,,,,https://hydrovane.com/,,POST,
2020,Data Scientist,IBM,,,,,,https://www.ibm.com/careers,,POST,
2020,Data Scientist,IBM,,,,,,https://www.ibm.com/careers,,POST,
2020,Market Research Analyst,IDC,,,,,,https://www.idc.com/about/careers/,,POST,
2020,"Intern, Market Research and Analysis",IDC,,,,,,https://www.idc.com/about/careers/,,PRE,
2020,Restaurant Team Member,Ikea Group,,,,,,https://www.ikea.com/,,PRE,
2020,Investment Banking Intern,Innis Capital Ventures,,,,,,,,PRE,can't find a linkedin page... don't think anything that comes up online is correct
2020,Communications and Project Coordinator,INVIRO Engineered Systems Ltd,,,,,,https://www.invirosystems.ca/careers/,,PRE,
2020,Co-founder,Iona Growth Partners,,,,,,https://www.ionagrowth.com/,,POST,
2020,Iona Journal Exchange Writer,Iona Journal of Economics,,,,,,https://www.ionajournal.ca/,,PRE,
2020,Exchange Writer,Iona Journal of Economics,,,,,,https://www.ionajournal.ca/,,PRE,
2020,Senior Editor,Iona Journal of Economics,,,,,,https://www.ionajournal.ca/,,PRE,
2020,Junior Editor,Iona Journal of Economics,,,,,,https://www.ionajournal.ca/,,PRE,
2020,Senior Editor,Iona Journal of Economics,,,,,,https://www.ionajournal.ca/,,PRE,
2020,Investment Finance Student,iXperience CT,,,,,,https://www.ixperience.co/for-university/internships,,PRE,
2020,Customer Service,Jamjar Canteen,,,,,,https://www.jamjarcanteen.ca/,,PRE,
2020,Product Operations Intern,JDT,,,,,,https://www.linkedin.com/company/%E4%BA%AC%E4%B8%9C%E7%A7%91%E6%8A%80/,,POST,
2020,"Analyst, Mortgage Investments",KingSett Capital,,,,,,https://www.kingsettcapital.com/about-us/careers/,,POST,
2020,"Associate, Mortgage Investments",KingSett Capital,,,,,,https://www.kingsettcapital.com/about-us/careers/,,POST,
2020,"Associate Director, Mortgage Investments",KingSett Capital,,,,,,https://www.kingsettcapital.com/about-us/careers/,,POST,
2020,Hostess,Koko's Activity Center,,,,,,,,PRE,closed
2020,Senior ESG Consultant,KPMG,,,,,,https://kpmg.com/ca/en/home/careers.html,,POST,
2020,Senior Consultant,KPMG,,,,,,https://kpmg.com/ca/en/home/careers.html,,POST,Started during degree
2020,Manager,KPMG,,,,,,https://kpmg.com/ca/en/home/careers.html,,POST,
2020,Senior Consultant,KPMG,,,,,,https://kpmg.com/ca/en/home/careers.html,,POST,
2020,"Senior Consultant, Startegy & Operations ",KPMG China ,,,,,,https://kpmg.com/cn/en/home/careers.html,,POST,
2020,"Consultant, Strategy & Operations ",KPMG China ,,,,,,https://kpmg.com/cn/en/home/careers.html,,POST,
2020,Research Intern,Krungsri,,,,,,https://www.krungsri.com/th/campaigns/career-hot-job-2025,,PRE,
2020,Assistant,"Kumon North America, Inc.",,,,,,https://www.kumon.com/careers,,PRE,
2020,Leadership Accelerator Program - Category Management,Labatt Breweries of Canada,,,,,,https://www.labatt.com/en/careers,,POST,
2020,"Category Capabilities Manager, Beer",Labatt Breweries of Canada,,,,,,https://www.labatt.com/en/careers,,POST,
2020,eCommerce Key Account Manager,Labatt Breweries of Canada,,,,,,https://www.labatt.com/en/careers,,POST,
2020,Consultant ,Laura Chen Consulting,,,,,,,,POST,
2020,"Constituency Assistant, MLA John Yap",Legislative Assembly of British Columbia,,,,,,https://www.leg.bc.ca/about/careers,,PRE,
2020,Business Development & Operations Specialist,Lightning HR Solutions,,,,,,https://www.linkedin.com/company/lightninghr-solutions/,,POST,
2020,Global Product Quality Summer Intern,Lululemon,,,,,,https://corporate.lululemon.com/careers,,PRE,
2020,Sales Ambassador ,LUSH,,,,,,https://job-boards.greenhouse.io/lush,,POST,
2020,Sales Ambassador,LUSH Fresh Handmade Cosmetics,,,,,,https://job-boards.greenhouse.io/lush,,PRE,
2020,Sales Ambassador,LUSH Fresh Handmade Cosmetics,,,,,,https://job-boards.greenhouse.io/lush,,PRE,
2020,Senior Financial Analyst - FP&A,Mark Anthony Group,,,,,,https://markanthony.com/careers,,POST,
2020,Market Researcher,"MartriSys Bioscience, Inc.",,,,,,,,PRE,
2020,Associate Managing Consultant,Mastercard Data and Services,,,,,,https://careers.mastercard.com/us/en,,POST,
2020,Consultant,Mastercard Data and Services,,,,,,https://careers.mastercard.com/us/en,,POST,
2020,Data Analytics Developer,Mathematica,,,,,,https://www.mathematica.org/career-opportunities,,POST,
2020,Data Analytics Associate,Mathematica,,,,,,https://www.mathematica.org/career-opportunities,,POST,
2020,Investment Banking Summer Analyst,"MD Global Partners, LLC",,,,,,https://mdgpartners.com/careers/,,POST,
2020,Program Manager,MeaningfulWork,,,,,,,,POST,
2020,Policy Analyst,Metro Vancouver,,,,,,https://metrovancouver.org/about-us/careers,,POST,
2020,Data Science Intern,Millennium,,,,,,https://www.mlp.com/careers/,,POST,Started during degree
2020,Analyst/Data Scientist,Millennium,,,,,,https://www.mlp.com/careers/,,POST,
2020,Senior Digital Strategist,Mobilize Media Group,,,,,,https://mobilize.media/careers,,POST,
2020,Consultant ,Montréal International,,,,,,https://www.montrealinternational.com/en/careers/,,POST,
2020,Junior Financial Analyst - Product Finance,Motorola Solutions,,,,,,https://www.motorolasolutions.com/en_us/about/careers.html,,POST,
2020,Data Analyst ,National Renewable Energy Laboratory ,,,,,,https://www.nrel.gov/careers/,,POST,
2020,Research Associate,NERA Economic Consulting,,,,,,https://www.nera.com/why-nera.html,,POST,
2020,Associate Analyst,NERA Economic Consulting,,,,,,https://www.nera.com/why-nera.html,,POST,
2020,HR Coordinator,Newmont Corporation,,,,,,https://jobs.newmont.com/us/en,,POST,
2020,HR Service Delivery Administrator,Newmont Corporation,,,,,,https://jobs.newmont.com/us/en,,POST,
2020,HR Specialist - Offboarding,Newmont Corporation,,,,,,https://jobs.newmont.com/us/en,,POST,
2020,Senior Benfits Representative,Newmont Corporation,,,,,,https://jobs.newmont.com/us/en,,POST,
2020,"North America Leaves Manager, Interim",Newmont Corporation,,,,,,https://jobs.newmont.com/us/en,,POST,
2020,North America Leaves Manager,Newmont Corporation,,,,,,https://jobs.newmont.com/us/en,,POST,
2020,Intern | Corporate Affairs Team,Newmont Corporation,,,,,,https://jobs.newmont.com/us/en,,PRE,
2020,Canvasser,Ontario PC Party,,,,,,https://ontariopc.ca/#,,PRE,
2020,"Economic Analyst, Equitable Transition",Pembina Institute,,,,,,https://www.pembina.org/careers,,POST,
2020,Intern,PeroxyChem,,,,,,,,PRE,
2020,Junior Business Analyst,PFK Eastern Africa,,,,,,https://www.pkfea.com/careers/,,PRE,
2020,Private Wealth Management Intern,Phatra Securities Plc,,,,,,https://bank.kkpfg.com/en/aboutus/phatra-securities,,PRE,
2020,Stock & Sales Associate,Plenty Stores,,,,,,https://www.getplenty.com/pages/careers,,PRE,
2020,Menswear Department Manager,Plenty Stores,,,,,,https://www.getplenty.com/pages/careers,,PRE,
2020,Marketing Representative,Prep101,,,,,,https://www.prep101.com/careers/,,PRE,
2020,Senior Research Specialist (Economics),Princeton University,,,,,,https://hr.princeton.edu/careers/search-opportunities,,POST,
2020,Research Fellow,Propel Impact,,,,,,https://www.propelimpact.com/careers,,POST,
2020,Impact Investment Associate,Propel Impact,,,,,,https://www.propelimpact.com/careers,,PRE,
2020,Fund Manager,Propel Impact,,,,,,https://www.propelimpact.com/careers,,PRE,
2020,Operations Analyst,Propel Soultions,,,,,,https://propels.ca/careers/,,POST,
2020,Deskside Engagement Analyst,Provincial Health Services Authority,,,,,,https://www.phsa.ca/careers,,POST,
2020,Founder,Purebru Coffee Company,,,,,,,,POST,
2020,Implementation Specialist,Push Operations,,,,,,https://www.pushoperations.com/careers,,POST,
2020,Senior Implementation Specialist,Push Operations,,,,,,https://www.pushoperations.com/careers,,POST,
2020,Consultant Intern,PwC,,,,,,https://jobs-ca.pwc.com/ca/en/home,,POST,
2020,Senior Consultant,PwC Canada,,,,,,https://jobs-ca.pwc.com/ca/en/home,,POST,
2020,Summer Intern,Qatar Insurance Company,,,,,,https://qic-group.com/career-with-us/,,PRE,
2020,"Intern, Research & Strategy",QuadReal Property Group,,,,,,https://quadreal.com/careers/,,POST,
2020,"Analyst, Real Estate Debt Investments",QuadReal Property Group,,,,,,https://quadreal.com/careers/,,POST,
2020,Data Analytics Intern,Quant Marketing,,,,,,https://group.ikano/,,PRE,
2020,Data Engineer,Quantexa,,,,,,https://www.quantexa.com/careers/,,POST,
2020,"Manager, Transformation and Initiatives",RBC ,,,,,,https://jobs.rbc.com/ca/en,,POST,
2020,Senior Project Manager ,RBC ,,,,,,https://jobs.rbc.com/ca/en,,POST,
2020,Summer Intern,RBC Dominion Securities,,,,,,https://www.rbcwealthmanagement.com/en-ca/careers,,PRE,
2020,Private Banking Associate,RBC Wealth Management,,,,,,https://www.rbcwealthmanagement.com/en-us/careers,,PRE,
2020,Finance Intern,RedBlade Software,,,,,,,,PRE,can't find a linkedin page... don't think anything that comes up online is correct
2020,Summer Intern,Reliance Industries Limited,,,,,,https://careers.ril.com/rilcareers/index.aspx,,PRE,
2020,Economic Analyst,Rennie Group,,,,,,https://workforcenow.adp.com/mascsr/default/mdf/recruitment/recruitment.html?cid=9dbdcf16-bc30-4103-b579-2eb20a9558ee&ccId=19000101_000001&lang=en_CA,,POST,
2020,Research Analyst ,Resources for the Future ,,,,,,https://www.rff.org/careers/,,POST,
2020,Sales Development Representative & Team Lead,Riipen,,,,,,https://www.riipen.com/careers,,POST,
2020,Investment Banking Summer Analyst,Rothschild & Co,,,,,,https://www.rothschildandco.com/en/careers/,,POST,
2020,Investment Banking Analyst,Rothschild & Co,,,,,,https://www.rothschildandco.com/en/careers/,,POST,
2020,Mangement Consultant,Royal Embassy Hospitality,,,,,,https://royalembassyhotel.com/,,POST,
2020,Impact & ESG Consultant,SAMETRICA,,,,,,,,POST,i think the company closed
2020,Ballet Instructor,Santa Clara Parks and Recreation,,,,,,https://www.governmentjobs.com/careers/cityofsantaclaraca,,PRE,
2020,SAS Intern,Savills Greater China,,,,,,https://en.savills.com.cn/contact-us/careers.aspx,,POST,
2020,Data Scientist/Engineer,SeamlessMD,,,,,,https://www.seamless.md/company/careers,,POST,
2020,Procurement Intern,Seaspan Corporation,,,,,,https://www.seaspancorp.com/careers/,,PRE,
2020,Senior Research Assistant,Service Canada,,,,,,,,POST,
2020,Socio-Economic Information Analyst,Service Canada,,,,,,,,POST,
2020,Socio-Economic Information Analyst,Service Canada,,,,,,,,POST,
2020,Program Officer,Service Canada,,,,,,,,POST,
2020,Program Officer,Service Canada,,,,,,,,POST,
2020,Investment Assistant,Shangri-La Group,,,,,,https://www.shangri-la.com/group/careers/,,POST,
2020,"Customer-Facing Data Scientist, Solutions Engineering Team",Shaped,,,,,,https://app.dover.com/jobs/shaped,,POST,
2020,"Intern, Real Estate & Asset Management",SilverBirch Hotels & Resorts,,,,,,https://www.silverbirchhotels.com/working-with-us/,,POST,
2020,"Intern, Real Estate & Asset Management",SilverBirch Hotels & Resorts,,,,,,https://www.silverbirchhotels.com/current-opportunities/,,PRE,
2020,Corporate Credit Analyst,Societe Generale,,,,,,https://careers.societegenerale.com/,,POST,
2020,Finance & Marketing Intern,Springtide North Wealth Advisory,,,,,,,,PRE,can't find a linkedin page... don't think anything that comes up online is correct
2020,Partnerships Manager,Student Energy,,,,,,https://studentenergy.org/,,POST,
2020,Senior Partnerships Associate,Student Energy,,,,,,https://studentenergy.org/,,POST,
2020,Managing Director,Suremoney India,,,,,,https://www.suremoney.in/,,POST,
2020,Summer Intern,Syncrude Canada Ltd,,,,,,https://www.linkedin.com/company/syncrude-canada-ltd-/,,PRE,
2020,Packer,TACC Developments,,,,,,https://www.taccdevelopments.com/,,PRE,
2020,Equity Research Associate,Tegus,,,,,,https://www.alpha-sense.com/careers/,,POST,
2020,Equity Research Training Partner,Tegus,,,,,,https://www.alpha-sense.com/careers/,,POST,
2020,Solutions Architect,Tegus,,,,,,https://www.alpha-sense.com/careers/,,POST,
2020,Clinical Operations Shift Lead,TELUS Health,,,,,,https://www.telus.com/en/about/careers/health,,POST,
2020,Clinical Operations Associate,TELUS Health,,,,,,https://www.telus.com/en/about/careers/health,,POST,
2020,Business Development Specialist,Tesla,,,,,,https://www.tesla.com/careers,,PRE,
2020,Climbing Instructor ,The Hive Bouldering Gym ,,,,,,https://www.hiveclimbing.com/careers,,POST,
2020,Associate,The Home Depot,,,,,,https://careers.homedepot.ca/,,PRE,
2020,Private Equity Off-Cycle Analyst,The Invus group,,,,,,https://www.invus.com/,,POST,
2020,Journalist,The Post Millenial,,,,,,https://www.linkedin.com/company/the-post-millennial/,,POST,"question.. this one has a webpage but the careers section links to linkedin, which one do we use?"
2020,Financial Analyst,The Sutherland Group of Companies,,,,,,https://thesutherland.group/careers/,,POST,
2020,Senior Financial Analyst,The Sutherland Group of Companies,,,,,,https://thesutherland.group/careers/,,POST,
2020,Online Project Assistant,UBC,,,,,,https://hr.ubc.ca/careers,,POST,
2020,Research Assistant,UBC,,,,,,https://hr.ubc.ca/careers,,POST,
2020,Teaching Assistant,UBC,,,,,,https://hr.ubc.ca/careers,,POST,
2020,Jumpstart Orientation Leader,UBC,,,,,,https://hr.ubc.ca/careers,,PRE,
2020,Global Ambassador,UBC,,,,,,https://hr.ubc.ca/careers,,PRE,
2020,Undergraduate Research Assistant,UBC,,,,,,https://hr.ubc.ca/careers,,PRE,
2020,Research Assistant,UBC,,,,,,https://hr.ubc.ca/careers,,PRE,
2020,Research Assistant,UBC,,,,,,https://hr.ubc.ca/careers,,PRE,
2020,Orientation Leader,UBC,,,,,,https://hr.ubc.ca/careers,,PRE,
2020,Research Assistant,UBC,,,,,,https://hr.ubc.ca/careers,,PRE,
2020,Sustainability Research Fellow,UBC,,,,,,https://hr.ubc.ca/careers,,PRE,
2020,Research Assistant,UBC,,,,,,https://hr.ubc.ca/careers,,PRE,
2020,Teaching Assistant,UBC,,,,,,https://hr.ubc.ca/careers,,PRE,
2020,Residence Advisor,UBC,,,,,,https://hr.ubc.ca/careers,,PRE,
2020,Research Assistant,UBC,,,,,,https://hr.ubc.ca/careers,,PRE,
2020,Academic Assistant,UBC,,,,,,https://hr.ubc.ca/careers,,PRE,
2020,Research Assistant,UBC,,,,,,https://hr.ubc.ca/careers,,PRE,
2020,"Summer Research Student, Chennai Urban Resilience Program",UBC,,,,,,https://hr.ubc.ca/careers,,PRE,
2020,Project Assistant,UBC,,,,,,https://hr.ubc.ca/careers,,PRE,
2020,Online Project Assistant,UBC,,,,,,https://hr.ubc.ca/careers,,PRE,
2020,Student Assistant at UBC Asian Library,UBC,,,,,,https://hr.ubc.ca/careers,,PRE,
2020,Teaching Assistant,UBC,,,,,,https://hr.ubc.ca/careers,,POST,
2020,Research Assistant,UBC,,,,,,https://hr.ubc.ca/careers,,POST,
2020,"Graduate Academic Assistant, Evaluation and Assessment",UBC Arts Co-Op,,,,,,https://artscoop.ubc.ca/,,POST,
2020,Research Assistant,UBC Sauder Centre for Social Innovation & Impact Investing,,,,,,https://sustain.ubc.ca/about/employment,,PRE,
2020,Teaching Assistant,UBC Sauder School of Business,,,,,,https://www.sauder.ubc.ca/about-ubc-sauder/careers,,PRE,
2020,Technology Rover,UBC Sauder School of Business,,,,,,https://www.sauder.ubc.ca/about-ubc-sauder/careers,,PRE,
2020,Enterprise Account Manager,Uber,,,,,,https://www.uber.com/ca/en/careers/?uclick_id=cdeb9f2f-2ae1-43e5-bbb0-331d041f0ca6,,POST,
2020,Business Risk Specialist,UBS,,,,,,https://www.ubs.com/global/en/careers.html,,POST,
2020,Product Marketing Manager,UMA,,,,,,https://uma.xyz/,,POST,
2020,Research Assistant,Universidad de Piura,,,,,,https://www.udep.edu.pe/,,PRE,
2020,Intern,Upaya Social Ventures,,,,,,https://www.upayasv.org/,,PRE,
2020,Data Engineer ,UrbanLogiq ,,,,,,https://urbanlogiq.rippling-ats.com/,,POST,
2020,Data (Impact Metrcis) Intern,Vancity,,,,,,https://www.vancity.com/careers/,,PRE,
2020,Front of House Volunteer,Vancouver Fashion Week,,,,,,https://www.vanfashionweek.com/careers,,PRE,
2020,Commodities Content Writer,Visual Capitalist ,,,,,,https://www.visualcapitalist.com/careers/,,POST,
2020,Research Assistant,VSE,,,,,,https://economics.ubc.ca/,,PRE,
2020,Undergraduate Research Assistant,VSE,,,,,,https://economics.ubc.ca/,,PRE,
2020,Undergraduate Research Assistant,VSE,,,,,,https://economics.ubc.ca/,,PRE,
2020,Undergraduate Teaching Assistant,VSE,,,,,,https://economics.ubc.ca/,,PRE,
2020,Undergraduate Research Assistant,VSE,,,,,,https://economics.ubc.ca/,,PRE,
2020,Research Assistant,VSE,,,,,,https://economics.ubc.ca/,,PRE,
2020,Teaching Assistant,VSE,,,,,,https://economics.ubc.ca/,,PRE,
2020,Peer Coach,VSECC,,,,,,https://careercentre.economics.ubc.ca/,,PRE,
2020,Data Analyst,WattTime.org,,,,,,https://watttime.org/about-us/careers/,,PRE,
2020,Finance Team,WELL Health Technologies Corp,,,,,,https://well.company/careers-and-culture/,,PRE,
2020,Junior Financial Analyst,WELL Health Technologies Corp.,,,,,,https://well.company/careers-and-culture/,,POST,
2020,Financial Analyst,WELL Health Technologies Corp.,,,,,,https://well.company/careers-and-culture/,,POST,
2020,Senior Financial Analyst - FP&A,WELL Health Technologies Corp.,,,,,,https://well.company/careers-and-culture/,,POST,
2020,"Manager, Budgeting & Financial Reporting",Westbow Group of Companies,,,,,,https://www.westbowgroup.ca/,,POST,
2020,Marketing Intern,Whiteline Activation,,,,,,https://www.careers-page.com/whiteline-group,,PRE,
2020,Swim Coach,Wind N Sea Swim Team,,,,,,https://www.windnseaswimteam.com/page/home,,PRE,
2020,Leadership Program Director,YMCA Camp Kanawana,,,,,,https://www.ymcaquebec.org/en/summer-camp-kanawana/jobs,,PRE,
2020,Technical Sales and Project Manager,Zodiac Hurricane Technologies,,,,,,https://www.linkedin.com/company/zodiac-hurricane-technologies-inc./,,POST,
2019,Consultant/ Climate Policy Analyst,(Freelance),,,,,,,,,
2019,Investments ,AC Ventures ,,,,,,https://acv.vc/about/job/,,,
2019,Flight Attendant,Air Canada Rouge ,,,,,,https://flyrouge.com/ca/en/careers.html,,,
2019,Summer Intern,AllCargo Express Inc.,,,,,,https://allcargoexpress.com/,,,
2019,Office Trainer,AllWest Insurance Services Ltd.,,,,,,https://www.waypoint.ca/join-the-team/,,,
2019,Road Coordinator,AllWest Insurance Services Ltd.,,,,,,https://www.waypoint.ca/join-the-team/,,,
2019,Insurance Agent,AllWest Insurance Services Ltd.,,,,,,https://www.waypoint.ca/join-the-team/,,,
2019,Economist,Alma Economics,,,,,,https://almaeconomics.com/careers/,,,
2019,Activities Chair,Alpha Omicron Pi Beta Kappa Chapter,,,,,,https://ubc.alphaomicronpi.org/,,,
2019,Data Analyst Intern,altaweb AG,,,,,,,,,
2019,Resource Development Assistant ,Alzheimer Society of B.C ,,,,,,https://alzheimer.ca/bc/en,,,
2019,Grad Intern ,Amgen ,,,,,,https://www.amgen.ca/en-ca/careers,,,
2019,Customer Service Representative,AMS of UBC,,,,,,https://www.ams.ubc.ca/opportunities/jobs/,,,
2019,"Co-Found, AMS Mexican Student Association",AMS of UBC,,,,,,https://www.ams.ubc.ca/opportunities/jobs/,,,
2019,Analyst,Analysis Group,,,,,,https://www.analysisgroup.com/careers/,,,
2019,Research Professional,Analysis Group,,,,,,https://www.analysisgroup.com/careers/,,,
2019,English Teaching Assistant ,Anglais en Famille ,,,,,,,,,doesn't exist
2019,Senior Project Manager ,Apply Digital ,,,,,,https://www.applydigital.com/careers/,,,
2019,Project Manager Co-op,Apply Digital ,,,,,,https://www.applydigital.com/careers/,,,
2019,Project Manager Co-op,Apply Digital ,,,,,,https://www.applydigital.com/careers/,,,
2019,Payroll Coordinator ,Aquilini Investment Group Inc. ,,,,,,https://aquilini.startdate.ca/#/,,,
2019,Marketing Intern,"argomall, Inc.",,,,,,https://www.linkedin.com/company/argomall-inc-/,,,
2019,Head of Business Development,Atlas One Digital Secuirities ,,,,,,https://atlasone.ca/,,,
2019,Marketing Trainee,Aujan Industries Iranian Company,,,,,,https://aujan.com/careers/why-work-for-us/,,,
2019,Investment Representative,Aviso Wealth,,,,,,https://www.aviso.ca/en/careers,,,
2019,Client Solutions Officer II,Aviso Wealth,,,,,,https://www.aviso.ca/en/careers,,,
2019,Client Solutions Officer.,Aviso Wealth,,,,,,https://www.aviso.ca/en/careers,,,
2019,Clinical Operations Team Lead,Babylon Health,,,,,,,,,doesn't exist
2019,Clinical Operations Shift Lead,Babylon Health,,,,,,,,,doesn't exist
2019,Clinical Operaitons Associate,Babylon Health,,,,,,,,,doesn't exist
2019,Research Assistant ,Bank of Canada ,,,,,,https://www.bankofcanada.ca/careers/,,,
2019,People and Culture Assistant,BC Children's Hospital Foundation,,,,,,https://www.bcchf.ca/zh-hans/join-team/,,,
2019,Analytics Consultant,BC Hydro,,,,,,https://www.bchydro.com/toolbar/careers.html,,,
2019,Info & Segmentation Analyst,BC Hydro,,,,,,https://www.bchydro.com/toolbar/careers.html,,,
2019,Senior Data Specialist,BC Hydro,,,,,,https://www.bchydro.com/toolbar/careers.html,,,
2019,Marketing Analytics Consultant,BC Hydro,,,,,,https://www.bchydro.com/toolbar/careers.html,,,
2019,Data Analytics Co-op,BC Hydro,,,,,,https://www.bchydro.com/toolbar/careers.html,,,
2019,Senior IRP Analyst,BCIT ,,,,,,https://www.bcit.ca/about/careers/,,,
2019,Junior IRP Analyst,BCIT ,,,,,,https://www.bcit.ca/about/careers/,,,
2019,Corporate Training Programming and Planning Analyst,BCIT ,,,,,,https://www.bcit.ca/about/careers/,,,
2019,Research and Coordination,BCIT ,,,,,,https://www.bcit.ca/about/careers/,,,
2019,"Graduate Research Assistant, Development Innovation Lab",Becker Friedman Institute for Economics,,,,,,https://bfi.uchicago.edu/,,,
2019,Accounting Associate,Bench Accounting,,,,,,https://www.bench.co/careers,,,
2019,"Analyst, FP&A",Benevity,,,,,,https://benevity.com/join-the-team,,,
2019,Total Rewards Analyst,BeyondTrust ,,,,,,https://www.beyondtrust.com/company/overview/careers,,,
2019,Red Cross Babysitting Course Instructor ,Big Dip Productions - First Aid Hero ,,,,,,https://firstaidhero.com/,,,
2019,Graduate Research Assistant,"Birkbeck, University of London",,,,,,https://www.bbk.ac.uk/,,,
2019,Account and Market Planning,Blue Umbrella,,,,,,https://www.blueumbrella.com/careers,,,
2019,Personal Banker,BMO,,,,,,https://jobs.bmo.com/ca/en?icid=tl-FEAT2953BRND4-AJBMOH354,,,
2019,Personal Banking Assistant,BMO,,,,,,https://jobs.bmo.com/ca/en?icid=tl-FEAT2953BRND4-AJBMOH354,,,
2019,Customer Service Representative,BMO,,,,,,https://jobs.bmo.com/ca/en?icid=tl-FEAT2953BRND4-AJBMOH354,,,
2019,Customer Service Represntative,BMO Financial Group,,,,,,https://jobs.bmo.com/ca/en?icid=tl-FEAT2953BRND4-AJBMOH354,,,
2019,Data Scientist,Boeing ,,,,,,https://jobs.boeing.com/location/canada-jobs/185/6251999/2?_gl=1*1vjh572*_ga*NzAyOTExMDIuMTY5OTcyNjI3OA..*_ga_3N2PEGZ4HD*MTcwMTQ2OTY1Mi43LjEuMTcwMTQ3MjQyNy4wLjAuMA..,,,
2019,Associate ,Boston Consulting Group ,,,,,,https://careers.bcg.com/global/en/,,,
2019,Consultant,Boston Consulting Group,,,,,,https://careers.bcg.com/global/en/,,,
2019,Junior Database and Research Analyst,BPI Inc.,,,,,,,,,
2019,COP24 Youth Delegate,British Columbia Council for International Cooperation,,,,,,https://www.bccic.ca/fit-job-opportunities/,,,
2019,Lead Economic Researcher,British Columbia Council for International Cooperation,,,,,,https://www.bccic.ca/fit-job-opportunities/,,,
2019,Business Intelligence Developer,BroadbandTV,,,,,,https://bbtv.com/,,,
2019,Server,Cactus Club Cafe,,,,,,https://www.cactusclubcafe.com/hiring/,,,
2019,Sales Marketing Coordinator,Canada Prime Investment Group,,,,,,https://www.linkedin.com/company/canada-pirme-investment-group/,,,
2019,Analyst,Canadian Intellectual Property Office,,,,,,https://www.canada.ca/en/services/jobs/opportunities/government.html,,,
2019,Researching Reality Intern ,Centre for Civil Society ,,,,,,https://ccs.in/careers,,,
2019,Senior Data Scientist,Charli AI,,,,,,https://charliai.com/,,,
2019,Data Scientist,Charli AI,,,,,,https://charliai.com/,,,
2019,Co-Founder & CPO,Chexy,,,,,,https://chexy.applytojobs.ca/,,,
2019,Research Assistant,China Europe International Business School,,,,,,https://www.ceibs.edu/careers,,,
2019,IBD Intern,"China Galaxy Securities Co., Ltd.",,,,,,https://www.cgsi.com/Home?lang=EN,,,
2019,Strategic Investment Manager,"China General Technology (Group) Holding Co., Ltd.",,,,,,https://www.gt.cn/en/,,,
2019,Financial Service Representative ,CIBC ,,,,,,https://www.cibc.com/en/about-cibc/careers.html,,,
2019,Customer Service Representative ,CIBC ,,,,,,https://www.cibc.com/en/about-cibc/careers.html,,,
2019,Investment Banking Intern,CICC,,,,,,https://www.cibc.com/en/about-cibc/careers.html,,,
2019,Quantitative Analyst Assistant,CICC,,,,,,https://www.cibc.com/en/about-cibc/careers.html,,,
2019,Sales Specialist,CIMET,,,,,,http://cimet.com.au/careers,,,
2019,Investment Banking Intern,CITIC Securities Company Limited,,,,,,https://careers.citics.com/?source=website,,,
2019,Lifeguard,City of Burnaby,,,,,,https://www.burnaby.ca/our-city/get-involved/jobs-and-careers,,,
2019,Data Science for Social Good Research Fellow,City of Surrey,,,,,,https://www.surrey.ca/about-surrey/jobs-careers,,,
2019,Human Resources Intern,CK Hutchison Holdings Ltd.,,,,,,https://www.ckh.com.hk/en/about/career.php,,,
2019,Intern,Clayoquot Biosphere Trust,,,,,,https://clayoquotbiosphere.org/,,,
2019,Summer Associate (Capital Market),Clifford Chance,,,,,,https://www.cliffordchance.com/careers.html,,,
2019,"Co-Founder, Digital Projects Lead",Climate Hub (UBC),,,,,,https://hr.ubc.ca/careers,,,
2019,Pre Doctoral Fellow ,Climate Impact Lab ,,,,,,https://impactlab.org/about/opportunities/,,,
2019,Intermediate Customer Onboarding Specialist,Clio,,,,,,https://www.clio.com/ca/about/careers/,,,
2019,Intermediate Customer Support Specialist,Clio,,,,,,https://www.clio.com/ca/about/careers/,,,
2019,Junior Customer Support Specialist,Clio,,,,,,https://www.clio.com/ca/about/careers/,,,
2019,Junior Analyst,CMLS Financial,,,,,,https://www.cmls.ca/who-we-are/our-people,,,
2019,Seasonal Sales Associate,Coach,,,,,,https://careers.tapestry.com/coach/,,,
2019,Job Site Project Manager,College Pro,,,,,,https://student.collegepro.com/,,,
2019,"Research Assistant, Planning and Evaluation",Columbia Basin Trust,,,,,,https://ourtrust.org/about/careers/,,,
2019,Manufaturer Intelligence Manager ,CVS Health ,,,,,,https://jobs.cvshealth.com/us/en,,,
2019,Campus Recruitment Intern,Daiwa Securities Capital Markets,,,,,,https://us.daiwacm.com/work-for-us/,,,
2019,Product Manger Intern,Dell Techonolgies,,,,,,https://jobs.dell.com/en,,,
2019,Analyst,Deloitte,,,,,,https://careers.deloitte.ca/,,,
2019,Transfer Pricing Manager,Deloitte,,,,,,https://careers.deloitte.ca/,,,
2019,Senior Tax Analyst,Deloitte,,,,,,https://careers.deloitte.ca/,,,
2019,Tax Analyst,Deloitte,,,,,,https://careers.deloitte.ca/,,,
2019,Operations Intern,DHL Supply Chain,,,,,,https://careers.dhl.com/global/en/,,,
2019,Implementation Strategist,Dutchie,,,,,,https://business.dutchie.com/careers,,,???
2019,Server,Earls Kitchen + Bar,,,,,,https://earls.ca/careers/,,,
2019,Data Scientist,"Ecolectro, Inc.",,,,,,https://ecolectro.com/careers/,,,
2019,Sr Economic & Data Analyst,"Ecolectro, Inc.",,,,,,https://ecolectro.com/careers/,,,
2019,Management Trainee-US Consulate General Vancouver,Embassy of Canada to Thailand,,,,,,https://www.international.gc.ca/country-pays/thailand-thailande/bangkok.aspx?lang=eng,,,
2019,Products Innovation,European Computer Telecoms AG,,,,,,https://www.ect-telecoms.com/about-ect/careers,,,
2019,Accountant,Evernest,,,,,,https://evernest.ca/,,,
2019,Project Advisor,Exxon Mobil,,,,,,https://corporate.exxonmobil.com/careers,,,
2019,Project Analyst,Exxon Mobil,,,,,,https://corporate.exxonmobil.com/careers,,,
2019,Finance Intern,EY,,,,,,https://www.ey.com/en_ca/careers,,,
2019,Intern ,Fair Trade Laos,,,,,,https://www.linkedin.com/company/fair-trade-laos/,,,
2019,Data Analyst,Faith Wilson Group,,,,,,https://faithwilson.com/build-your-business/,,,
2019,Intern,Family Planning Association of India,,,,,,https://fpaindia.org/careers/work-with-us,,,
2019,Accounting Services Intern,FCB Global,,,,,,https://www.fcb.com/careers/,,,
2019,Marketing Associate,Ferring International Centre SA,,,,,,https://www.ferring.com/join-us/,,,
2019,"Fund Anaylst, Intern",Fieldhouse Capital Management,,,,,,https://www.fieldhousecap.com/,,,
2019,Student Analyst - Economics/Policy,Finance Canada,,,,,,https://www.canada.ca/en/services/jobs/opportunities/government.html,,,
2019,Database Consultant ,First Steps Health Society ,,,,,,https://www.firststepscanada.org/,,,
2019,"Senior Manager, Ancillary Revenue",Flair Airlines,,,,,,https://workforcenow.adp.com/mascsr/default/mdf/recruitment/recruitment.html?cid=b969f000-deee-43ae-b41e-ea6f47ea7487&ccId=19000101_000001&lang=en_CA,,,
2019,Intern,Foreign and Commonwealth Office,,,,,,https://www.gov.uk/government/organisations/foreign-commonwealth-office,,,
2019,Sales Strategy & Analytics Intern,Franklin Templeton Investments,,,,,,https://www.franklintempleton.ca/en-ca,,,
2019,First Year Summer Student,Gardiner Roberts LLP,,,,,,https://www.grllp.com/page/careers,,,
2019,Trade Commissioner Assistant,Global Affairs Canada,,,,,,https://international.canada.ca/en/global-affairs/corporate/jobs,,,
2019,Digital Strategy Lead,Google,,,,,,https://www.google.com/about/careers/applications/jobs/results#!t=jo&jid=127025001&,,,
2019,Agency Account Strategist,Google,,,,,,https://www.google.com/about/careers/applications/jobs/results#!t=jo&jid=127025001&,,,
2019,Senior Strategist,Google,,,,,,https://www.google.com/about/careers/applications/jobs/results#!t=jo&jid=127025001&,,,
2019,Policy Analyst,Google,,,,,,https://www.google.com/about/careers/applications/jobs/results#!t=jo&jid=127025001&,,,
2019,Techincal Solutionals Specialist,Google,,,,,,https://www.google.com/about/careers/applications/jobs/results#!t=jo&jid=127025001&,,,
2019,Private Equity Analyst,Gopher Asset,,,,,,https://www.gopherasset.com/en-us,,,
2019,Senior Policy Analyst,Government of British Columbia,,,,,,https://www2.gov.bc.ca/gov/content/careers-myhr/job-seekers/current-job-postings,,,
2019,CEO & Co-Founder,Greenlite,,,,,,https://www.greenlite.ai/careers,,,
2019,Waitress,Hanppy Tofu Pot House,,,,,,https://hanppytofupot.com/,,,
2019,Research Analyst,Henslow,,,,,,https://henslow.com/careers/,,,
2019,Team Assistant,"HollisWealth, Scotiabank",,,,,,https://www.scotiabank.com/careers/en/careers.html,,,
2019,General Manager & Financial Consultant,Hotel Bethel Puertra del Cielo,,,,,,https://hotelbethelpuertadelcielo.com-website.com/,,,
2019,Marketing Consultant,Hotel Bethel Puertra del Cielo,,,,,,https://hotelbethelpuertadelcielo.com-website.com/,,,
2019,Sales Manager ,Hotel Bethel Puertra del Cielo,,,,,,https://hotelbethelpuertadelcielo.com-website.com/,,,
2019,Personal Banker,HSBC,,,,,,https://www.hsbc.com/careers,,,
2019,Premium Banker,HSBC,,,,,,https://www.hsbc.com/careers,,,
2019,Personal Banker,HSBC,,,,,,https://www.hsbc.com/careers,,,
2019,Senior Business Operations Analyst,Humi,,,,,,https://www.hsbc.com/careers,,,
2019,Internet Finance Department Intern,ICBC Credit Suisse Asset Management,,,,,,https://www.icbcubs.com.hk/,,,
2019,Analyst Manager,iData Research,,,,,,https://idataresearch.com/careers/,,,
2019,Analyst Team Leader,iData Research,,,,,,https://idataresearch.com/careers/,,,
2019,Senior Research Analyst,iData Research,,,,,,https://idataresearch.com/careers/,,,
2019,Research Analyst,iData Research,,,,,,https://idataresearch.com/careers/,,,
2019,Sales Analyst Team Leader,iData Research ,,,,,,https://idataresearch.com/careers/,,,
2019,Senior Research analyst ,iData Research ,,,,,,https://idataresearch.com/careers/,,,
2019,Research Analyst ,iData Research ,,,,,,https://idataresearch.com/careers/,,,
2019,Global Science and Academic Analyst Intern,Illuminate Consuling Group,,,,,,https://www.illuminateconsultinggroup.biz/jobs-internships/,,,
2019,Business Analyst,Imperial Oil,,,,,,https://www.imperialoil.ca/careers/careers,,,
2019,Systems Controls Analyst,Imperial Oil,,,,,,https://www.imperialoil.ca/careers/careers,,,
2019,Business Development Associate,InGenius Prep,,,,,,https://ingeniusprep.com/careers/,,,
2019,Senior Advisor,"Innovation, Science, and Economic Development Canada",,,,,,https://ised-isde.canada.ca/site/job-opportunities/en,,,
2019,Policy Analyst,"Innovation, Science, and Economic Development Canada",,,,,,https://ised-isde.canada.ca/site/job-opportunities/en,,,
2019,Researcher,Institute for Health Metrics and Evalutation,,,,,,https://www.healthdata.org/about/careers,,,
2019,Post-Bachelor Fellow,Institute for Health Metrics and Evalutation,,,,,,https://www.healthdata.org/about/careers,,,
2019,Analyst,InterVISTAS Consulting,,,,,,https://www.intervistas.com/careers/,,,
2019,Summer Analyst ,InterVISTAS Consulting ,,,,,,https://www.intervistas.com/careers/,,,
2019,Associate,Invictus Accounting Group LLP,,,,,,https://www.invictusaccounting.com/careers/,,,
2019,Program Assistant,JiZhongZhi Science and Tech Co. Ltd.,,,,,,https://www.jotun.com/ww-en/about-jotun/career/join-us,,,
2019,Customer Service Representative,Jotun,,,,,,,,,
2019,Consultant,Kearney,,,,,,https://www.kearney.com/careers,,,
2019,Technician,Kerkhoff Techonologies Inc.,,,,,,https://www.improvingit.ca/careers,,,
2019,Archival Assistant and Cultural Interpreter,Kilby General Store Museum,,,,,,https://kilby.ca/experience/general-store-museum/,,,
2019,Office Administator ,Kings Auto Lease LTd.,,,,,,https://www.kingsautolease.com/,,,
2019,Senior Consultant,KPMG,,,,,,https://kpmg.com/ca/en/home/careers.html,,,
2019,Consultant,KPMG,,,,,,https://kpmg.com/ca/en/home/careers.html,,,
2019,"Manager, Transfer Pricing Consulting",KPMG,,,,,,https://kpmg.com/ca/en/home/careers.html,,,
2019,"Manager, Global Transfer Pricing and Economic Services",KPMG,,,,,,https://kpmg.com/ca/en/home/careers.html,,,
2019,"Senior Consultant, Global Transfer Pricing & Economic Services",KPMG,,,,,,https://kpmg.com/ca/en/home/careers.html,,,
2019,Management Consultant,KPMG,,,,,,https://kpmg.com/ca/en/home/careers.html,,,
2019,Capital Markets Associate,Lending Loop,,,,,,https://www.bankonloop.com/en-ca/careers,,,
2019,Wealth Management Representative,Lending Loop,,,,,,https://www.bankonloop.com/en-ca/careers,,,
2019,Youth Council Coordinator ,Little Mountain Neighborhood House ,,,,,,https://www.lmnhs.bc.ca/careers/,,,
2019,Day Camp Counsellor ,Little Mountain Neighborhood House ,,,,,,https://www.lmnhs.bc.ca/careers/,,,
2019,Customer Support Analyst Intern,Looker,,,,,,https://www.linkedin.com/company/looker/,,,
2019,Administrative Assistant ,Luangpaseuth Corporation Sole Co ltd ,,,,,,,,,
2019,"Senior Auditor, Global Risk and Advisory Services",Lululemon,,,,,,https://careers.lululemon.com/en_US/careers,,,
2019,Key Account Manager,Mark Anthony Group,,,,,,https://markanthony.com/careers,,,
2019,Associate Key Manager,Mark Anthony Group,,,,,,https://markanthony.com/careers,,,
2019,Field Sales,Mark Anthony Group,,,,,,https://markanthony.com/careers,,,
2019,HR Technology Coordinator ,Mark Anthony Group,,,,,,https://markanthony.com/careers,,,
2019,Policy Lab,Max Bell School of Public Policy,,,,,,https://www.mcgill.ca/maxbellschool/careers,,,
2019,Senior Business Analyst,McKinsey & Company,,,,,,https://www.mckinsey.com/careers/home,,,
2019,Business Analyst,McKinsey & Company,,,,,,https://www.mckinsey.com/careers/home,,,
2019,Analyst,McKinsey & Company,,,,,,https://www.mckinsey.com/careers/home,,,
2019,Product Lead,Meta,,,,,,https://www.metacareers.com/,,,
2019,Product Manager,Meta,,,,,,https://www.metacareers.com/,,,
2019,User Expirience Designer ,Microsoft,,,,,,https://careers.microsoft.com/v2/global/en/home.html,,,
2019,Business Development Representative,Mobify,,,,,,https://mobify.tech/career,,,
2019,Fund Manager ,National Social Value Fund ,,,,,,,,,
2019,Associate ,National Social Value Fund ,,,,,,,,,
2019,Project Manager,Navius Research Inc.,,,,,,https://www.naviusresearch.com/careers/,,,
2019,Analyst,Navius Research Inc.,,,,,,https://www.naviusresearch.com/careers/,,,
2019,Public Market Summer Analyst,NOAH HOLDINGS,,,,,,https://ir.noahgroup.com/,,,
2019,Support and Community Outreach Assisstant,North Shore Women's Centre,,,,,,https://www.northshorewomen.ca/,,,
2019,Statistician,OECD-OCDE,,,,,,https://www.oecd.org/en/about/careers.html,,,
2019,Junior Policy Analyst,OECD-OCDE,,,,,,https://www.oecd.org/en/about/careers.html,,,
2019,Trainee,OECD-OCDE,,,,,,https://www.oecd.org/en/about/careers.html,,,
2019,Delivery Manager,Orbis Investments,,,,,,https://www.orbis.com/careers/careers/home,,,
2019,Investment Operations Associate,Orbis Investments,,,,,,https://www.orbis.com/careers/careers/home,,,
2019,Serving Assistant,Original Joe's Restaurant and Bar,,,,,,https://www.originaljoes.ca/en/join-our-team.html,,,
2019,Associate Director,Oxford Seed Fund,,,,,,https://www.sbs.ox.ac.uk/about-us/our-people/work-us,,,
2019,Strategic Advisor,Oxford Strategy Group,,,,,,https://www.oxfordstrategygroup.com/apply,,,
2019,Impact Evaluation Analyst,Pacific Community Resources Society (PCRS),,,,,,https://pcrs.ca/join-our-team/,,,
2019,President,Pacific Educational Access for Kids,,,,,,https://pcrs.ca/join-our-team/,,,
2019,VP of Public Relation,Pacific Educational Access for Kids,,,,,,https://pcrs.ca/join-our-team/,,,
2019,Public Relations Coordinator,Pacific Educational Access for Kids,,,,,,https://pcrs.ca/join-our-team/,,,
2019,Product Manger,Paxos,,,,,,https://www.paxos.com/careers,,,
2019,Senior Associate,PhoenixTree Capital,,,,,,https://www.linkedin.com/company/phoenixtree-capital/about/,,,google was giving me an error about private connection... used linkedin instead
2019,Researcher ,Pragati Abhiyan ,,,,,,https://pragatiabhiyan.org/,,,
2019,Senior Research Specialist ,Princeton University ,,,,,,https://hr.princeton.edu/careers/search-opportunities,,,
2019,Customer Service & Warehouse Support,Pro Source Irrigation Supply,,,,,,https://prosourcesupply.ca/our-team,,,
2019,Co-founder ,Project Kavi ,,,,,,https://www.linkedin.com/company/project-kavi/,,,
2019,Business Leadership Program,Prudential Hong Kong,,,,,,https://www.prudential.com.hk/en/corporate-careers/,,,
2019,Private Equity Summer Analyst ,PT Saratoga Investama Sedaya tbk ,,,,,,https://saratoga-investama.com/career,,,
2019,Data & AI Strategy Consultant,PwC,,,,,,https://jobs-ca.pwc.com/ca/en/home,,,
2019,Consultant Intern,PwC,,,,,,https://jobs-ca.pwc.com/ca/en/home,,,
2019,"Senior Associate, Risk Assurance",PwC,,,,,,https://jobs-ca.pwc.com/ca/en/home,,,
2019,"Associate, Risk Assurance",PwC,,,,,,https://jobs-ca.pwc.com/ca/en/home,,,
2019,Teaching Assistant,Queen's University,,,,,,https://www.queensu.ca/humanresources/apply-jobs,,,
2019,Project Control Officer,RBC,,,,,,https://jobs.rbc.com/ca/en/work-at-rbc,,,
2019,Organizational Change Management Analyst,RBC,,,,,,https://jobs.rbc.com/ca/en/work-at-rbc,,,
2019,Performance Management & Capacity Planning Analyst,RBC,,,,,,https://jobs.rbc.com/ca/en/work-at-rbc,,,
2019,Cash Services Data Analyst,RBC,,,,,,https://jobs.rbc.com/ca/en/work-at-rbc,,,
2019,"Senior Manager, Climate Disclosure & Reporting Strategy ",RBC,,,,,,https://jobs.rbc.com/ca/en/work-at-rbc,,,
2019,Data Analyst,Reicherts and Associates,,,,,,https://reichertandassociates.ca/opportunities/,,,
2019,Resource Development Intern ,Rick Hansen Foundation ,,,,,,https://www.rickhansen.com/about-us/work-us,,,
2019,Implementations Specialist ,Rise People ,,,,,,https://risepeople.com/careers-at-rise/,,,
2019,Summer Intern ,Salama SHEILD Foundation ,,,,,,https://www.salamashield.org/,,,
2019,Technology and Marketing Consultant ,Sally's Brook Wilderness Cabins ,,,,,,https://www.sallysbrook.com/,,,
2019,Product and ESG Specialist ,SAMETRICA ,,,,,,,,,company closed i think
2019,English Teacher,San Pedro Nolasco School Concepcion,,,,,,https://www.cspnc.cl/,,,
2019,Global Exchange Program Intern,Sandbox Startups,,,,,,https://web.sandbox.ing/,,,
2019,Customer Success Manager,SAP,,,,,,https://jobs.sap.com/,,,
2019,Customer Engagement Manager,SAP,,,,,,https://jobs.sap.com/,,,
2019,Business Analyst,SAP,,,,,,https://jobs.sap.com/,,,
2019,Business Process Associate Consultant,SAP,,,,,,https://jobs.sap.com/,,,
2019,Project Manager ,Sartorius,,,,,,https://www.sartorius.com/en/company/careers,,,
2019,Program Coordinator,SceneBox,,,,,,https://www.linkedin.com/company/scenebox/about/,,,
2019,Science Facilitator Assistant,Science World British Columbia,,,,,,https://www.scienceworld.ca/join-our-team/,,,
2019,Volunteer Tsaff ,Self Employed,,,,,,,,,
2019,Senior Associate Datat & Business Intelligence Specialist,Siemens,,,,,,https://www.siemens.com/global/en/company/jobs.html,,,
2019,Data & Business Intelligence Specialist,Siemens,,,,,,https://www.siemens.com/global/en/company/jobs.html,,,
2019,"Work Student, Business Intelligent and Data Analytics",Siemens,,,,,,https://www.siemens.com/global/en/company/jobs.html,,,
2019,Growth,Siftery,,,,,,https://www.linkedin.com/company/siftery/about/,,,
2019,Account Project Manager,Silicon Valley Growth Agents,,,,,,https://www.linkedin.com/company/svga/,,,
2019,Founding Partner & CEO,Sinesis Health,,,,,,https://www.linkedin.com/company/sinensis-health/,,,
2019,Lead Generator,Smart Energy,,,,,,https://www.smartenergy.co/careers,,,
2019,Wealth Management Department Intern,Société Générale,,,,,,https://careers.societegenerale.com/,,,
2019,Tutor,Speedup Education,,,,,,,,,
2019,Technoloy Sales Associate,Staples,,,,,,https://careers.staples.ca/hcmUI/CandidateExperience/en/sites/StaplesCanada,,,
2019,Barista,Starbucks,,,,,,https://careers.starbucks.ca/,,,
2019,Program Coordinator,STEMCELL Technologies,,,,,,https://jobs.stemcell.com/search-jobs,,,
2019,Program Coordinator,STEMCELL Technologies,,,,,,https://jobs.stemcell.com/search-jobs,,,
2019,Co-Founder & COO,Storally,,,,,,,,,
2019,Junior Consultant ,Strategy Consulting Initiative ,,,,,,https://www.linkedin.com/company/strategy-consulting-initiative/,,,
2019,Director of Programs,Student Energy,,,,,,https://studentenergy.org/?gad_source=1&gad_campaignid=689147482&gbraid=0AAAAADmfXHRfN66sPR2LaPHBTs7epwRDn&gclid=CjwKCAiA3L_JBhAlEiwAlcWO5xLEWKRIM4Db2QvMYO10zRZTJbMNuzJTwn3DNl8qSpkZDAX8Rc4vqBoC_EIQAvD_BwE,,,
2019,Director of Community Programs,Student Energy,,,,,,https://studentenergy.org/?gad_source=1&gad_campaignid=689147482&gbraid=0AAAAADmfXHRfN66sPR2LaPHBTs7epwRDn&gclid=CjwKCAiA3L_JBhAlEiwAlcWO5xLEWKRIM4Db2QvMYO10zRZTJbMNuzJTwn3DNl8qSpkZDAX8Rc4vqBoC_EIQAvD_BwE,,,
2019,Global Community Manager ,Student Energy,,,,,,https://studentenergy.org/?gad_source=1&gad_campaignid=689147482&gbraid=0AAAAADmfXHRfN66sPR2LaPHBTs7epwRDn&gclid=CjwKCAiA3L_JBhAlEiwAlcWO5xLEWKRIM4Db2QvMYO10zRZTJbMNuzJTwn3DNl8qSpkZDAX8Rc4vqBoC_EIQAvD_BwE,,,
2019,Leaders Fellowship Coordinator,Student Energy,,,,,,https://studentenergy.org/?gad_source=1&gad_campaignid=689147482&gbraid=0AAAAADmfXHRfN66sPR2LaPHBTs7epwRDn&gclid=CjwKCAiA3L_JBhAlEiwAlcWO5xLEWKRIM4Db2QvMYO10zRZTJbMNuzJTwn3DNl8qSpkZDAX8Rc4vqBoC_EIQAvD_BwE,,,
2019,Operations Analyst,Swyft,,,,,,https://www.linkedin.com/company/useswyft/about/,,,
2019,Custome Service Representative,TD,,,,,,https://careers.td.com/,,,
2019,Manager of Customer Experience,TD,,,,,,https://careers.td.com/,,,
2019,Financial Advisor,TD,,,,,,https://careers.td.com/,,,
2019,Personal Banking Associate,TD,,,,,,https://careers.td.com/,,,
2019,Customer Experience Associate,TD,,,,,,https://careers.td.com/,,,
2019,Outbound Marketing Consultant,Telus,,,,,,https://www.telus.com/en/about/careers?linktype=ge-footer,,,
2019,Summer Student (Sales) ,TELUS ,,,,,,https://www.telus.com/en/about/careers?linktype=ge-footer,,,
2019,Sales Associate ,The Body Shop ,,,,,,https://thebodyshop.ca/pages/careers?srsltid=AfmBOoqSVuJaRI6Fz2sTBYlELUYTYz_5_yNRpWxBH_FboDbG1FsoLSkR,,,
2019,Graduate Research Assistant,The London School of Economics and Political Science (LSE),,,,,,https://info.lse.ac.uk/lse-jobs,,,
2019,Sales Associate,The Running Room,,,,,,https://ca.shop.runningroom.com/en_ca/careers,,,
2019,Sales Associate,The Running Room,,,,,,https://ca.shop.runningroom.com/en_ca/careers,,,
2019,Consultant ,The World Bank,,,,,,https://www.worldbank.org/en/about/careers,,,
2019,Data Scientist,Thumbtack,,,,,,https://careers.thumbtack.com/,,,
2019,"Administration, Customer Service ",TPD,,,,,,https://tpd.com/careers/,,,
2019,Customer Success Manager,Traction Complete,,,,,,https://tractioncomplete.com/careers/,,,
2019,"Junior Transportation Planner, Policy Development",TransLink,,,,,,https://www.translink.ca/about-us/careers,,,
2019,Policy Analyst,Transport Canada,,,,,,https://tc.canada.ca/en/corporate-services/jobs-transport-canada,,,
2019,Policy/Economic Officer,Transport Canada,,,,,,https://tc.canada.ca/en/corporate-services/jobs-transport-canada,,,
2019,Research/Analysis Officer,Transport Canada,,,,,,https://tc.canada.ca/en/corporate-services/jobs-transport-canada,,,
2019,Asset Administrator ,Transport Canada ,,,,,,https://tc.canada.ca/en/corporate-services/jobs-transport-canada,,,
2019,Policy Analyst,Transport Canda,,,,,,https://tc.canada.ca/en/corporate-services/jobs-transport-canada,,,
2019,Administrative Assistant,Transport Canda,,,,,,https://tc.canada.ca/en/corporate-services/jobs-transport-canada,,,
2019,Data Analyst Co-op,Transportation Investment Corporation,,,,,,https://www.ticorp.ca/careers/,,,
2019,Associate Corporate Accountant,Transportation Investment Corporation,,,,,,https://www.ticorp.ca/careers/,,,
2019,Finance Clerk,Transportation Investment Corporation,,,,,,https://www.ticorp.ca/careers/,,,
2019,Business Assistant,TriTech Controls,,,,,,https://www.linkedin.com/company/tritech-controls/about/,,,
2019,Data Analyst,Tumblr,,,,,,https://www.linkedin.com/company/tumblr/,,,
2019,Research Assistant,UBC,,,,,,https://hr.ubc.ca/careers,,,
2019,Teaching Assistant,UBC,,,,,,https://hr.ubc.ca/careers,,,
2019,Research Intern,UBC,,,,,,https://hr.ubc.ca/careers,,,
2019,Teaching Assistant,UBC,,,,,,https://hr.ubc.ca/careers,,,
2019,Teaching Assistant,UBC,,,,,,https://hr.ubc.ca/careers,,,
2019,Research Assistant,UBC,,,,,,https://hr.ubc.ca/careers,,,
2019,Teaching Assistant,UBC,,,,,,https://hr.ubc.ca/careers,,,
2019,Research Assistant,UBC,,,,,,https://hr.ubc.ca/careers,,,
2019,Consultant  Sustainability Program Student Consultant,UBC,,,,,,https://hr.ubc.ca/careers,,,
2019,Undergraduate Teaching Assistant,UBC,,,,,,https://hr.ubc.ca/careers,,,
2019,Economics and Math Tutor,UBC,,,,,,https://hr.ubc.ca/careers,,,
2019,Research Assistant ,UBC,,,,,,https://hr.ubc.ca/careers,,,
2019,Research Assistant ,UBC,,,,,,https://hr.ubc.ca/careers,,,
2019,Student Ambassador,UBC,,,,,,https://hr.ubc.ca/careers,,,
2019,Research Assistant ,UBC,,,,,,https://hr.ubc.ca/careers,,,
2019,Instructor,UBC,,,,,,https://hr.ubc.ca/careers,,,
2019,Peer Academic Advisor,UBC,,,,,,https://hr.ubc.ca/careers,,,
2019,Teaching Assistant,UBC,,,,,,https://hr.ubc.ca/careers,,,
2019,Research Assistant,UBC,,,,,,https://hr.ubc.ca/careers,,,
2019,Writing Consultant,UBC,,,,,,https://hr.ubc.ca/careers,,,
2019,Employer Engagement Assistant,UBC,,,,,,https://hr.ubc.ca/careers,,,
2019,Data Science for Social Good Fellow,UBC ,,,,,,https://hr.ubc.ca/careers,,,
2019,Grading Assistant,UBC ,,,,,,https://hr.ubc.ca/careers,,,
2019,Research Assistant,UBC ,,,,,,https://hr.ubc.ca/careers,,,
2019,Research Assistant,UBC ,,,,,,https://hr.ubc.ca/careers,,,
2019,Equity Ambassador ,UBC ,,,,,,https://hr.ubc.ca/careers,,,
2019,Teacher Assistant,UBC ,,,,,,https://hr.ubc.ca/careers,,,
2019,Academic Peer Advisor ,UBC ,,,,,,https://hr.ubc.ca/careers,,,
2019,"Governor's Challenge Finalist, Bank of Canada ",UBC ,,,,,,https://hr.ubc.ca/careers,,,
2019,Gymnastics Instructor ,UBC Active Kids,,,,,,https://kin.educ.ubc.ca/careers/,,,
2019,Research Assistant,UBC Faculty of Education,,,,,,https://hr.ubc.ca/careers,,,
2019,Chair of Logistics ,UBC Model Parliament ,,,,,,https://www.ubcpssa.ca/model-parliament,,,
2019,Operations Staff,UBC Recreation,,,,,,https://recreation.ubc.ca/home/employment/,,,
2019,Program Assistant - Customer Relations,UBC Recreation,,,,,,https://recreation.ubc.ca/home/employment/,,,
2019,Impact Investing Analyst ,UBC Sauder Centre for Social Innovation & Impact Investing ,,,,,,https://hr.ubc.ca/careers,,,
2019,Research Assistant,UBC Sauder School of Business,,,,,,https://www.sauder.ubc.ca/about-ubc-sauder/careers,,,
2019,Learning Technology Rover,UBC Sauder School of Business,,,,,,https://www.sauder.ubc.ca/about-ubc-sauder/careers,,,
2019,Learning Technolgy Rover Co-op ,UBC Sauder School of Business,,,,,,https://www.sauder.ubc.ca/about-ubc-sauder/careers,,,
2019,Teaching Assistant,UBC Sauder School of Business,,,,,,https://www.sauder.ubc.ca/about-ubc-sauder/careers,,,
2019,Political and Economic Trainee,UBC Sauder School of Business,,,,,,https://www.sauder.ubc.ca/about-ubc-sauder/careers,,,
2019,Tennis Instructor,UBC Tennis Centre,,,,,,https://recreation.ubc.ca/home/employment/,,,
2019,Undergrad Teaching Assistant,UBC Department of Computer Science,,,,,,https://www.cs.ubc.ca/our-department/employment,,,
2019,Lab Manager,UBC Department of Psychology ,,,,,,https://psych.ubc.ca/about/job-opportunities/,,,
2019,First Year Programs Assistant,UBC Faculty of Arts,,,,,,https://www.arts.ubc.ca/,,,
2019,Research Assistant,VSE,,,,,,https://economics.ubc.ca/about/job-opportunities/,,,
2019,Intern ,UN Habitat,,,,,,https://unhabitat.org/join-us,,,
2019,Trainee in Education,UNESCO,,,,,,https://www.unesco.org/en/join-unesco,,,
2019,Research Assistant in Development Economics,UNESCO,,,,,,https://www.unesco.org/en/join-unesco,,,
2019,Gymnastics Instructor ,Univeristy of Toronto Gymnastics ,,,,,,https://www.kpe.utoronto.ca/about/working-kpe,,,
2019,Research Assistant,Universidad de Piura,,,,,,https://www.udep.edu.pe/,,,
2019,Investment Banking Summer INtern ,UOB KayHian ,,,,,,https://www.uobkayhian.com/careers.html,,,
2019,Cashier ,Urban Fare ,,,,,,https://pfg.wd3.myworkdayjobs.com/SaveonfoodsCareers/jobs/,,,
2019,Website Tester,UserTesting,,,,,,https://www.usertesting.com/company/careers,,,
2019,Wealth Planner ,Vancity ,,,,,,https://www.vancity.com/careers/,,,
2019,Wealth Relationship Manager ,Vancity ,,,,,,https://www.vancity.com/careers/,,,
2019,Customer Service & Warehouse Support,Vancouver Irrigation and Lightning Supply Ltd,,,,,,,,,
2019,Finance & GTM Strategy Manager,VETbuddy,,,,,,http://thevetbuddy.com/,,,
2019,Bookkeeper,VITALITY Products Inc/,,,,,,https://www.vitality.ca/?srsltid=AfmBOoo1lR1V9RPxSbnol7pJCuc4etJ73Apd0F-tOIm_HWlijFaERWxi,,,
2019,Communnications Coordinator,VSE,,,,,,https://economics.ubc.ca/about/job-opportunities/,,,
2019,Research Assistant,VSE,,,,,,https://economics.ubc.ca/about/job-opportunities/,,,
2019,Research Assistant,VSE,,,,,,https://economics.ubc.ca/about/job-opportunities/,,,
2019,Marketing and Aevents Assistant,VSE,,,,,,https://economics.ubc.ca/about/job-opportunities/,,,
2019,Process Improvement Specialist,VSE,,,,,,https://economics.ubc.ca/about/job-opportunities/,,,
2019,VP Administration,VSE,,,,,,https://economics.ubc.ca/about/job-opportunities/,,,
2019,VP Finance,VSE,,,,,,https://economics.ubc.ca/about/job-opportunities/,,,
2019,Research Assistant,VSE,,,,,,https://economics.ubc.ca/about/job-opportunities/,,,
2019,Research Assistant ,VSE ,,,,,,https://economics.ubc.ca/about/job-opportunities/,,,
2019,Teaching Assistant ,VSE ,,,,,,https://economics.ubc.ca/about/job-opportunities/,,,
2019,Program Development Assistant,VSECC,,,,,,https://careercentre.economics.ubc.ca/,,,prefer careers center link or ubc hr link?
2019,Operations Associate,Wave HQ,,,,,,https://www.waveapps.com/about-us/culture,,,
2019,Project Manager ,We Heart Canada,,,,,,,,,
2019,Economic Policy Analyst,Western Economic Diversification Canada,,,,,,https://www.wd-deo.gc.ca/eng/home.asp,,,
2019,Accounting Officer,Western Economic Diversification Canada,,,,,,https://www.wd-deo.gc.ca/eng/home.asp,,,
2019,Business Development Intern,Who Wore What When,,,,,,https://www.whoworewhatwhen.in/,,,
2019,Consulting Analyst ,Willlis Towers Watson,,,,,,https://careers.wtwco.com/,,,
2019,PE Internal,Xinjin Capital,,,,,,https://en.xinjin.cn/rczp.html,,,