Graduation Year,Role,Employer,Company's Industry,Role Category ,Tag 1,Tag 2,Tag 3,Career Webpage,Specify Other Industry,POST,Comments,Pred Broad Category,Pred Tag 1,Pred Tag 2,Pred Tag 3,Confidence,Source
2025,Sales And Marketing Specialist,Abenante Motor Group Inc,Other,Marketing,Marketing & Communications,Sales / Business Development,,https://www.amgmotorgroup.ca/,Automotive,PRE,,Business & Enterprise,Sales / Business Development,,,0.5140122434877497,rules+model
2025,Public Relations Intern,ÀLA.HAUSSE,Other,Marketing,Marketing & Communications,,,https://alahausse.ca/team/,,PRE,,Marketing & Communications,Internships,,,0.22763831141917143,rules+model
2025,Content Creator,Alpha Women Co.,Government and NGO's/No-Profit Organizations (NPOs),Marketing,Non-Profit Organizations (NPOs),Marketing & Communications,,https://www.linkedin.com/company/alphawomanco/about/,,PRE,,Marketing & Communications,Marketing & Communications,,,0.16102078052401123,rules+model
2025,Area Manager 1,Amazon,Other,Entrepreneurship,E-Commerce,Entrepreneurship,,https://www.amazon.jobs/en/?utm_source=amazonblog&utm_medium=footerlink&utm_campaign=footer,E-commerce,POST,,E-Commerce,E-Commerce,,,0.36429034664051907,rules+model
2025,Analyst,American Express,Wealth Management,Wealth Management,Finance & Banking,Wealth management (general banking),,https://www.americanexpress.com/careers,,PRE,,Finance & Banking,Wealth management (general banking),,,0.6301542463242017,rules+model
2025,Associate Broker,Aon,Actuarial Science,Actuarial Science,Actuarial Science,Insurance,,https://jobs.aon.com/,,POST,,Actuarial Science,Real Estate,,,0.7853201452791511,rules+model
2025,Commercial Risk Intern,Aon,Actuarial Science,Actuarial Science,Actuarial Science,Insurance,Internships,https://jobs.aon.com/,,PRE,,Actuarial Science,Internships,,,0.8028339387525292,rules+model
2025,Digital Marketing Assistant,APASS Education Group,Academia,Marketing,Academia,Marketing & Communications,,https://apass.ca/joinourteam/,,PRE,,Marketing & Communications,Marketing & Communications,,,0.4102834591542175,rules+model
2025,Management and Marketing Intern,Aspire Lifestyles,Marketing,Marketing,Marketing & Communications,Customer Experience and Service Management,Internships,https://www.aspirelifestyles.com/careers/,,PRE,,Marketing & Communications,Internships,Customer Experience and Service Management,,0.6084860507551557,rules+model
2025,Management and Marketing Intern,Aspire Lifestyles,Marketing,Marketing,Marketing & Communications,Customer Experience and Service Management,Internships,https://www.aspirelifestyles.com/careers/,,PRE,,Marketing & Communications,Internships,Customer Experience and Service Management,,0.6084860507551557,rules+model
2025,Summer Intern,Bangkok Life Assurance Public Company Limited,Insurance,Insurance,Insurance,Internships,,https://career.bangkoklife.com/Default.aspx?ReturnUrl=%2f,,PRE,,Insurance,Internships,,,0.8161726029790446,model
2025,Research Assistant,Bank of Canada,Government and NGO's/No-Profit Organizations (NPOs),Health/Policy/Research,Government,Research,Policy,https://www.bankofcanada.ca/careers/,,POST,,Research,Research,,,0.4916498737075334,rules+model
2025,Application Support Analyst Co-op,BC College of Nurses an Midwives,Health/Policy/Research,Data Science,Data Science & Analytics,Health and Healthcare,,https://www.bccnm.ca/BCCNM/Careers/Pages/Careers_at_BCCNM.aspx,IT,PRE,,Technology,Information Technology (IT)/Telecommunications,Post-Secondary Institution,,0.27422954089886487,rules+model
2025,Data Scientist,BC Hydro,Sustainability/Environment,Data Science,Data Science & Analytics,Environmental and Sustainability (ESG and Climate),,https://www.bchydro.com/work-with-us.html,,PRE,,Data Science & Analytics,Environmental and Sustainability (ESG and Climate),,,0.3791994020926773,rules+model
2025,Financial Analyst,BC Hydro,Sustainability/Environment,Finance - Corporate Finance,Finance & Banking,Corporate Finance,Environmental and Sustainability (ESG and Climate),https://www.bchydro.com/work-with-us.html,,PRE,,Finance & Banking,Corporate Finance,Environmental and Sustainability (ESG and Climate),,0.1895335783688236,rules+model
2025,Financial Analyst and External Sales Coordinator,BC Hydro,Sustainability/Environment,Finance - Sales and Trading,Finance & Banking,Sales and Trading,,https://www.bchydro.com/work-with-us.html,Finance- Corporate Finance,PRE,,Finance & Banking,Corporate Finance,Business & Enterprise,,0.15645006051173085,rules+model
2025,Student Ambassador,BC Hydro,Sustainability/Environment,Marketing,Marketing & Communications,,,https://www.bchydro.com/work-with-us.html,,PRE,,Environmental and Sustainability (ESG and Climate),Environmental and Sustainability (ESG and Climate),,,0.19680806866494144,rules+model
2025,Wildfire Prevention Co-op,BC Public Service,Government and NGO's/No-Profit Organizations (NPOs),Government and NGO's/No-Profit Organizations (NPOs),Government,Internships,,https://www2.gov.bc.ca/gov/content/careers-myhr/job-seekers/featured-careers,,PRE,,Data Science & Analytics,Internships,,,0.21597649286881573,model
2025,Compliance Intern,BCI,Finance - Investment Banking,Law,Finance & Banking,Legal & Compliance,Internships,https://bci.wd10.myworkdayjobs.com/BCI_Careers,,PRE,,Finance & Banking,Internships,Investment Banking,,0.7577189602981268,rules+model
2025,Junior Quantitative Analyst,Beach Algorithms,Other,Data Science,Data Science & Analytics,,,,Data Science,PRE,,Data Science & Analytics,Data Science & Analytics,,,0.5356988431444573,model
2025,Financial Analyst,Beenova AI,Other,Finance - Corporate Finance,Finance & Banking,Corporate Finance,Technology,https://www.beenova.ai/,Tech,PRE,,Finance & Banking,Corporate Finance,,,0.2578744505119794,rules+model
2025,Investment Analyst,Boann Social Impact,Finance - Investment Banking,Finance - Investment Banking,Finance & Banking,Investment Banking,,https://www.boann.ca/jobs,,PRE,,Finance & Banking,Investment Banking,,,0.2763951152775313,rules+model
2025,Sales Associate,Boathouse/Blackwell Supply Company,Other,Finance - Sales and Trading,"Hospitality & Retail (Food, Service Industries)",Sales / Business Development,,https://boathousestores.com/pages/join-us,,PRE,,Business & Enterprise,Sales / Business Development,,,0.27626795145009087,rules+model
2025,Smoothie Master,Body Energy Club,Other,Other,"Hospitality & Retail (Food, Service Industries)",,,https://www.bodyenergyclub.com/pages/career,Food,PRE,,Energy and Resources,Energy and Resources,,,0.31506706076249763,rules+model
2025,Tutor,BrightSparkz Tutors Canada,Academia,Academia,Academia,,,https://brightsparkz.ca/become-a-tutor/,,PRE,,Academia,Academia,,,0.4180544011003978,model
2025,Front Desk,Cactus Club Cafe,Other,Other,"Hospitality & Retail (Food, Service Industries)",,,https://www.cactusclubcafe.com/hiring/,Food/Hospitality,POST,Started during degree,"Hospitality & Retail (Food, Service Industries)",Customer Experience and Service Management,,,0.31655934177405404,rules+model
2025,Investor Relations & Operations Intern,Can Terra Financial Inc.,Finance - Corporate Finance,Wealth Management,Finance & Banking,Corporate Finance,Internships,,,PRE,,Finance & Banking,Internships,Corporate Finance,,0.2917389420495745,rules+model
2025,Administrative Assistant,Canada Border Services Agency,Government and NGO's/No-Profit Organizations (NPOs),Government and NGO's/No-Profit Organizations (NPOs),Government,Administration and Office Management,,https://www.cbsa-asfc.gc.ca/menu-eng.html,,PRE,,Business & Enterprise,Government,Administration and Office Management,,0.18959626429239768,rules+model
2025,Administrative Assistant,Canada Border Services Agency,Government and NGO's/No-Profit Organizations (NPOs),Government and NGO's/No-Profit Organizations (NPOs),Government,Administration and Office Management,,https://www.cbsa-asfc.gc.ca/menu-eng.html,,PRE,,Business & Enterprise,Government,Administration and Office Management,,0.18959626429239768,rules+model
2025,In-Seat Runner,Canucks Sports & Entertainment (CSE),Other,Other,Recreation and Culture,"Hospitality & Retail (Food, Service Industries)",,https://jobs.canucks.com/?_ga=1.250402639.837776307.1469035065,Hospitality,PRE,,Other,Internships,,,0.3219620144305746,model
2025,Product Research Fellow,Circonomy,Sustainability/Environment,Health/Policy/Research,,,,https://www.circonomy.co/,,PRE,,Research,Environmental and Sustainability (ESG and Climate),,,0.20541115095369275,rules+model
2025,Intern,Circular Impact,Sustainability/Environment,Sustainability/Environment,,,,https://www.linkedin.com/company/circular-impact-io/,,PRE,,Environmental and Sustainability (ESG and Climate),Internships,,,0.6198907355294594,rules+model
2025,"Founder, Automation Engineer",Clarity Works,Other,Entrepreneurship,,,,https://www.tryclarityworks.com/#contact,AI Automation,POST,Started during degree,Business & Enterprise,Entrepreneurship,Startups,,0.483087705334621,rules+model
2025,Junior Analyst,CMLS Financial,Finance - Investment Banking,Finance - Investment Banking,,,,https://www.cmls.ca/who-we-are/our-people,,PRE,,Finance & Banking,Investment Banking,,,0.23444407799328124,rules+model
2025,Transformation Analyst,Community Foundations of Canada,Government and NGO's/No-Profit Organizations (NPOs),Government and NGO's/No-Profit Organizations (NPOs),,,,https://communityfoundations.ca/working-with-us/,,PRE,,Health and Healthcare,Health and Healthcare,,,0.22692182747021247,model
2025,Publicity Agent Marketing Intern,Consulting Ace Inc.,Consulting,Marketing,,,,https://consultingace.com/,,PRE,,Marketing & Communications,Internships,,,0.4949167550005992,rules+model
2025,Publicity Agent Marketing Intern,Consulting Ace Inc.,Consulting,Marketing,,,,https://consultingace.com/,,PRE,,Marketing & Communications,Internships,,,0.4949167550005992,rules+model
2025,Translator,COVER Corporation,Other,Other,,,,https://cover-corp.com/en/recruit,Entertainment/Communications,POST,Started during degree,Marketing & Communications,Marketing & Communications,,,0.3044339584120018,rules+model
2025,Intern,Creative Consulting Group,Consulting,Consulting,,,,https://creativegp.com/,,POST,Started during degree,Consulting & Advisory,Internships,,,0.47683501209785495,model
2025,Translator,Crimson Global Academy,Academia,Other,,,,https://crimsonacademies.school/#w-node-_7dc0e30c-6e1f-4bb7-bf02-386ff897bd91-f897bd8c,Communications,PRE,,Marketing & Communications,Marketing & Communications,,,0.17948169220899166,rules+model
2025,Founder and Project Lead,Dabao Penang,Government and NGO's/No-Profit Organizations (NPOs),Entrepreneurship,,,,https://www.facebook.com/dabaopg/,,PRE,,Business & Enterprise,Entrepreneurship,Startups,,0.26894935421209465,rules+model
2025,Landscaper,DALE CLARK,Entrepreneurship,Other,,,,,Laborer,PRE,,Other,Internships,,,0.20561830291235206,model
2025,Marketing Intern,Daxue Consulting,Consulting,Marketing,,,,https://daxueconsulting.com/we-recruit/,,PRE,,Marketing & Communications,Internships,,,0.6360180918017928,rules+model
2025,Supply Chain and Logistics Intern,DeeBee's Organics,Other,Other,,,,https://www.deebeesorganics.com/pages/about-us,Food/Supply Chain Logistics,PRE,,Business & Enterprise,Operations and Supply Chain Management,Logistics,,0.23944878915126958,rules+model
2025,Computer Programmer,deenSTRONG Foundation,Government and NGO's/No-Profit Organizations (NPOs),Data Science,,,,https://www.deenstrong.com/careers,,PRE,,Data Science & Analytics,Data Science & Analytics,,,0.2118442757653424,model
2025,Marketing Intern,deenSTRONG Foundation,Government and NGO's/No-Profit Organizations (NPOs),Marketing,,,,https://www.deenstrong.com/careers,,PRE,,Marketing & Communications,Internships,,,0.33387432763932484,rules+model
2025,Research Intern,Delhi School of Economics,Academia,Health/Policy/Research,,,,http://econdse.org/permanent-positions/,,PRE,,Research,Internships,,,0.40956212127345065,rules+model
2025,Consultant,Deloitte,Consulting,Consulting,,,,https://www.deloitte.com/global/en/careers/job-search.html,,PRE,,Consulting & Advisory,Consulting & Advisory,,,0.7769069685807357,rules+model
2025,"Coaching, Facilitation & Design Thinking Intern",Deloitte,Consulting,Entrepreneurship,,,,https://www.deloitte.com/global/en/careers/job-search.html,,PRE,,Consulting & Advisory,Internships,,,0.30730376832289547,model
2025,Mid-Market Portolio Management Intern,Deloitte,Consulting,Finance - Asset Management,,,,https://www.deloitte.com/global/en/careers/job-search.html,,PRE,,Consulting & Advisory,Internships,,,0.3424217985231065,model
2025,Corporate Finance Analyst,Deloitte,Consulting,Finance - Corporate Finance,,,,https://www.deloitte.com/global/en/careers/job-search.html,,PRE,,Finance & Banking,Corporate Finance,,,0.33712487430095117,rules+model
2025,Corporate Finance Analyst,Deloitte,Consulting,Finance - Corporate Finance,,,,https://www.deloitte.com/global/en/careers/job-search.html,,POST,Started during degree,Finance & Banking,Corporate Finance,,,0.33712487430095117,rules+model
2025,Virtual Aerospace Course Instructor,Department of National Defense,Government and NGO's/No-Profit Organizations (NPOs),Academia,,,,https://www.canada.ca/en/department-national-defence.html,,PRE,,Academia,Academia,,,0.1907993910385546,rules+model
2025,Head Muralist,Deschutes Painting Inc,Other,Other,,,,https://deschutespainting.com/hiring/,Creative arts,PRE,,Other,Internships,,,0.2569892468523886,model
2025,Summer Intern,Digitalife Corporation,Other,Other,,,,https://www.linkedin.com/company/digitalife-corporation/,Tech,PRE,,Other,Internships,,,0.21856189783021246,model
2025,Strategy & Planning Intern,DYNE Technologies Inc.,Data Science,Finance - Asset Management,,,,https://www.dyneapp.ca/career,,PRE,,Data Science & Analytics,Internships,,,0.21699784290161228,model
2025,Marketing Intern,Elevate Vancouver,Other,Marketing,,,,,"Multiple (music, real estate, consulting)",PRE,,Marketing & Communications,Real Estate,Internships,,0.6072921761336518,rules+model
2025,Equity Analyst Intern,Enso Gestão de Patrimônio,Wealth Management,Finance - Private Equity,,,,https://www.ensogp.com.br/,,PRE,,Finance & Banking,Wealth management (general banking),Internships,,0.3264484218404186,rules+model
2025,"Consulting Intern, Business Transformation",EY,Finance - Corporate Finance,Consulting,,,,https://www.ey.com/en_ca/careers,,PRE,,Finance & Banking,Internships,Corporate Finance,,0.3224599265840964,rules+model
2025,Business Development Representative,Fidelity Canada,Finance - Investment Banking,Entrepreneurship,,,,https://careers.fidelity.ca/en/index/,,POST,,Finance & Banking,Investment Banking,Business & Enterprise,,0.3424172853085601,rules+model
2025,Publishing Intern,Fintel Connect,Marketing,Other,,,,https://www.fintelconnect.com/about-us/careers/,Communications,PRE,,Marketing & Communications,Internships,,,0.3481005449886393,rules+model
2025,Guest Experience Intern,Flyover,Other,Other,,,,https://www.pursuit.com/careers/flyover/,Entertainment/Hospitality,PRE,,Other,Internships,,,0.2553121635001968,model
2025,Guest Experience Intern,Flyover,Other,Other,,,,https://www.pursuit.com/careers/flyover/,Entertainment/Hospitality,PRE,,Other,Internships,,,0.2553121635001968,model
2025,Founder,FoundHer Studio,Entrepreneurship,Government and NGO's/No-Profit Organizations (NPOs),,,,,,POST,,Business & Enterprise,Entrepreneurship,Startups,,0.351480112647956,rules+model
2025,Sales Associate,Frank and Oak,Other,Finance - Sales and Trading,,,,https://www.linkedin.com/company/frank-&-oak/,Retail,PRE,,Business & Enterprise,Sales / Business Development,"Hospitality & Retail (Food, Service Industries)",,0.2700071610181946,rules+model
2025,Subtitle Creator,Freelance,Entrepreneurship,Other,,,,,Communications,POST,Started during degree,Marketing & Communications,Marketing & Communications,,,0.20274868760595488,rules+model
2025,Venture Capital Investment Associate,Front Row Ventures,Finance - Private Equity,Finance - Private Equity,,,,https://frontrow.ventures/join-us/,,PRE,,Finance & Banking,Private Equity,,,0.23056379480333966,rules+model
2025,Intern,FSD Zambia,Government and NGO's/No-Profit Organizations (NPOs),Government and NGO's/No-Profit Organizations (NPOs),,,,https://www.linkedin.com/company/fsdzambia/,,PRE,,Health and Healthcare,Internships,,,0.24014793346868218,model
2025,Account Management Associate,Gentai Capital,Finance - Investment Banking,Finance - Investment Banking,,,,https://gentaicapital.com/careers/,,POST,Started during degree,Finance & Banking,Investment Banking,,,0.22414958495075069,rules+model
2025,Junior Analyst,Global Affairs Canada,Government and NGO's/No-Profit Organizations (NPOs),Health/Policy/Research,,,,https://international.canada.ca/en/global-affairs/corporate/jobs,,PRE,,Health and Healthcare,Health and Healthcare,,,0.3214273982472625,model
2025,Junior Trade Policy Officer,Global Affairs Canada,Government and NGO's/No-Profit Organizations (NPOs),Health/Policy/Research,,,,https://international.canada.ca/en/global-affairs/corporate/jobs,,PRE,,Health and Healthcare,Health and Healthcare,,,0.36324721738709476,model
2025,Analyst,Goldman Sachs,Finance - Investment Banking,Finance - Investment Banking,,,,https://www.goldmansachs.com/careers/,,PRE,,Finance & Banking,Investment Banking,,,0.2651900427779836,rules+model
2025,Investment Banking Analyst,Goldman Sachs,Finance - Investment Banking,Finance - Investment Banking,,,,https://www.goldmansachs.com/careers/,,POST,,Finance & Banking,Investment Banking,,,0.29646589939162055,rules+model
2025,Assistant General Manager,Gold's Gym,Other,Entrepreneurship,,,,https://www.goldsgym.com/careers/,Fitness,PRE,,Business & Enterprise,Business & Enterprise,,,0.44680857972217874,model
2025,General Manager,Gold's Gym,Other,Entrepreneurship,,,,https://www.goldsgym.com/careers/,Fitness,POST,Started during degree,Business & Enterprise,Business & Enterprise,,,0.46121186859385593,model
2025,Admin and Marketing Team Lead,Gold's Gym,Other,Marketing,,,,https://www.goldsgym.com/careers/,Fitness,PRE,,Marketing & Communications,Marketing & Communications,,,0.3268100022218411,model
2025,Front Desk Receptionist,Gold's Gym,Other,Other,,,,https://www.goldsgym.com/careers/,Fitness/Hospitality,PRE,,"Hospitality & Retail (Food, Service Industries)",Customer Experience and Service Management,,,0.2658643757170504,rules+model
2025,Remote Research Support,Graduate Research Project,Health/Policy/Research,Health/Policy/Research,,,,,,PRE,,Health and Healthcare,Health and Healthcare,,,0.3970751077423012,model
2025,Ski Instructor,Grouse Mountain,Other,Other,,,,https://www.grousemountain.com/careers,Recreation,PRE,,Recreation and Culture,Recreation and Culture,,,0.25954861914009036,rules+model
2025,Summer Intern,"Guotai Junan Securities Co., Ltd",Finance - Investment Banking,Finance - Investment Banking,,,,https://www.gtht.com/,,PRE,,Finance & Banking,Internships,Investment Banking,,0.19951140561146719,rules+model
2025,Store Cashier,H Mart,Other,Other,,,,https://www.hmart.com/about-us/careers,Retail,PRE,,"Hospitality & Retail (Food, Service Industries)",Customer Experience and Service Management,,,0.3016347991194799,rules+model
2025,Student Trustee,Halton Catholic District School Board,Academia,Academia,,,,https://www.hcdsb.org/careers/,,PRE,,Academia,Academia,,,0.46308890687396614,model
2025,Equity Research Summer Associate,Halyk Finance,Finance - Investment Banking,Health/Policy/Research,,,,https://halykfinance.kz/?lang=ru,Finance-Private Equity,PRE,,Finance & Banking,Investment Banking,Private Equity,,0.22580782080881734,rules+model
2025,Concierge Attendant,Hayden Homes Amphitheater,Other,Other,,,,https://www.bendconcerts.com/work-with-us/employment,Entertainment/Hospitality,PRE,,Other,Customer Experience and Service Management,,,0.3095661578014306,model
2025,Head Coordinator of Youth Operations,Hellenic Community of Vancouver,Government and NGO's/No-Profit Organizations (NPOs),,,,,https://helleniccommunity.org/,,PRE,,Environmental and Sustainability (ESG and Climate),Environmental and Sustainability (ESG and Climate),,,0.17168673914316276,model
2025,Influencer Marketing PR Intern,HINATURE,Other,Marketing,,,,https://www.linkedin.com/company/hinature/about/,Beauty,PRE,,Marketing & Communications,Internships,,,0.661146695963289,rules+model
2025,Intern,iA Financial Group (Industrial Alliance),Wealth Management,Wealth Management,,,,https://ia.ca/emploi,,PRE,,Finance & Banking,Wealth management (general banking),Internships,,0.6227861661781741,rules+model
2025,Corporate Project Coordinator,ICBC,Insurance,Other,,,,https://www.icbc.com/about-icbc/careers,Product Managment,PRE,,Business & Enterprise,Project / Program Development,,,0.18804505417710513,rules+model
2025,"Accounting Assistant, Corporate Services Directorate",Indigenous Services Canada,Government and NGO's/No-Profit Organizations (NPOs),Finance - Corporate Finance,,,,https://www.rcaanc-cirnac.gc.ca/eng/1100100033784/1610113269343,,PRE,,Business & Enterprise,Accounting,,,0.20525229614178284,rules+model
2025,"Junior Policy Analyst, Industry Skills Directorate","Innovation, Science and Economic Development Canada",Government and NGO's/No-Profit Organizations (NPOs),Health/Policy/Research,,,,https://ised-isde.canada.ca/site/job-opportunities/en,,PRE,,Policy,Policy,,,0.3748895069607164,rules+model
2025,General Restaurant Services,JAPADOG,Other,Other,,,,https://japadog.com/careers,Food/Hospitality,PRE,,"Hospitality & Retail (Food, Service Industries)",Customer Experience and Service Management,,,0.32121404199955944,rules+model
2025,Assent Management Analyst,JM Financial Asset Management Ltd.,Finance - Investment Banking,Finance - Investment Banking,,,,https://www.jmfl.com/careers/career-space,,PRE,,Finance & Banking,Investment Banking,Asset Management,,0.23676816871058617,rules+model
2025,Sales Associate,kate spade new york,Other,Finance - Sales and Trading,,,,https://careers.tapestry.com/,Retail,PRE,,Business & Enterprise,Sales / Business Development,"Hospitality & Retail (Food, Service Industries)",,0.2744913730409645,rules+model
2025,Collections Assistant,Kilby Historic Site,Other,Other,,,,https://kilby.ca/support/employment-opportunities/,Museum,PRE,,Other,Finance & Banking,,,0.2517824952664691,model
2025,Research Development Intern,Klue,Other,Health/Policy/Research,,,,https://klue.com/careers,Software Development,PRE,,Health and Healthcare,Internships,,,0.22838498365573837,model
2025,Warehouse Associate,KMS Tools & Equipment,Other,Other,,,,https://www.kmstools.com/careers,Retail,PRE,,Transportation Services,Logistics,Operations and Supply Chain Management,"Hospitality & Retail (Food, Service Industries)",0.27445649285641166,rules+model
2025,Management Consulting Intern,KPMG,Consulting,Consulting,,,,https://kpmg.com/xx/en/careers.html,,PRE,,Consulting & Advisory,Internships,,,0.5493782156626673,model
2025,Team Member,krave kulture yogurt,Other,Other,,,,https://www.kravekulture.ca/,Food/Hospitality,PRE,,Other,Internships,,,0.336114221036826,model
2025,Summer Research Assistant,Krea University,Academia,Health/Policy/Research,,,,http://www.krea.edu.in/,,PRE,,Research,Post-Secondary Institution,,,0.3694040888843064,rules+model
2025,Portfolio Intern,LEAP | Pecaut Centre for Social Impact,Government and NGO's/No-Profit Organizations (NPOs),Finance - Asset Management,,,,https://leap-pecautcentre.ca/join-our-team,,POST,,Environmental and Sustainability (ESG and Climate),Internships,,,0.2047317697382872,model
2025,Business Development & Partnership Project,Leo Charter Services,Other,Entrepreneurship,,,,https://www.leocharterservices.com/join-us,Transportation,PRE,,Business & Enterprise,Sales / Business Development,,,0.5968777290282951,rules+model
2025,Business Development Intern,Leo Charter Services,Other,Entrepreneurship,,,,https://www.leocharterservices.com/join-us,Transportation,PRE,,Business & Enterprise,Internships,Sales / Business Development,,0.49287288506817284,rules+model
2025,Market Research Intern,Lumiwealth,Data Science,Health/Policy/Research,,,,https://lumiwealth.com/,Academia,PRE,,Research,Internships,,,0.23599580776776874,rules+model
2025,Food and Beverage Team Member,Marine Drive Golf Club,Other,Other,,,,https://marine-drive.com/careers/,Food/Hospitality,POST,,Other,Internships,,,0.34363304939290057,model
2025,Client Relationship Associate,Marsh Canada Limited,Insurance,Insurance,,,,https://careers.marshmclennan.com/global/en/marsh,,POST,,Insurance,Insurance,,,0.8186208624896958,model
2025,Junior Academics Tutor,Math Tutor Network,Academia,Academia,,,,https://www.mathtutornetwork.com/career.html,,PRE,,Academia,Academia,,,0.3634060284459595,model
2025,Property Manager,Maxsky Property Management,Other,Other,,,,,Real Estate,PRE,,Real Estate,Property Management,,,0.23917020463972685,rules+model
2025,Sales and Marketing Specialist,MNM Auto,Other,Marketing,,,,https://mnmauto.ca/,Automotive,POST,Started during degree,Business & Enterprise,Sales / Business Development,,,0.5436497337488959,rules+model
2025,"Analyst, Public Sector Consulting",MNP,Finance - Corporate Finance,Finance - Corporate Finance,,,,https://www.mnp.ca/en/careers,Consulting,POST,,Finance & Banking,Corporate Finance,,,0.34674494560833585,rules+model
2025,Undergraduate Legal Intern,Monroe County Public Defender,Law,Law,,,,https://www.monroecounty.gov/hr-careers,,PRE,,Law,Internships,,,0.7595307147708901,model
2025,Junior Economist,Natural Resources Canada,Government and NGO's/No-Profit Organizations (NPOs),Development Economics,,,,https://natural-resources.canada.ca/corporate/careers-natural-resources-canada,,PRE,,Energy and Resources,Energy and Resources,,,0.800746868215092,rules+model
2025,Junior Economist,Natural Resources Canada,Government and NGO's/No-Profit Organizations (NPOs),Health/Policy/Research,,,,https://natural-resources.canada.ca/corporate/careers-natural-resources-canada,,PRE,,Energy and Resources,Energy and Resources,,,0.800746868215092,rules+model
2025,Junior Economist,Natural Resources Canada,Government and NGO's/No-Profit Organizations (NPOs),Health/Policy/Research,,,,https://natural-resources.canada.ca/corporate/careers-natural-resources-canada,,PRE,,Energy and Resources,Energy and Resources,,,0.800746868215092,rules+model
2025,Social Finance Analyst,New Market Funds,Finance - Investment Banking,Finance - Investment Banking,,,,https://newmarketfunds.ca/,,POST,Started during degree,Finance & Banking,Investment Banking,,,0.25261399480904284,rules+model
2025,Research Analyst,New Power Labs,Health/Policy/Research,Health/Policy/Research,,,,https://www.newpowerlabs.org/careers,,PRE,,Health and Healthcare,Health and Healthcare,,,0.3745102075597107,model
2025,Digital Marketing Intern,noDokter,Other,Marketing,,,,https://www.nodokter.com/,Fitness,PRE,,Marketing & Communications,Internships,,,0.6308491241714078,rules+model
2025,Equity Analyst Intern,Nucleo Captial,Finance - Asset Management,Finance - Private Equity,,,,https://nucleocapital.com.br/,,POST,,Finance & Banking,Asset Management,Internships,,0.17644454387220015,rules+model
2025,Project Lead,Nutrition Opportunities Worldwide,Consulting,Consulting,,,,https://nutritionops-ww.com/,,PRE,,Consulting & Advisory,Consulting & Advisory,,,0.35315859855268905,model
2025,Market Research Intern,Nutrition Opportunities Worldwide,Health/Policy/Research,Health/Policy/Research,,,,https://nutritionops-ww.com/,Consulting,PRE,,Research,Internships,,,0.3305008281022021,rules+model
2025,Junior Translator,Office Double Rainbow,Other,Other,,,,,Communications,PRE,,Marketing & Communications,Marketing & Communications,,,0.2631230791573072,rules+model
2025,Investment Research Intern,Orbis Investments,Finance - Investment Banking,Finance - Investment Banking,,,,https://www.orbis.com/careers/careers/home,Research,PRE,,Research,Finance & Banking,Investment Banking,,0.20144898778695414,rules+model
2025,Policy Analyst,Pacific Economic Development Canada,Government and NGO's/No-Profit Organizations (NPOs),Health/Policy/Research,,,,https://www.canada.ca/en/pacific-economic-development/corporate/careers/apply.html,,PRE,,Policy,Policy,,,0.38999997013953286,rules+model
2025,"Policy Analyst, Advocacy",Pacific Economic Development Canada,Government and NGO's/No-Profit Organizations (NPOs),Health/Policy/Research,,,,https://www.canada.ca/en/pacific-economic-development/corporate/careers/apply.html,,PRE,,Policy,Policy,,,0.3943846891499864,rules+model
2025,Swimming Instructor,Pedalheads Bike Camps Inc.,Other,Other,,,,https://pedalheads.com/en/join-the-team/careers,Recreation,PRE,,Academia,Academia,,,0.25994774051294744,rules+model
2025,Artist and Tour Marketing Intern,Pennant Music Publishing,Other,Marketing,,,,,Music,PRE,,Marketing & Communications,Internships,,,0.4869222590126979,rules+model
2025,Social Media Manager,Perchance Tea & Coffee,Other,Marketing,,,,https://www.perchance.ca/?utm_source=ig&utm_medium=social&utm_content=link_in_bio&fbclid=PAZXh0bgNhZW0CMTEAc3J0YwZhcHBfaWQMMjU2MjgxMDQwNTU4AAGn6vHL2uv6ftaVpF533TUoMp6erahzvdsPZjnF60frp-MycnPKvO8JOdsfZAE_aem_QQHZQJWkjTjpZMs0A7BgMA,Food/Hospitality,PRE,,Marketing & Communications,Marketing & Communications,,,0.24332691246576785,rules+model
2025,NFL & FBS Data Collector,PFF,Other,Data Science,,,,https://www.pff.com/jobs,Software Development,PRE,,Data Science & Analytics,Data Science & Analytics,,,0.5811310852897954,model
2025,Accounting Intern,Pins Entertainment Inc.,Other,Finance - Corporate Finance,,,,https://pinsentertainment.com/,Entertainment,PRE,,Business & Enterprise,Accounting,Internships,,0.24790754180383703,rules+model
2025,Warehouse Worker,Pivot Furniture,Other,Other,,,,https://www.pivotfurniture.com/,Retail,PRE,,Transportation Services,Logistics,Operations and Supply Chain Management,"Hospitality & Retail (Food, Service Industries)",0.27834776590308613,rules+model
2025,Client Relations Specialist,Plenty Stores,Other,Finance - Sales and Trading,,,,https://www.getplenty.com/pages/careers,Retail,PRE,,"Hospitality & Retail (Food, Service Industries)",Customer Experience and Service Management,,,0.2132670242936178,rules+model
2025,Investments Intern,PT Saratoga Investama Sedaya Tbk.,Finance - Investment Banking,Finance - Investment Banking,,,,https://www.saratoga-investama.com/career,,PRE,,Finance & Banking,Internships,Investment Banking,,0.22992015390259238,rules+model
2025,Assurance Intern,PwC,Finance - Asset Management,Actuarial Science,,,,https://jobs-ca.pwc.com/ca/en/home,,PRE,,Finance & Banking,Internships,Asset Management,,0.6489245818092304,rules+model
2025,Summer Consultant- Data & Analytics,PwC,Finance - Asset Management,Consulting,,,,https://jobs-ca.pwc.com/ca/en/home,Data Science,PRE,,Finance & Banking,Asset Management,Data Science & Analytics,,0.2733267164125393,rules+model
2025,Data Analyst,RBC Global Asset Management,Wealth Management,Data Science,,,,https://www.rbcgam.com/en/ca/about-us/our-teams,,PRE,,Finance & Banking,Asset Management,Wealth management (general banking),,0.6662927960273455,rules+model
2025,Revenue and Operations Analyst,RBC Global Asset Management,Wealth Management,Data Science,,,,https://www.rbcgam.com/en/ca/about-us/our-teams,,POST,Started during degree,Finance & Banking,Asset Management,Wealth management (general banking),,0.38731735816384083,rules+model
2025,Junior Policy Analyst,RCAANC-CIRNAC,Government and NGO's/No-Profit Organizations (NPOs),Health/Policy/Research,,,,https://www.rcaanc-cirnac.gc.ca/eng/1100100033784/1610113269343,,PRE,,Policy,Policy,,,0.35457923756436754,rules+model
2025,Advisor,rekindle,Sustainability/Environment,Entrepreneurship,,,,https://www.linkedin.com/company/rekindle-ubc/,,POST,,Environmental and Sustainability (ESG and Climate),Environmental and Sustainability (ESG and Climate),,,0.3306761974551453,rules+model
2025,Founder and Project Director,rekindle,Sustainability/Environment,Entrepreneurship,,,,https://www.linkedin.com/company/rekindle-ubc/,Retail,PRE,,Business & Enterprise,Entrepreneurship,Startups,,0.51513095423432,rules+model
2025,Teaching Assistant,Revera Academy,Academia,Academia,,,,https://www.reveraacademy.com/,,PRE,,Academia,Academia,,,0.5631688249036606,rules+model
2025,Assistant Consultant,Roland Berger,Consulting,Consulting,,,,https://www.rolandberger.com/en/Join/Join-Us/Start-Your-Journey/,,PRE,,Consulting & Advisory,Consulting & Advisory,,,0.7245048859006944,rules+model
2025,Stagiare (Trainee),Safran,Other,Other,,,,https://www.safran-group.com/careers/why-join-us,Aviation Manufacturing,PRE,,Other,Internships,,,0.23925970601968072,model
2025,Business Analyst,SAP,Other,Data Science,,,,https://jobs.sap.com/?utm_source=CareerSite&utm_campaign=CorpSite_FT,Software Development,PRE,,Data Science & Analytics,Data Science & Analytics,,,0.3945587986778232,model
2025,Teaching Assistant for Enterpreneurial Finance,Sauder School of Business,Academia,Academia,,,,https://www.sauder.ubc.ca/about-ubc-sauder/careers,,PRE,,Academia,Academia,,,0.5035703436723488,rules+model
2025,Server,Schanks Sports Grill,Other,Other,,,,https://schanks.com/,Hospitality,PRE,,"Hospitality & Retail (Food, Service Industries)",Customer Experience and Service Management,,,0.31145792652489435,rules+model
2025,Analyst,Scotiabank,Wealth Management,Finance - Investment Banking,,,,https://www.scotiabank.com/careers/en/careers.html,,PRE,,Finance & Banking,Wealth management (general banking),,,0.7549680760136986,rules+model
2025,Investment Banking Winter Analyst,Scotiabank,Wealth Management,Finance - Investment Banking,,,,https://www.scotiabank.com/careers/en/careers.html,,PRE,,Finance & Banking,Investment Banking,Wealth management (general banking),,0.5967753411385517,rules+model
2025,Business Analyst,Scotiabank,Wealth Management,Other,,,,https://www.scotiabank.com/careers/en/careers.html,Product Managment,PRE,,Finance & Banking,Wealth management (general banking),,,0.41328181019708954,rules+model
2025,Business Analyst Intern,Scotiabank,Wealth Management,Other,,,,https://www.scotiabank.com/careers/en/careers.html,Product Managment,PRE,,Finance & Banking,Wealth management (general banking),Internships,,0.40743704212237203,rules+model
2025,Customer Experience Associate,Scotiabank,Wealth Management,Wealth Management,,,,https://www.scotiabank.com/careers/en/careers.html,,PRE,,Finance & Banking,Wealth management (general banking),Business & Enterprise,,0.6984816035424812,rules+model
2025,Financial Advisor,Scotiabank,Wealth Management,Wealth Management,,,,https://www.scotiabank.com/careers/en/careers.html,,POST,,Finance & Banking,Wealth management (general banking),,,0.7985548357409282,rules+model
2025,Junior Program Coordinator,Scotiabank,Wealth Management,Wealth Management,,,,https://www.scotiabank.com/careers/en/careers.html,,PRE,,Finance & Banking,Wealth management (general banking),Business & Enterprise,,0.6788664511650357,rules+model
2025,"Strategy and Projects Intern, Canadian Banking",Scotiabank,Wealth Management,Wealth Management,,,,https://www.scotiabank.com/careers/en/careers.html,,PRE,,Finance & Banking,Wealth management (general banking),Internships,,0.6467114257969568,rules+model
2025,Wealth Management Tax Administrator,Scotiabank,Wealth Management,Wealth Management,,,,https://www.scotiabank.com/careers/en/careers.html,,PRE,,Finance & Banking,Wealth management (general banking),,,0.7762036826689669,rules+model
2025,Math Tutor,Self-employed,Entrepreneurship,Academia,,,,,,PRE,,Academia,Academia,,,0.16278917014749542,model
2025,Private High School English Tutor,Self-employed,Entrepreneurship,Marketing,,,,,,PRE,,Marketing & Communications,Marketing & Communications,,,0.19172236581285854,model
2025,Landscaper,Self-employed,Entrepreneurship,Other,,,,,Labor,PRE,,Other,Internships,,,0.19192237958803665,model
2025,Market Research Intern,Skills For Hope Foundation,Government and NGO's/No-Profit Organizations (NPOs),Health/Policy/Research,,,,https://www.skillsforhope.org/,,PRE,,Research,Internships,,,0.4583109193086402,rules+model
2025,Gameday Operator,Sportable,Data Science,Data Science,,,,https://sportable.bamboohr.com/careers,,POST,Started during degree,Data Science & Analytics,Data Science & Analytics,,,0.4270708378453074,model
2025,Investment Analyst,Spring,Consulting,Finance - Investment Banking,,,,https://spring.is/careers/,,PRE,,Other,Consulting & Advisory,,,0.2606432609295496,model
2025,Investment Analyst,Spring,Consulting,Finance - Investment Banking,,,,https://spring.is/careers/,,POST,Started during degree,Other,Consulting & Advisory,,,0.2606432609295496,model
2025,Small Business Owner,SSET Enterprises,Academia,Entrepreneurship,,,,https://www.linkedin.com/company/s-s-e-t-enterprises/about/,,PRE,,Business & Enterprise,Business & Enterprise,,,0.28396664332205984,model
2025,Co-Founder,Stealth Startup,Entrepreneurship,Entrepreneurship,,,,https://harmonic.ai/careers,,PRE,,Business & Enterprise,Entrepreneurship,Startups,,0.3615843417294642,rules+model
2025,Barista,Storm City Coffee,Other,Other,,,,https://www.stormcitycoffee.com/,Food/Hospitality,POST,,"Hospitality & Retail (Food, Service Industries)",Customer Experience and Service Management,,,0.2814798422449422,rules+model
2025,Clinic Receptionist,StudioHealth -Main St- [Studio-East],Health/Policy/Research,Other,,,,https://studiohealth.ca/careers,Hospitality,PRE,,Health and Healthcare,Health and Healthcare,,,0.19680714247488043,rules+model
2025,Digital Marketing Manager,Susgrainable,Other,Marketing,,,,https://susgrainable.com/pages/careers,Food,PRE,,Marketing & Communications,Marketing & Communications,,,0.5438732336459816,rules+model
2025,Real Estate Intern,SV Estates,Other,Other,,,,,Real Estate,PRE,,Real Estate,Internships,,,0.23759153160064828,rules+model
2025,Research Associate,Synergia Foundation,Other,Health/Policy/Research,,,,https://synergiafoundation.org/,Think tank,PRE,,Research,Research,,,0.2528790400853349,rules+model
2025,Associate Product Owner,Tangerine,Wealth Management,Finance - Investment Banking,,,,https://www.tangerine.ca/en/careers,,POST,,Finance & Banking,Wealth management (general banking),,,0.35005028044438896,rules+model
2025,Global Business Operations Rotational Associate,TD,Wealth Management,Entrepreneurship,,,,https://td.wd3.myworkdayjobs.com/en-US/TD_Bank_Careers,,POST,,Finance & Banking,Wealth management (general banking),Business & Enterprise,,0.2728914699979085,rules+model
2025,"Summer Analyst, Enterprise Strategy",TD,Wealth Management,Finance - Corporate Finance,,,,https://td.wd3.myworkdayjobs.com/en-US/TD_Bank_Careers,,PRE,,Finance & Banking,Wealth management (general banking),,,0.3194018548657266,rules+model
2025,Campus Ambassador,TD,Wealth Management,Marketing,,,,https://td.wd3.myworkdayjobs.com/en-US/TD_Bank_Careers,,PRE,,Finance & Banking,Wealth management (general banking),,,0.3670913070582797,rules+model
2025,Customer Service Associate,TD,Wealth Management,Wealth Management,,,,https://td.wd3.myworkdayjobs.com/en-US/TD_Bank_Careers,,POST,Started during degree,Finance & Banking,Wealth management (general banking),Business & Enterprise,,0.5287150733519388,rules+model
2025,"Marketing Specialist Intern, D2C",TELUS,Other,Marketing,,,,https://www.telus.com/en/about/careers?linktype=ge-footer,Telecommunications,PRE,,Marketing & Communications,Internships,,,0.6880754315543617,model
2025,Bartender,The BeachHouse Seafood and Fine Dining,Other,Other,,,,https://www.thebeachhouserestaurant.ca/about/#careers,Food/Hospitality,PRE,,Other,Internships,,,0.29596886401460054,model
2025,Associate,The Stewart Group Inc.,Consulting,Consulting,,,,https://www.thestewartgroup.ca/join-us,,POST,Started during degree,Consulting & Advisory,Consulting & Advisory,,,0.5444393658310173,model
2025,Summer Analyst,The Stewart Group Inc.,Consulting,Consulting,,,,https://www.thestewartgroup.ca/join-us,,PRE,,Consulting & Advisory,Consulting & Advisory,,,0.5080818065732466,model
2025,"Translator, Live Support",TOUR Organizing Committee,Other,Other,,,,,Tourism/Communications,PRE,,Marketing & Communications,Marketing & Communications,,,0.26047054669956327,rules+model
2025,Growth and Strategy Analyst,Trudent,Other,Entrepreneurship,,,,https://www.linkedin.com/company/trudent/about/,,POST,,Business & Enterprise,Business & Enterprise,,,0.2832639739572537,model
2025,Service Delivery Analyst,Trulioo,Other,Data Science,,,,https://www.trulioo.com/company/careers,Software Development,PRE,,Data Science & Analytics,Data Science & Analytics,,,0.41684804001568565,model
2025,Marketing Manager,Tutti Mimo,Other,Marketing,,,,https://www.instagram.com/tuttimimo/,Retail,PRE,,"Hospitality & Retail (Food, Service Industries)",Customer Experience and Service Management,,,0.5592974760444126,rules+model
2025,BIE Peer Academic Advisor,UBC,Academia,Academia,,,,https://careercentre.economics.ubc.ca/volunteer-with-us/,,PRE,,Post-Secondary Institution,Post-Secondary Institution,,,0.5010886337916789,rules+model
2025,Chapman Learning Commons Project Assistant,UBC,Academia,Academia,,,,https://hr.ubc.ca/careers,,PRE,,Post-Secondary Institution,Post-Secondary Institution,,,0.5865627403727981,rules+model
2025,Student Ambassador,UBC,Academia,Academia,,,,https://hr.ubc.ca/careers,,PRE,,Post-Secondary Institution,Post-Secondary Institution,,,0.514707704469683,rules+model
2025,Teaching Assistant,UBC,Academia,Academia,,,,https://hr.ubc.ca/careers,,PRE,,Post-Secondary Institution,Academia,,,0.8111870417890987,rules+model
2025,Arts Peer Advisor,UBC,Academia,Academia,,,,https://hr.ubc.ca/careers,,PRE,,Post-Secondary Institution,Administration and Office Management,,,0.5488091738353148,rules+model
2025,Jumpstart Orientation Leader,UBC,Academia,Academia,,,,https://hr.ubc.ca/careers,,PRE,,Post-Secondary Institution,Post-Secondary Institution,,,0.5039946699344299,rules+model
2025,Orientation Leader,UBC,Academia,Academia,,,,https://hr.ubc.ca/careers,,PRE,,Post-Secondary Institution,Post-Secondary Institution,,,0.5039946699344299,rules+model
2025,Peer Mentor,UBC,Academia,Academia,,,,https://hr.ubc.ca/careers,,PRE,,Post-Secondary Institution,Post-Secondary Institution,,,0.5667314298284688,rules+model
2025,Student Financial Management Assistant,UBC,Academia,Academia,,,,https://hr.ubc.ca/careers,,PRE,,Post-Secondary Institution,Post-Secondary Institution,,,0.6063699596988792,rules+model
2025,Teaching Assistant- ECON 102 Macroeconomics,UBC,Academia,Academia,,,,https://hr.ubc.ca/careers,,PRE,,Post-Secondary Institution,Academia,,,0.6982955095281776,rules+model
2025,Teaching Assistant- ECON 255,UBC,Academia,Academia,,,,https://hr.ubc.ca/careers,,PRE,,Post-Secondary Institution,Academia,,,0.6982955095281776,rules+model
2025,Teaching Assistant-CPSC 430,UBC,Academia,Academia,,,,https://hr.ubc.ca/careers,,PRE,,Post-Secondary Institution,Academia,,,0.8090665506007143,rules+model
2025,Finance Assistant Worklearn,UBC,Academia,Finance - Corporate Finance,,,,https://hr.ubc.ca/careers,,PRE,,Post-Secondary Institution,Post-Secondary Institution,,,0.37015850451472504,rules+model
2025,Finance Assistant Worklearn and Project Manager,UBC,Academia,Finance - Corporate Finance,,,,https://hr.ubc.ca/careers,,PRE,,Post-Secondary Institution,Business & Enterprise,Project / Program Development,,0.25528636870137245,rules+model
2025,COMET Project Research Assistant to Dr. Jonathan Graves,UBC,Academia,Health/Policy/Research,,,,https://hr.ubc.ca/careers,,PRE,,Post-Secondary Institution,Research,,,0.48585949472450213,rules+model
2025,Project Researcher,UBC,Academia,Health/Policy/Research,,,,https://hr.ubc.ca/careers,,PRE,,Post-Secondary Institution,Post-Secondary Institution,,,0.36416348679210053,rules+model
2025,Research Assistant,UBC,Academia,Health/Policy/Research,,,,https://hr.ubc.ca/careers,,PRE,,Post-Secondary Institution,Research,,,0.4311530133978955,rules+model
2025,Research Assistant,UBC,Academia,Health/Policy/Research,,,,https://hr.ubc.ca/careers,,PRE,,Post-Secondary Institution,Research,,,0.4311530133978955,rules+model
2025,Research Intern,UBC,Academia,Health/Policy/Research,,,,https://hr.ubc.ca/careers,,PRE,,Post-Secondary Institution,Research,Internships,,0.4593514219987591,rules+model
2025,Residence Advisor,UBC,Academia,Academia,,,,https://hr.ubc.ca/careers,,PRE,,Post-Secondary Institution,Administration and Office Management,,,0.5595795361367266,rules+model
2025,Employer & Alumni Engagement Assistant,UBC Career Centre,Academia,Academia,,,,https://students.ubc.ca/about-student-services/ubc-career-centre/,,PRE,,Post-Secondary Institution,Post-Secondary Institution,,,0.5230215839771427,rules+model
2025,First Year Experience Student Coordinator,UBC Career Centre,Academia,Academia,,,,https://students.ubc.ca/about-student-services/ubc-career-centre/,,PRE,,Post-Secondary Institution,Post-Secondary Institution,,,0.4302777304381175,rules+model
2025,Collegia Advisor - First Year Exerience Team,UBC Centre for Student Involvement & Careers,Academia,Academia,,,,https://students.ubc.ca/about-student-services/ubc-career-centre/,,PRE,,Post-Secondary Institution,Post-Secondary Institution,,,0.3990401902949961,rules+model
2025,Senior Collegia Advisor,UBC Centre for Student Involvement & Careers,Academia,Academia,,,,https://students.ubc.ca/about-student-services/ubc-career-centre/,,PRE,,Post-Secondary Institution,Post-Secondary Institution,,,0.41452490913633805,rules+model
2025,Learning Technology Rover,"UBC Centre for Teaching, Learning and Technology",Academia,Academia,,,,https://ctlt.ubc.ca/?query-4-search-1=&query-4-page=1,IT,PRE,,Academia,Academia,,,0.3724606473051394,rules+model
2025,Cultural Assistant,UBC English Language Institute,Academia,Academia,,,,https://eli.ubc.ca/apply-now/,,PRE,,Academia,Academia,,,0.5241350310972278,rules+model
2025,Finance Assistant,UBC Faculty of Land and Food Systems,Academia,Finance - Corporate Finance,,,,https://www.landfood.ubc.ca/,,PRE,,Academia,Academia,,,0.3482208655963987,rules+model
2025,Research Assistant,UBC REX Program,Academia,Health/Policy/Research,,,,https://www.linkedin.com/company/ubcuro/about/,,PRE,,Post-Secondary Institution,Research,,,0.4152479837319593,rules+model
2025,Teaching Assistant- Strategic Management (COMM 491),UBC Sauder,Academia,Academia,,,,https://www.sauder.ubc.ca/about-ubc-sauder/careers,,PRE,,Academia,Academia,,,0.6535164258957114,rules+model
2025,Teaching Assistant,UBC Sauder School of Business,Academia,Academia,,,,https://www.sauder.ubc.ca/about-ubc-sauder/careers,,PRE,,Academia,Academia,,,0.6369394096716581,rules+model
2025,Teaching Assistant,UBC Sauder School of Business,Academia,Academia,,,,https://www.sauder.ubc.ca/about-ubc-sauder/careers,,PRE,,Academia,Academia,,,0.6369394096716581,rules+model
2025,Teaching Assistant - COEC 381 (Investment Theory),UBC Sauder School of Business,Academia,Academia,,,,https://www.sauder.ubc.ca/about-ubc-sauder/careers,,PRE,,Academia,Academia,,,0.6008990525554978,rules+model
2025,Research Assistant,UBC Sauder School of Business,Academia,Health/Policy/Research,,,,https://www.sauder.ubc.ca/about-ubc-sauder/careers,,PRE,,Academia,Research,,,0.4114069360485818,rules+model
2025,"Climate-Focused Reporting Analyst, BMO SME Climate Clinic",UBC Sauder School of Business,Academia,Sustainability/Environment,,,,https://www.sauder.ubc.ca/about-ubc-sauder/careers,,PRE,,Academia,Health and Healthcare,Environmental and Sustainability (ESG and Climate),,0.5987933066105575,rules+model
2025,Climate Policy Research Assistant,UBC School of Public Policy and Global Affairs (SPPGA),Academia,Health/Policy/Research,,,,https://sppga.ubc.ca/about/opportunities/,,PRE,,Academia,Research,Policy,,0.3602491926605045,rules+model
2025,Partnership Associate,Uber,Other,Entrepreneurship,,,,https://www.uber.com/ca/en/careers/?uclick_id=a5dcb1fd-85b7-4481-8f7b-b0faad46ff77,,POST,,Business & Enterprise,Business & Enterprise,,,0.4758919397935181,model
2025,Strategic Partnerships Associate,Uber,Other,Entrepreneurship,,,,https://www.uber.com/ca/en/careers/?uclick_id=a5dcb1fd-85b7-4481-8f7b-b0faad46ff78,Internet Marketplace,PRE,,E-Commerce,E-Commerce,,,0.39968305476538063,rules+model
2025,Non-Profit Foundation Advisor,UHUBOR COMMUNICATIONS,Other,Entrepreneurship,,,,http://uhuboredu.com/en/,Software Development,PRE,,Marketing & Communications,Marketing & Communications,,,0.39222413871406925,rules+model
2025,Project Mentor and Coach,UHUBOR COMMUNICATIONS,Other,Entrepreneurship,,,,http://uhuboredu.com/en/,Software Development,PRE,,Marketing & Communications,Marketing & Communications,,,0.41795239934386114,rules+model
2025,Carbon Offsets Research Assistant,UHUBOR COMMUNICATIONS,Other,Health/Policy/Research,,,,http://uhuboredu.com/en/,Software Development,PRE,,Research,Marketing & Communications,Environmental and Sustainability (ESG and Climate),,0.2676155584126204,rules+model
2025,Business Analysis Intern,Ultralogix,Data Science,Finance - Corporate Finance,,,,https://www.ultralogix.ca/,,PRE,,Data Science & Analytics,Internships,,,0.34306794277360514,model
2025,Youth Worker,United Nations Association of Pakistan (UNAP),Government and NGO's/No-Profit Organizations (NPOs),Non-Government Organizations (NGOs),Non-Government Organizations (NGOs),Project  / Program Development,,https://una.org.pk/individuals/,,PRE,,Environmental and Sustainability (ESG and Climate),Environmental and Sustainability (ESG and Climate),,,0.19150006101281145,model
2025,Research Assistant,Universidad de Piura,Academia,Health/Policy/Research,,,,https://www.udep.edu.pe/,,PRE,,Research,Research,,,0.5262617615371714,rules+model
2025,Impact Strategy Analyst - Financial Health & Inclusion,Vancity,Wealth Management,Finance - Investment Banking,,,,https://www.vancity.com/careers/,Health,PRE,,Finance & Banking,Wealth management (general banking),,,0.35373554628190806,rules+model
2025,Cardholder Care Agent,Vancity,Wealth Management,Wealth Management,,,,https://www.vancity.com/careers/,,POST,,Finance & Banking,Wealth management (general banking),,,0.5879929176477647,rules+model
2025,Business Operations Associate,Vancouver Aquarium,Other,Other,,,,https://www.vanaqua.org/Careers,Tourism &Education/Hospitality,PRE,,Business & Enterprise,Operations and Supply Chain Management,,,0.25642630153495877,rules+model
2025,Customer Service Representative,Vancouver Bullion & Currency Exchange (VBCE),Finance - Sales and Trading,Finance - Sales and Trading,,,,https://www.vbce.ca/careers,,PRE,,Finance & Banking,Sales and Trading,Business & Enterprise,,0.194620354266511,rules+model
2025,Exhibit Services Ambassador,Vancouver Convention Centre,Other,Other,,,,https://www.vancouverconventioncentre.com/careers,Hospitality,POST,Started during degree,Other,Internships,,,0.2655101471799093,model
2025,Guest Services Coordinator,Vancouver Convention Centre,Other,Other,,,,https://www.vancouverconventioncentre.com/careers,Hospitality,POST,Started during degree,Other,Internships,,,0.2942872274557025,model
2025,Research Assistant,Vancouver Local Immigration Partnership,Government and NGO's/No-Profit Organizations (NPOs),Health/Policy/Research,,,,https://vancouverlip.org/home-v1,,PRE,,Research,Research,,,0.5471289134059638,rules+model
2025,Research intern,VSE,Academia,Health/Policy/Research,,,,https://economics.ubc.ca/about/job-opportunities/,,POST,Started during degree,Research,Internships,,,0.567413558219556,rules+model
2025,Research Assistant,VSE,Academia,Academia,,,,https://economics.ubc.ca/about/job-opportunities/,,PRE,,Research,Research,,,0.5719298461379188,rules+model
2025,Research Assistant,VSE,Academia,Academia,,,,https://economics.ubc.ca/about/job-opportunities/,,PRE,,Research,Research,,,0.5719298461379188,rules+model
2025,Research Assistant,VSE,Academia,Health/Policy/Research,,,,https://economics.ubc.ca/about/job-opportunities/,,PRE,,Research,Research,,,0.5719298461379188,rules+model
2025,Research Assistant,VSE,Academia,Health/Policy/Research,,,,https://economics.ubc.ca/about/job-opportunities/,,PRE,,Research,Research,,,0.5719298461379188,rules+model
2025,Research Assistant,VSE,Academia,Health/Policy/Research,,,,https://economics.ubc.ca/about/job-opportunities/,,PRE,,Research,Research,,,0.5719298461379188,rules+model
2025,Summer Research Assistant,VSE,Academia,Health/Policy/Research,,,,https://economics.ubc.ca/about/job-opportunities/,,POST,,Research,Research,,,0.4676028509531823,rules+model
2025,Research Assistant,VSE,Academia,Health/Policy/Research,,,,https://economics.ubc.ca/about/job-opportunities/,,PRE,,Research,Research,,,0.5719298461379188,rules+model
2025,Business Development and Events Coordinator,VSE,Academia,Entrepreneurship,,,,https://economics.ubc.ca/about/job-opportunities/,,PRE,,Business & Enterprise,Sales / Business Development,,,0.32805029414861725,rules+model
2025,Undergraduate Research Assistant,VSE,Academia,Health/Policy/Research,,,,https://economics.ubc.ca/about/job-opportunities/,,PRE,,Research,Research,,,0.33321228624687904,rules+model
2025,Teaching Assistant- Corporate Finance,VSE,Academia,Academia,,,,https://economics.ubc.ca/about/job-opportunities/,,PRE,,Academia,Finance & Banking,Corporate Finance,,0.4660503235046091,rules+model
2025,Research assistant,VSE,Academia,Health/Policy/Research,,,,https://economics.ubc.ca/about/job-opportunities/,,PRE,,Research,Research,,,0.5719298461379188,rules+model
2025,Research Assistant & Undergraduate Academic Assistant,VSE,Academia,Health/Policy/Research,,,,https://economics.ubc.ca/about/job-opportunities/,,PRE,,Research,Research,,,0.48864555781728153,rules+model
2025,Research Intern,VSE,Academia,Health/Policy/Research,,,,https://economics.ubc.ca/about/job-opportunities/,,PRE,,Research,Internships,,,0.567413558219556,rules+model
2025,Business Analysis and Data Management Coordinator,VSECC,Academia,Data Science,,,,https://careercentre.economics.ubc.ca/volunteer-with-us/,,POST,,Data Science & Analytics,Data Science & Analytics,,,0.40576941726434634,model
2025,Business Development Coordinator,VSECC,Academia,Academia,,,,https://careercentre.economics.ubc.ca/volunteer-with-us/,,PRE,,Business & Enterprise,Sales / Business Development,,,0.26577085881889084,rules+model
2025,Program Developer,VSECC,Academia,Academia,,,,https://careercentre.economics.ubc.ca/volunteer-with-us/,,PRE,,Academia,Academia,,,0.3840462712932176,model
2025,Program Development Coordinator,VSECC,Academia,Academia,,,,https://careercentre.economics.ubc.ca/volunteer-with-us/,,PRE,,Academia,Academia,,,0.3508208393867697,model
2025,Data Analytics Portfolio Lead,VSECC,Academia,Data Science,,,,https://careercentre.economics.ubc.ca/volunteer-with-us/,,PRE,,Data Science & Analytics,Business Analytics,,,0.5054117128344544,rules+model
2025,Research Intern,Women's Economic Council,Government and NGO's/No-Profit Organizations (NPOs),Health/Policy/Research,,,,https://womenseconomiccouncil.ca/careers/,,PRE,,Research,Internships,,,0.5386266864295695,rules+model
2025,Research Intern,Women's Economic Council,Government and NGO's/No-Profit Organizations (NPOs),Health/Policy/Research,,,,https://womenseconomiccouncil.ca/careers/,,PRE,,Research,Internships,,,0.5386266864295695,rules+model
2025,Summer Research Intern,Women's Economic Council,Government and NGO's/No-Profit Organizations (NPOs),Health/Policy/Research,,,,https://womenseconomiccouncil.ca/careers/,,PRE,,Research,Internships,,,0.48463029671853286,rules+model
2025,Partnership Development Representative,Workden.,Other,Entrepreneurship,,,,https://www.linkedin.com/company/workden/about/,Hospitality,PRE,,Business & Enterprise,Business & Enterprise,,,0.4451199623357879,model
2025,Partnerships Development Representative,Workden.,Other,Other,,,,https://www.linkedin.com/company/workden/about/,Hospitality,PRE,,Business & Enterprise,Business & Enterprise,,,0.3610672366567311,model
2025,Laborer,Zepto Contracting Ltd.,Other,Other,,,,https://zeptoasbestos.ca/,Construction,POST,Started during degree,Other,Internships,,,0.27943221394293605,model
2025,ESG Consultant,Zircon Industry Association,Other,Sustainability/Environment,,,,https://www.zircon-association.org/,Mining,POST,,Consulting & Advisory,Environmental and Sustainability (ESG and Climate),Energy and Resources,,0.6018524315389244,rules+model
2025,Food Server,ZUBU Ramen,Other,Other,,,,https://byzubu.com/ramen/careers/,Food/Hospitality,PRE,,"Hospitality & Retail (Food, Service Industries)",Customer Experience and Service Management,,,0.34384812915162605,rules+model
2024,Corporate Development Analyst,Aarista Technologies,Health/Policy/Research,Other,,,,https://aarista.com/,Business analytics,,,Data Science & Analytics,Business Analytics,,,0.19892707102892587,rules+model
2024,Equity Research Associate,AlphaSense,Other,Finance - Asset Management,,,,https://www.alpha-sense.com/careers/,Software development,,,Research,Research,,,0.18851334445636128,rules+model
2024,Financial Associate I - Taxonomy,AlphaSense,,,,,,https://www.alpha-sense.com/careers/,,,,Other,Finance & Banking,,,0.2432638240935211,model
2024,Procurement Analyst,"Apollo Global Management, Inc.",Finance - Asset Management,Finance - Sales and Trading,,,,https://www.apollo.com/careers,,POST,,Finance & Banking,Asset Management,Business & Enterprise,,0.1893363461510453,rules+model
2024,Team Lead,Aritzia,Other,Other,,,,https://www.aritzia.com/en/aritzia/corporate-hub/careers/careers-landing-page,Retail,,,"Hospitality & Retail (Food, Service Industries)",Customer Experience and Service Management,,,0.2701373006307377,rules+model
2024,Graphic Design Artist,Baha Design,Other,Other,,,,https://www.linkedin.com/company/bahadesign/,Graphic design,POST,,Other,Internships,,,0.23480308975130892,model
2024,"Consultant Trainee, Risk Advisory",Baker Tilly,Finance - Corporate Finance,Consulting,,,,https://www.bakertilly.ca/careers,,POST,,Finance & Banking,Corporate Finance,Consulting & Advisory,,0.41328981799684256,rules+model
2024,Investments Intern,"Balfour Pacific Capital, Inc.",Finance - Private Equity,Finance - Private Equity,,,,https://balfourpacific.com/,,PRE,"Internship, but don't know when graduated",Finance & Banking,Internships,Private Equity,,0.19566249624448884,rules+model
2024,"Research Assistant, Price Analytics Team",Bank of Korea,Government and NGO's/No-Profit Organizations (NPOs),Finance - Corporate Finance,,,,https://www.bok.or.kr/eng/main/main.do,central bank,,,Research,Data Science & Analytics,Business Analytics,,0.34404418913397905,rules+model
2024,Cloud Consultant,BDO Digital,Consulting,Consulting,,,,https://www.bdo.ca/careers,Technology,,,Consulting & Advisory,Consulting & Advisory,,,0.5932411695164145,rules+model
2024,Commercial Analyst Development Program (paid),BMO,Wealth Management,Finance - Corporate Finance,,,,https://jobs.bmo.com/ca/en?icid=tl-FEAT2953BRND4-AJBMOH354,,,,Finance & Banking,Wealth management (general banking),,,0.28052110447925166,rules+model
2024,Analyst,BMO,Wealth Management,Finance - Corporate Finance,,,,https://jobs.bmo.com/ca/en?icid=tl-FEAT2953BRND4-AJBMOH354,,,,Finance & Banking,Wealth management (general banking),,,0.36816669595575374,rules+model
2024,Client Service Assistant,BMO,,,,,,https://jobs.bmo.com/ca/en?icid=tl-FEAT2953BRND4-AJBMOH354,,,,Business & Enterprise,Customer Experience and Service Management,,,0.20333936280916776,rules+model
2024,Client Service Associate,BMO,,,,,,https://jobs.bmo.com/ca/en?icid=tl-FEAT2953BRND4-AJBMOH354,,,,Business & Enterprise,Customer Experience and Service Management,,,0.20184404575573983,rules+model
2024,Customer Service Representative,BMO,,,,,,https://jobs.bmo.com/ca/en?icid=tl-FEAT2953BRND4-AJBMOH354,,,,Business & Enterprise,Customer Experience and Service Management,,,0.19553768022287316,rules+model
2024,"Analyst, Asset Management & Sustainability",Bosa Properties,Other,Finance - Asset Management,,,,https://bosaproperties.com/careers,Real Estate//sustainability,,,Finance & Banking,Asset Management,Environmental and Sustainability (ESG and Climate),,0.21622000799160304,rules+model
2024,Design Lead,CAIAI,,Other,,,,https://www.caiai.ca/,Graphic design,POST,,Other,Internships,,,0.23380008265787203,model
2024,Business Development Associate,Canaccord Genuity Group Inc.,Wealth Management,Other,,,,https://www.canaccordgenuity.com/global-careers/,Business analytics,,,Finance & Banking,Wealth management (general banking),Data Science & Analytics,,0.23695189442010287,rules+model
2024,Analyst,Canada ICI Capital Corporation,Other,Other,,,,https://www.canadaici.com/careers/,Real estate finance,POST,,Real Estate,Real Estate,,,0.3184749722080488,rules+model
2024,Financial Services Associate,CIBC,Wealth Management,,,,,https://www.cibc.com/en/about-cibc/careers.html,,,,Finance & Banking,Wealth management (general banking),,,0.5935924834043694,rules+model
2024,Customer Service Representative,CIBC,,,,,,https://www.cibc.com/en/about-cibc/careers.html,,,,Business & Enterprise,Customer Experience and Service Management,,,0.18228652762989678,rules+model
2024,Analyst,Citi,Wealth Management,Finance - Investment Banking,,,,https://jobs.citi.com/,,POST,,Finance & Banking,Wealth management (general banking),,,0.6301542463242017,rules+model
2024,Sustainability Scholar,City of Richmond,Government and NGO's/No-Profit Organizations (NPOs),Sustainability/Environment,,,,https://www.richmond.ca/city-hall/careers.htm,,,,Government,Municipal,Environmental and Sustainability (ESG and Climate),,0.5233089147969003,rules+model
2024,Investment Banking Analyst,ComCap,Finance - Investment Banking,Finance - Investment Banking,,,,https://comcapllc.com/careers,,,,Finance & Banking,Investment Banking,,,0.2946803414821803,rules+model
2024,Junior Accountant,Elemental Energy,Other,Finance - Corporate Finance,,,,https://elementalenergy.ca/,,POST,,Business & Enterprise,Accounting,Energy and Resources,,0.2332446225355779,rules+model
2024,Project Designer,flint,Other,Other,,,,https://www.linkedin.com/company/getflint-ai/,Software development//Graphic design,POST,,Business & Enterprise,Business & Enterprise,,,0.24807359254970013,model
2024,Strategic Partnerships Development Manager,G&A Robot,,,,,,https://www.garobot.com/careers,,,,Real Estate,Property Development,,,0.31177104683308715,rules+model
2024,Financial Analyst & Researcher,GENIUS VISIONARY INC.,Consulting,Other,,,,https://www.geniusvisionaryinc.com/,Data analysis,,,Finance & Banking,Corporate Finance,,,0.2021829682480005,rules+model
2024,Tour Guide,Globa,Other,Other,,,,,travel and tourism,,,Other,Internships,,,0.2602989692609465,model
2024,Associate Consultant,Global Public Affairs,Consulting,Consulting,,,,https://globalpublicaffairs.ca/careers,,POST,,Consulting & Advisory,Consulting & Advisory,,,0.5957850710552159,rules+model
2024,Consultant,Global Public Affairs,Consulting,Consulting,,,,https://globalpublicaffairs.ca/careers,,POST,,Consulting & Advisory,Consulting & Advisory,,,0.6813874481247778,rules+model
2024,Server,Homer Street Cafe and Bar,Other,Other,,,,https://www.homerstreetcafebar.com/careers,Food,POST,Started during degree,"Hospitality & Retail (Food, Service Industries)",Customer Experience and Service Management,,,0.3065759070679786,rules+model
2024,"Clearing and Settlements Processor, Direct Custody & Clearing Services",HSBC,Wealth Management,Finance - Corporate Finance,,,,https://www.hsbc.com/careers,,,,Finance & Banking,Wealth management (general banking),,,0.5022893561533543,rules+model
2024,Term Socioeconomic Advisor,Imperial Oil,Other,Other,,,,https://www.imperialoil.ca/careers/careers,Oil & Gas//business analytics,,,Data Science & Analytics,Business Analytics,,,0.2242590755331062,rules+model
2024,Finance and Sales Operations Administrator,INETCO Systems Limited,Other,Finance - Corporate Finance,,,,https://www.inetco.com/company/careers/,Software,,,Business & Enterprise,Sales / Business Development,,,0.208684706825059,rules+model
2024,Consultant- ESG & Sustainability,KPMG,Consulting,Consulting,,,,https://kpmg.com/ca/en/home/careers.html,,POST,,Consulting & Advisory,Environmental and Sustainability (ESG and Climate),,,0.5754838463162478,rules+model
2024,Investment Banking Analyst,KPMG India,Consulting,Finance - Investment Banking,,,,https://kpmg.com/in/en/careers.html,,,,Finance & Banking,Investment Banking,,,0.2506935312461069,rules+model
2024,Sales Professional,Lao Feng Xiang Jewelry Canada,,,,,,https://lfxjewelry.ca/pages/careers,,,,Business & Enterprise,Sales / Business Development,,,0.21400906709935608,rules+model
2024,"Analyst, Consulting - Government Grant Administration",MNP,Consulting,Consulting,,,,https://www.mnp.ca/en/careers,,POST,,Consulting & Advisory,Consulting & Advisory,,,0.45153917142473116,model
2024,Content & Communications Coordinator,Moment Energy,Other,Marketing,,,,https://www.momentenergy.com/job-listings,Industrial manufacturing,POST,,Marketing & Communications,Energy and Resources,,,0.27502432895317686,rules+model
2024,Analyst,Movement Holdings,Finance - Corporate Finance,Finance - Corporate Finance,,,,https://www.linkedin.com/company/movement-investment-firm/,,,,Finance & Banking,Corporate Finance,,,0.19415535070957946,rules+model
2024,Investment Analyst,New Market Funds,Finance - Asset Management,Finance - Asset Management,,,,https://newmarketfunds.ca/,,POST,,Finance & Banking,Asset Management,,,0.23837901107256992,rules+model
2024,Market Research Specialist,NewtonX,Health/Policy/Research,Other,,,,https://www.newtonx.com/careers/,Business analytics,POST,,Data Science & Analytics,Business Analytics,,,0.25301701723317527,rules+model
2024,Administrative and Finance Coordinator,Northern Equity Partners Inc.,Finance - Corporate Finance,Finance - Corporate Finance,,,,https://northernep.ca/careers/,,POST,started during degree,Finance & Banking,Corporate Finance,,,0.19129020435221317,rules+model
2024,AI Model Trainer-Contributor,Outlier,,,,,,https://app.outlier.ai/en/expert/opportunities?location=All&type=All,,,,Other,Customer Experience and Service Management,,,0.2161915672473093,model
2024,"Analyst, Asset Management",PCI Developments,Other,Finance - Asset Management,,,,https://pci-group.com/,Real Estate,,,Finance & Banking,Asset Management,Real Estate,,0.2753331616696561,rules+model
2024,Assitant Manager,Pomona Coffee,Other,Other,,,,https://pomonacoffee.ca/,Food,,,Other,Internships,,,0.2456413293391187,model
2024,Accounting Intern,Push Operations,Other,Finance - Corporate Finance,,,,https://www.pushoperations.com/careers,Software development,POST,,Business & Enterprise,Accounting,Internships,,0.18159870901444874,rules+model
2024,Accounting and Payroll Assistant,Push Operations,Other,Finance - Corporate Finance,,,,https://www.pushoperations.com/careers,Software development,POST,,Business & Enterprise,Accounting,,,0.19441692508617728,rules+model
2024,ECON 250 TA,Queen's University,Academia,Other,,,,https://www.queensu.ca/humanresources/apply-jobs,Academic,,,Post-Secondary Institution,Academia,,,0.25146308388241045,rules+model
2024,Registration Associate,Raymond James Ltd.,Wealth Management,Other,,,,https://www.raymondjames.ca/careers,Compliance,,,Finance & Banking,Wealth management (general banking),Legal & Compliance,,0.39852001032738854,rules+model
2024,Investment Banking Analyst,RBC,Wealth Management,Finance - Investment Banking,,,,https://jobs.rbc.com/ca/en/work-at-rbc,,POST,,Finance & Banking,Investment Banking,Wealth management (general banking),,0.3083640861443706,rules+model
2024,Client Advisor,RBC,Wealth Management,Wealth Management,,,,https://jobs.rbc.com/ca/en/work-at-rbc,,,,Finance & Banking,Wealth management (general banking),,,0.554612477508875,rules+model
2024,Operations Officer,RBC,Wealth Management,Finance - Corporate Finance,,,,https://jobs.rbc.com/ca/en/work-at-rbc,,,,Finance & Banking,Wealth management (general banking),,,0.36720428810635036,rules+model
2024,Server,Restaurant Fiorellino,Other,Other,,,,https://fiorellino.ca/,Food,POST,,"Hospitality & Retail (Food, Service Industries)",Customer Experience and Service Management,,,0.31726028389217914,rules+model
2024,Customer Experience Associate,Scotiabank,Wealth Management,Finance - Corporate Finance,,,,https://www.scotiabank.com/careers/en/careers.html,,,,Finance & Banking,Wealth management (general banking),Business & Enterprise,,0.6984816035424812,rules+model
2024,Customer Experience Associate,TD,,,,,,https://careers.td.com/,,,,Business & Enterprise,Customer Experience and Service Management,,,0.17276769366897943,rules+model
2024,Global Markets Associate,TD Securities,Finance - Investment Banking,Finance - Sales and Trading,,,,https://www.tdsecurities.com/ca/en/careers,,,,Finance & Banking,Investment Banking,,,0.1913467050375543,rules+model
2024,Senior Sales Consultant,Tokyo Beauty,,,,,,https://www.linkedin.com/company/tokyobeauty/,,,,Consulting & Advisory,Business & Enterprise,Sales / Business Development,,0.2687512733343041,rules+model
2024,Tuex Tutor,Tuex Education,,,,,,https://www.tuex.ca/,,,,Marketing & Communications,Marketing & Communications,,,0.19103760544408047,model
2024,Workday Student Supporter Staff,UBC Arts Service Center,Other,Other,,,,https://www.arts.ubc.ca/student-support/asc-student/,IT,POST,,Post-Secondary Institution,Post-Secondary Institution,,,0.20969919721503466,rules+model
2024,Enrolment Services Coordinator,UBC Enrolment Services,Other,Other,,,,https://hr.ubc.ca/careers,Academic/IT,POST,,Post-Secondary Institution,Post-Secondary Institution,,,0.23803019666435007,rules+model
2024,Data Analytics Strategy Consultant,UBC Office of Enterprise Risk and Assurance,Other,Other,,,,https://hr.ubc.ca/careers,Data analysis,,,Post-Secondary Institution,Data Science & Analytics,Business Analytics,,0.3130646346008447,rules+model
2024,UBCEA DOTA 2 premier team,UBCEA,Other,Other,,,,https://www.ubcesports.ca/,E-sports,,,Other,Internships,,,0.27575867850791597,model
2024,Partner Associate,Uber,Other,Other,,,,https://www.uber.com/ca/en/careers/?uclick_id=6a566460-8e3b-47f7-9976-cc1ec54f6229,internet marketplace//business analytics,,,Data Science & Analytics,Business Analytics,E-Commerce,,0.3830997507823797,rules+model
2024,Investment Banking Analyst,Xestion Advisor Private Limited,Consulting,Finance - Investment Banking,,,,https://xestiongroup.com/our-career/,,,,Finance & Banking,Investment Banking,,,0.23884249538473243,rules+model
2024,Communications and Sales Representative,"四川科衡史密特换热器科技有限公司 (Sichuan Keheng Schmidt Heat Exchanger Technology Co., Ltd.)",,,,,,,,,,Marketing & Communications,Business & Enterprise,Sales / Business Development,,0.22486937334239718,rules+model
2023,Consultant,180 Degrees Consulting - UBC,,,,,,https://www.ubc180dc.org/apply,,PRE,,Post-Secondary Institution,Consulting & Advisory,,,0.5771055222981781,rules+model
2023,Project Manager,180 Degrees Consulting - UBC,,,,,,https://www.ubc180dc.org/apply,,PRE,,Post-Secondary Institution,Business & Enterprise,Project / Program Development,,0.1987685981945873,rules+model
2023,Founder,Aan Charitable Trust,,,,,,https://www.linkedin.com/company/aan-charitable-trust/about/,,POST,,Business & Enterprise,Entrepreneurship,Startups,,0.45052631803003435,rules+model
2023,CTS Financial Analyst,Accenture,,,,,,https://www.accenture.com/ca-en/careers,,POST,,Finance & Banking,Corporate Finance,,,0.3166525688657115,rules+model
2023,Sales Associate,Ace Hardware Corporation,,,,,,https://careers.acehardware.com/,,PRE,,Business & Enterprise,Sales / Business Development,,,0.24717136914431365,rules+model
2023,Business Development Consultant,Acetake Group Inc.,,,,,,https://acetakegroup.com/careers,,PRE,,Consulting & Advisory,Business & Enterprise,Sales / Business Development,,0.24515553147240918,rules+model
2023,Incoming Global Exchange Specialist,AIESEC UBC,,,,,,https://www.aiesec.ca/this-is-aiesec,,PRE,,Post-Secondary Institution,Post-Secondary Institution,,,0.184308255988752,rules+model
2023,Marketing Project Lead & Digital Content Creator,Alpha Woman Co.,,,,,,https://www.linkedin.com/company/alphawomanco/about/,,PRE,,Marketing & Communications,Marketing & Communications,,,0.454629281715335,rules+model
2023,Financial Associate,AlphaSense,,,,,,https://www.alpha-sense.com/careers/,,POST,,Other,Finance & Banking,,,0.2350111605938142,model
2023,Financial Analyst- Manager,AlphaSense,,,,,,https://www.alpha-sense.com/careers/,,POST,,Finance & Banking,Corporate Finance,,,0.23882121618078403,rules+model
2023,Financial Industrt Reports,ALStar Brokerage Solutions,,,,,,https://www.alstarsolutions.com/,,PRE,,Other,Finance & Banking,,,0.24963198956862231,model
2023,Councilor,AMS of UBC,,,,,,https://www.ams.ubc.ca/opportunities/jobs/,,PRE,,Post-Secondary Institution,Post-Secondary Institution,,,0.21974108260048686,rules+model
2023,"Events Officer, Elections Committee",AMS of UBC,,,,,,https://www.ams.ubc.ca/opportunities/jobs/,,PRE,,Post-Secondary Institution,Post-Secondary Institution,,,0.18355807809956806,rules+model
2023,AMS Senior Tutor,AMS of UBC,,,,,,https://www.ams.ubc.ca/opportunities/jobs/,,PRE,,Post-Secondary Institution,Post-Secondary Institution,,,0.2600105237010428,rules+model
2023,Advocacy Assistant Coordinator,AMS of UBC,,,,,,https://www.ams.ubc.ca/opportunities/jobs/,,,Not on lInkedin anymore,Post-Secondary Institution,Post-Secondary Institution,,,0.23305408277853282,rules+model
2023,Senior Tutor,AMS of UBC,,,,,,https://www.ams.ubc.ca/opportunities/jobs/,,PRE,,Post-Secondary Institution,Post-Secondary Institution,,,0.2410780688542581,rules+model
2023,Econ & Math Tutor,AMS of UBC,,,,,,https://www.ams.ubc.ca/opportunities/jobs/,,PRE,,Post-Secondary Institution,Post-Secondary Institution,,,0.27137952236506835,rules+model
2023,Research Professional Intern,Analysis Group,,,,,,https://www.analysisgroup.com/careers/,,PRE,,Health and Healthcare,Internships,,,0.2177199091331759,model
2023,Analyst/Research Professional,Analysis Group,,,,,,https://www.analysisgroup.com/careers/,,POST,,Other,Research,,,0.2254108276720762,model
2023,Analyst,Analysis Group,,,,,,https://www.analysisgroup.com/careers/,,POST,,Other,Finance & Banking,,,0.25713213461962037,model
2023,Analyst,Analysis Group,,,,,,https://www.analysisgroup.com/careers/,,POST,,Other,Finance & Banking,,,0.25713213461962037,model
2023,Senior Analyst,Analysis Group,,,,,,https://www.analysisgroup.com/careers/,,POST,,Other,Consulting & Advisory,,,0.2622126270873101,model
2023,Analyst,Analysis Group,,,,,,https://www.analysisgroup.com/careers/,,POST,,Other,Finance & Banking,,,0.25713213461962037,model
2023,Sales Associate,Anthropologie,,,,,,https://www.urbn.com/work-with-us,,POST,Should we count jobs held one month after graduation as post-grad when majority was pre?,Business & Enterprise,Sales / Business Development,,,0.2443584580041265,rules+model
2023,Actuarial and Analytics Intern,Aon,,,,,,https://jobs.aon.com/,,POST,Started during degree,Actuarial Science,Data Science & Analytics,Business Analytics,,0.46288489743178496,rules+model
2023,Acturarial Analyst,Aon,,,,,,https://jobs.aon.com/,,POST,,Actuarial Science,Actuarial Science,,,0.3171179130836899,model
2023,Debate Coach,APASS Education,,,,,,https://apass.ca/joinourteam/,,PRE,,Other,Internships,,,0.19917213095033873,model
2023,Junior Data Analyst,Apero Health (Y Combinator),,,,,,https://www.ycombinator.com/companies/apero-health/jobs,,POST,,Data Science & Analytics,Business Analytics,,,0.5099494848337467,rules+model
2023,Junior Data Analyst,Apero Health (Y Combinator),,,,,,https://www.ycombinator.com/companies/apero-health/jobs,,POST,,Data Science & Analytics,Business Analytics,,,0.5099494848337467,rules+model
2023,Operations Specialist,Apero Health (Y Combinator),,,,,,https://www.ycombinator.com/companies/apero-health/jobs,,POST,,Other,Finance & Banking,,,0.24558542402968117,model
2023,Compliance and Project Manager,Apero Health (Y Combinator),,,,,,https://www.ycombinator.com/companies/apero-health/jobs,,POST,,Business & Enterprise,Project / Program Development,Legal & Compliance,,0.27130139040323004,rules+model
2023,Business Development Representative,Aplin,,,,,,https://www.aplin.com/job-seekers/,,POST,,Business & Enterprise,Sales / Business Development,,,0.4917601131581869,rules+model
2023,Planning Associate,Arc'teryx Equipment,,,,,,https://arcteryx.com/ca/en/careers,,POST,,Other,Internships,,,0.24365562603062385,model
2023,Planning Coordinator,Arc'teryx Equipment,,,,,,https://arcteryx.com/ca/en/careers,,POST,,Other,Finance & Banking,,,0.2279765262465474,model
2023,Demand Planner,Arc'teryx Equipment,,,,,,https://arcteryx.com/ca/en/careers,,POST,,Other,Internships,,,0.32572138895750913,model
2023,Investment Analyst,Artesian Investment Partners,,,,,,https://www.linkedin.com/company/artesian-investment-partners/,,PRE,,Other,Finance & Banking,,,0.37212847110699543,model
2023,Associate,Artesian Investment Partners,,,,,,https://www.linkedin.com/company/artesian-investment-partners/,,PRE,,Other,Finance & Banking,,,0.25697388493804746,model
2023,"Senior Associate, Private Equity",Artesian Investment Partners,,,,,,https://www.linkedin.com/company/artesian-investment-partners/,,POST,Started during degree,Finance & Banking,Private Equity,,,0.27802292861650735,rules+model
2023,Intern Team Lead,Association of Family Offices in Asia,,,,,,https://www.familyoffices-asia.com/,,PRE,,Other,Internships,,,0.18359054620435636,model
2023,Research Intern,Association of Family Offices in Asia,,,,,,https://www.familyoffices-asia.com/,,PRE,,Research,Internships,,,0.2595824475799743,rules+model
2023,Intern Team Lead,Atrax Systems,,,,,,,,PRE,,Other,Internships,,,0.19084056634032653,model
2023,Hostess Server,Au Comptoir,,,,,,https://www.aucomptoir.ca/,,PRE,,"Hospitality & Retail (Food, Service Industries)",Customer Experience and Service Management,,,0.27223240935827925,rules+model
2023,Hostess Server,Au Comptoir,,,,,,https://www.aucomptoir.ca/,,POST,,"Hospitality & Retail (Food, Service Industries)",Customer Experience and Service Management,,,0.27223240935827925,rules+model
2023,Sales And Marketing Intern,Babysure Fertility Center,,,,,,https://babysureivf.com/,,PRE,,Marketing & Communications,Internships,Business & Enterprise,,0.5890200774528436,rules+model
2023,Investment and Strategy Analyst,Baihe,,,,,,,,PRE,,Other,Finance & Banking,,,0.27563646704397887,model
2023,Credit Analyst,Bangkok Bank,,,,,,https://www.bangkokbank.com/en/About-Us/Bangkok-Bank-Careers,,PRE,,Finance & Banking,Finance & Banking,,,0.2647668864842516,rules+model
2023,Research Assistant,Bank of Canada,,,,,,https://www.bankofcanada.ca/careers/,,POST,,Research,Research,,,0.3320379509075682,rules+model
2023,Research Assistant,Bank of Canada,,,,,,https://www.bankofcanada.ca/careers/,,POST,,Research,Research,,,0.3320379509075682,rules+model
2023,Research Assistant,Bank of Canada,,,,,,https://www.bankofcanada.ca/careers/,,POST,,Research,Research,,,0.3320379509075682,rules+model
2023,Student Research Assistant,Bank of Canada,,,,,,https://www.bankofcanada.ca/careers/,,POST,Started during degree,Research,Research,,,0.2456013101671544,rules+model
2023,Bank Intern,Bank of China,,,,,,https://www.boc.cn/en/,,PRE,,Other,Internships,,,0.20274069793120575,model
2023,Grant Writer and Sponsorships Coordinator,Barks of Love Animal Rescue and Placement Services Corporation,,,,,,https://barksoflove.org/get-involved.html,,PRE,,Other,Finance & Banking,,,0.2596963189222058,model
2023,Customer Service Specialist,BBW International,,,,,,https://www.bbwinternational.com/careers,,PRE,,Business & Enterprise,Customer Experience and Service Management,,,0.21483089985558687,rules+model
2023,External Stakeholder Engagement Co-op/Intern,BCI,,,,,,https://bci.wd10.myworkdayjobs.com/BCI_Careers,,PRE,,Law,Internships,,,0.34249318961395364,model
2023,Data Science Intern,BetterHelp,,,,,,https://www.betterhelp.com/careers/,,POST,,Data Science & Analytics,Internships,,,0.4553359351115507,model
2023,Data Scientist,BetterHelp,,,,,,https://www.betterhelp.com/careers/,,POST,,Data Science & Analytics,Data Science & Analytics,,,0.6402639305793949,rules+model
2023,Content writing Intern,Black Milk Media,,,,,,"Website on LinkedIn links to virus, don't link",,PRE,,Marketing & Communications,Internships,,,0.2818685813583234,model
2023,"Analyst, Corporate Finance Division",BMO,,,,,,https://jobs.bmo.com/ca/en?icid=tl-FEAT2953BRND4-AJBMOH354,,PRE,,Finance & Banking,Corporate Finance,,,0.25855450455234685,rules+model
2023,Graduate Risk Analyst,BNP Paribas,,,,,,https://group.bnpparibas/en/careers,,POST,Started during degree,Finance & Banking,Finance & Banking,,,0.2803596881291668,rules+model
2023,Operational Risk Analyst,BNP Paribas CIB,,,,,,https://careers.cib.bnpparibas/,,POST,,Finance & Banking,Finance & Banking,,,0.2803596881291668,rules+model
2023,Operational Risk Management Summer Intern,BNP Paribas CIB,,,,,,https://careers.cib.bnpparibas/,,PRE,,Finance & Banking,Internships,,,0.167940785893296,rules+model
2023,Associate,Boston Consulting Group,,,,,,https://careers.bcg.com/global/en/,,POST,,Consulting & Advisory,Consulting & Advisory,,,0.23299036558509514,model
2023,Notetaker,British Columbia Law Institute,,,,,,https://www.bcli.org/about/get-involved/#work-opportunities,,POST,,Other,Internships,,,0.23154981815052927,model
2023,Executive Assistant,Brookes Westshore,,,,,,https://www.linkedin.com/school/brookes-westshore/about/,,POST,,Business & Enterprise,Administration and Office Management,,,0.23832220909303914,rules+model
2023,Sales Associate,Browns Shoes Inc.,,,,,,https://www.brownsshoes.com/en/page?fid=bs-careers,,PRE,,Business & Enterprise,Sales / Business Development,,,0.2447782065502289,rules+model
2023,M&A Market Research,Business Brothers,,,,,,,,PRE,,Finance & Banking,Investment Banking,,,0.2095367722351489,rules+model
2023,Video Producer,ByteDance,,,,,,https://joinbytedance.com/?_tracking=lihome,,PRE,,Other,Internships,,,0.32572138895750913,model
2023,Program Director,Camp Ponacka,,,,,,https://ponacka.com/working-at-ponacka/,,PRE,,Other,Customer Experience and Service Management,,,0.2208101106612726,model
2023,Marketing Coordinator,Campus Nutrition,,,,,,https://campusnutrition.ca/join,,POST,Started during degree,Marketing & Communications,Marketing & Communications,,,0.5360071035378773,rules+model
2023,"Student, Valuation and Stress Testing",Canada Deposit Insurance Corporation (CDIC) | Société d'assurance-dépôts du Canada (SADC),,,,,,https://www.cdic.ca/about/careers/,,POST,,Other,Internships,,,0.1694874089900763,model
2023,"Analyst, Member Risk and Resolution",Canada Deposit Insurance Corporation (CDIC) | Société d'assurance-dépôts du Canada (SADC),,,,,,https://www.cdic.ca/about/careers/,,POST,,Other,Internships,,,0.20263695510289953,model
2023,PDAT Responder,Canadian Red Cross,,,,,,https://www.redcross.ca/about-us/join-our-team,,POST,Started during degree,Other,Internships,,,0.23748163472596853,model
2023,PDAT Responder,Canadian Red Cross,,,,,,https://www.redcross.ca/about-us/join-our-team,,POST,,Other,Internships,,,0.23748163472596853,model
2023,Category Business Analyst,Canadian Tire Corporation,,,,,,https://corp.canadiantire.ca/English/careers/default.aspx,,POST,,Other,Finance & Banking,,,0.27319756517585575,model
2023,Analyst,Canvas Impact,,,,,,https://www.canvasimpact.com/contact,,PRE,,Other,Finance & Banking,,,0.25610925281632424,model
2023,Strategic Prospects and Economic Analysis for Sales and Marketing,CareerNiche,,,,,,https://www.careernicheoutplacement.com/,,PRE,,Business & Enterprise,Sales / Business Development,,,0.3226653353280649,rules+model
2023,Strategic Prospects and Economic Analysis for Sales and Marketing,CareerNiche,,,,,,https://www.careernicheoutplacement.com/,,PRE,,Business & Enterprise,Sales / Business Development,,,0.3226653353280649,rules+model
2023,Project Intern,Carpe Diem Suites,,,,,,https://www.carpediemsuites.com/,,PRE,,Business & Enterprise,Internships,,,0.15674745805856996,model
2023,Summer Student,Cascades,,,,,,https://jobs.cascades.com/?locale=en_US&utm_source=careersite&utm_campaign=corpo-website,,PRE,,Other,Internships,,,0.22832815586144867,model
2023,Summer Law Student,Cassels Brock & Blackwell LLP,,,,,,https://cassels.com/join-us/,,POST,,Other,Internships,,,0.22832815586144867,model
2023,Analyst,CDNGLOBAL® Canada,,,,,,https://www.cdnglobal.com/careers,,POST,,Other,Finance & Banking,,,0.2671084555205259,model
2023,Associate Advisir,CDNGLOBAL® Canada,,,,,,https://www.cdnglobal.com/careers,,POST,,Other,Internships,,,0.19505045890983563,model
2023,Reading week student leader,Center for Community Engaged Learning,,,,,,https://www.fordham.edu/admissions-and-aid/,,PRE,,Other,Internships,,,0.2166701373993212,model
2023,Digital Strategist,Chambre de Commerce Francophone de Vancouver,,,,,,https://ccfvancouver.com/en/,,PRE,,Other,Internships,,,0.19915569123022664,model
2023,Private Equity Analyst,Charollais Capital,,,,,,https://www.charollaispartners.com/contact/,,PRE,,Finance & Banking,Private Equity,,,0.26097668396343665,rules+model
2023,Sales Associate,CI Global Asset Management,,,,,,https://www.cifinancial.com/ci-financial/ca/en/about-us/careers.html,,POST,,Finance & Banking,Asset Management,Business & Enterprise,,0.1902790752907073,rules+model
2023,Business Developer Manager,CI Global Asset Management,,,,,,https://www.cifinancial.com/ci-financial/ca/en/about-us/careers.html,,POST,,Finance & Banking,Asset Management,,,0.20624905967147883,rules+model
2023,Investment Banking Analyst,CIBC Capital Markets,,,,,,https://www.cibc.com/en/about-cibc/careers.html,,PRE,,Finance & Banking,Investment Banking,,,0.33510018884011533,rules+model
2023,Investment Banking Analyst,CIBC Capital Markets,,,,,,https://www.cibc.com/en/about-cibc/careers.html,,POST,,Finance & Banking,Investment Banking,,,0.33510018884011533,rules+model
2023,Sales Associate,Circlr craft store,,,,,,https://circlecraft.net/,,PRE,,Business & Enterprise,Sales / Business Development,,,0.2443584580041265,rules+model
2023,Markets Summer Analyst,Citi,,,,,,https://jobs.citi.com/,,PRE,,Other,Internships,,,0.2622053667710762,model
2023,Account Relationship Trainee,CITIC Securities Company Limited,,,,,,https://careers.citics.com/,,PRE,,Other,Internships,,,0.20097467016813655,model
2023,Service Attendant,City of Burnaby,,,,,,https://www.burnaby.ca/our-city/get-involved/jobs-and-careers,,POST,,Government,Municipal,,,0.2737131760563258,rules+model
2023,Administrative Clerk,City of Maple Ridge,,,,,,https://www.mapleridge.ca/careers,,PRE,,Government,Municipal,,,0.21858719268834298,rules+model
2023,Founder and Director,Clarity Glass Hardware,,,,,,https://www.linkedin.com/company/clarity-glass-hardware/about/,,PRE,,Business & Enterprise,Entrepreneurship,Startups,,0.4334867773329923,rules+model
2023,Coast Capital Savings Youth Get It Program,Coast Capital Savings,,,,,,https://careers.coastcapitalsavings.com/?_ga=2.249963649.600097652.1560150165-1121974651.1555101858,,PRE,,Other,Internships,,,0.22176419553389703,model
2023,Volunteer Director,Conservative Party of Canada,,,,,,https://www.conservative.ca/cpc/volunteer/,,PRE,,Other,Internships,,,0.20276579663104358,model
2023,Regulatory Affairs Associate,CORIX Group of Companies (Canada),,,,,,https://www.corix.com/careers/,,PRE,,Law,Legal & Compliance,,,0.179614641947617,rules+model
2023,Funding Analyst,Credit Solution Programs,,,,,,https://www.linkedin.com/company/credit-solution-programs/about/,,PRE,,Other,Finance & Banking,,,0.304130351072545,model
2023,Research Intern,CrowdDoing,,,,,,https://crowddoing.world/volunteer/,,PRE,,Research,Internships,,,0.5046803922630032,rules+model
2023,"Economic Policy Junior Analyst, Fiscal Branch & Implementation Branch",Crown-Indigenous Relations and Northern Affairs Canada,,,,,,https://www.rcaanc-cirnac.gc.ca/eng/1100100033784/1610113269343,,POST,Started during degree,Health and Healthcare,Health and Healthcare,,,0.19477269044834924,model
2023,Negotiation Analyst,Crown-Indigenous Relations and Northern Affairs Canada,,,,,,https://www.rcaanc-cirnac.gc.ca/eng/1100100033784/1610113269343,,POST,,Other,Internships,,,0.1976681833925632,model
2023,Apprentice Financial Advisor,D.A. Davidson Companies,,,,,,https://www.dadavidson.com/Careers,,POST,,Finance & Banking,Wealth management (general banking),,,0.1895016892254452,rules+model
2023,Bike Field Technician,"DBA ""Mobi by Shaw Go""",,,,,,https://www.mobibikes.ca/en/jobs,,PRE,,Other,Internships,,,0.32572138895750913,model
2023,Risk Advisory Analyst,Deloitte,,,,,,https://www.deloitte.com/global/en/careers/job-search.html,,PRE,,Consulting & Advisory,Consulting & Advisory,,,0.22860488286363612,rules+model
2023,Business Analyst,Deloitte,,,,,,https://www.deloitte.com/global/en/careers/job-search.html,,PRE,,Business & Enterprise,Business & Enterprise,,,0.25767228337205106,model
2023,Consultant | Corporate Governance & Risk Strategy,Deloitte,,,,,,https://www.deloitte.com/global/en/careers/job-search.html,,POST,,Consulting & Advisory,Consulting & Advisory,,,0.3078131132539139,rules+model
2023,Senior Consultant | Corporate Governance & Risk Strategy,Deloitte,,,,,,https://www.deloitte.com/global/en/careers/job-search.html,,POST,,Consulting & Advisory,Consulting & Advisory,,,0.21773491634413733,rules+model
2023,Investment Risk Management Intern,Deloitte India,,,,,,https://southasiacareers.deloitte.com/go/Deloitte-India/718244/,,PRE,,Finance & Banking,Internships,,,0.21294389776283063,rules+model
2023,ConnecTra Society Assistant Program Coordinator,Disability Foundation,,,,,,https://disabilityfoundation.org/volunteer/,,PRE,,Business & Enterprise,Project / Program Development,,,0.18534159051168494,rules+model
2023,PPP Services Clerk,District of North Vancouver,,,,,,https://www.dnv.org/government-administration/jobs-and-volunteering,,POST,,Other,Internships,,,0.2876424438868728,model
2023,Operations and Front Desk Staff,Doug Mitchell Thunderbird Sports Centre,,,,,,https://thunderbirdarena.ubc.ca/,,PRE,,"Hospitality & Retail (Food, Service Industries)",Customer Experience and Service Management,,,0.25927085705932934,rules+model
2023,Caseworker- Family Law,Downtown Legal Services,,,,,,https://downtownlegalservices.ca/student-programs/,,POST,,Other,Internships,,,0.2726231069924909,model
2023,Instructional Coach,Dragon Zone,,,,,,https://dragonzone.ca/,,PRE,,Other,Customer Experience and Service Management,,,0.2113491802887742,model
2023,"Director, Research and Development",DYNE,,,,,,https://www.dyneapp.ca/career,,PRE,,Business & Enterprise,Business & Enterprise,,,0.19601341204794887,model
2023,Station Chef,Earls Kitchen + Bar,,,,,,https://earls.ca/careers/,,PRE,,Other,Finance & Banking,,,0.24854955291098435,model
2023,Academic Tutor,Easy Group Inc.,,,,,,https://www.linkedin.com/company/easy-group-inc/about/,,PRE,,Other,Internships,,,0.17829747170262794,model
2023,Planning and Development Intern,Eau Claire County,,,,,,https://www.governmentjobs.com/careers/eauclaire/,,POST,,Business & Enterprise,Internships,,,0.18169457535316658,model
2023,Project Management Intern,EduFunder.com,,,,,,https://edufunder.com/,,PRE,,Other,Internships,,,0.15887358884070304,model
2023,Indigenous Conservation Research and Analysis Contractor,Environment and Climate Change Canada,,,,,,https://www.canada.ca/en/environment-climate-change/corporate/jobs.html,,PRE,,Environmental and Sustainability (ESG and Climate),Environmental and Sustainability (ESG and Climate),,,0.1588577973892229,rules+model
2023,Human Health Venture Studio Assistant,entrepreneurship@UBC,,,,,,https://innovation.ubc.ca/entrepreneurship-ventures/entrepreneurial-pathways,,PRE,,Post-Secondary Institution,Post-Secondary Institution,,,0.18992412986969953,rules+model
2023,Economist,Environment and Climate Change Canada,,,,,,https://www.canada.ca/en/environment-climate-change/corporate/jobs.html,,POST,,Environmental and Sustainability (ESG and Climate),Environmental and Sustainability (ESG and Climate),,,0.14915400618267508,rules+model
2023,Junior Policy Analyst,Environment and Climate Change Canada,,,,,,https://www.canada.ca/en/environment-climate-change/corporate/jobs.html,,POST,,Policy,Environmental and Sustainability (ESG and Climate),,,0.1745722351906934,rules+model
2023,Account Manager,Events Lead Supplies,,,,,,https://elsupplies.ca/,,,Not on Linkedin anymore,Business & Enterprise,Sales / Business Development,,,0.2157226712459831,rules+model
2023,Quantitative Research Intern,Everbright Securities,,,,,,http://www.ebscn.com/index/,,PRE,,Research,Internships,,,0.18376149290306898,rules+model
2023,Quantitative Research Intern,Everbright Securities,,,,,,http://www.ebscn.com/index/,,POST,,Research,Internships,,,0.18376149290306898,rules+model
2023,Risk Advisory Analyst,EY,,,,,,https://www.ey.com/en_ca/careers,,PRE,,Consulting & Advisory,Consulting & Advisory,,,0.2803596881291668,rules+model
2023,Transactions & Strategy Summer Intern,EY,,,,,,https://www.ey.com/en_ca/careers,,PRE,,Other,Internships,,,0.16847295879759536,model
2023,Surveyor,Fairview Strategy,,,,,,https://fairviewstrategy.com/,,PRE,,Other,Internships,,,0.23487918905293842,model
2023,Owner,Famdrew.Store,,,,,,,,POST,,Business & Enterprise,Business & Enterprise,,,0.3018743152599465,model
2023,Executive Coordinator,Federation of Asian Canadian Lawyers BC,,,,,,https://www.faclbc.ca/,,POST,,Other,Finance & Banking,,,0.21562441676087282,model
2023,Fedex Package Handler,FedEx Ground,,,,,,https://www.fedex.com/en-ca/careers.html,,PRE,,Other,Internships,,,0.32572138895750913,model
2023,Business Development Representative,Fidelity Canada,,,,,,https://careers.fidelity.ca/en/index/,,POST,,Business & Enterprise,Sales / Business Development,,,0.45700784481947876,rules+model
2023,Business Development Associate,Fidelity Canada,,,,,,https://careers.fidelity.ca/en/index/,,POST,,Business & Enterprise,Sales / Business Development,,,0.3519437898802194,rules+model
2023,Senior Business Development Associate,Fidelity Canada,,,,,,https://careers.fidelity.ca/en/index/,,POST,,Business & Enterprise,Sales / Business Development,,,0.27075111836738913,rules+model
2023,Mergers and Acquisitions Intern,Finning,,,,,,https://www.finning.com/en_CA/company/careers/our-open-jobs.html,,PRE,,Finance & Banking,Internships,Investment Banking,,0.19505030823742306,rules+model
2023,Compliance and ESG,Freepoint Commodities,,,,,,https://www.freepoint.com/life-at-freepoint/#jobs,,POST,,Law,Legal & Compliance,Environmental and Sustainability (ESG and Climate),,0.17098820226498773,rules+model
2023,Product Manager,GeoComply,,,,,,https://www.geocomply.com/careers/,,PRE,,Other,Internships,,,0.21315446929452186,model
2023,Business Development and Fraud Associate,GeoComply,,,,,,https://www.geocomply.com/careers/,,PRE,,Business & Enterprise,Sales / Business Development,,,0.4559481753225236,rules+model
2023,Commercial Associate,GeoComply,,,,,,https://www.geocomply.com/careers/,,PRE,,Other,Internships,,,0.222811899872689,model
2023,Campus Ambassador,GeoComply,,,,,,https://www.geocomply.com/careers/,,,Not on lInkedin anymore,Marketing & Communications,Marketing & Communications,,,0.3309358264403161,model
2023,Product Marketing Intern,GeoComply,,,,,,https://www.geocomply.com/careers/,,PRE,,Marketing & Communications,Internships,,,0.5038820024326945,rules+model
2023,GeoGuard Market Specialist Intern,GeoComply,,,,,,https://www.geocomply.com/careers/,,PRE,,Marketing & Communications,Internships,,,0.1845258900261413,model
2023,Field Enablement Associate- Fraud & Risk,GeoComply,,,,,,https://www.geocomply.com/careers/,,POST,,Other,Internships,,,0.2283760121301445,model
2023,Commercial Operations Specialist,GeoComply,,,,,,https://www.geocomply.com/careers/,,POST,,Other,Finance & Banking,,,0.23159048619589218,model
2023,Program Manager I- Technical Operations,GeoComply,,,,,,https://www.geocomply.com/careers/,,POST,,Business & Enterprise,Project / Program Development,,,0.22678182949479475,rules+model
2023,Program Manager II,GeoComply,,,,,,https://www.geocomply.com/careers/,,POST,,Business & Enterprise,Project / Program Development,,,0.22039800195271897,rules+model
2023,Product Manager,GeoComply,,,,,,https://www.geocomply.com/careers/,,POST,,Other,Internships,,,0.21315446929452186,model
2023,Mentor,Global Ideas Institute (GII),,,,,,https://munkschool.utoronto.ca/gii/how-get-involved,,POST,,Other,Internships,,,0.1844387979594575,model
2023,Research Coordinator,Global Ideas Institute (GII),,,,,,https://munkschool.utoronto.ca/gii/how-get-involved,,POST,,Research,Research,,,0.19889367194362922,rules+model
2023,English Instructor,Global Knowledges Center,,,,,,,,PRE,,Academia,Academia,,,0.21348214287473405,rules+model
2023,Digital and Marketing Intern,gogglesoc,,,,,,https://gogglesoc.com/,,PRE,,Marketing & Communications,Internships,,,0.6871360395321259,rules+model
2023,Digital and Marketing Intern,gogglesoc,,,,,,https://gogglesoc.com/,,PRE,,Marketing & Communications,Internships,,,0.6871360395321259,rules+model
2023,Summer Intern,Government of Punjab,,,,,,https://www.linkedin.com/company/government-of-punjab/about/,,PRE,,Other,Internships,,,0.1678746741687009,model
2023,Transfer Pricing Analyst,Grant Thornton LLP (Canada),,,,,,https://www.doanegrantthornton.ca/careers/,,POST,,Other,Finance & Banking,,,0.25259294367381535,model
2023,Sales Development Associate,GrantMe,,,,,,https://grantme.notion.site/GrantMe-Careers-b44d983094c44113a512f05b48368bef,,PRE,,Business & Enterprise,Sales / Business Development,,,0.2175503233827207,rules+model
2023,Account Executive,GrantMe,,,,,,https://grantme.notion.site/GrantMe-Careers-b44d983094c44113a512f05b48368bef,,POST,,Business & Enterprise,Sales / Business Development,,,0.24768330020443408,rules+model
2023,Market Researcher,"Groundwork Operations, LLC",,,,,,https://groundworkoperations.com/careers/,,PRE,,Other,Internships,,,0.23127255236330685,model
2023,Finance Intern,Haisco Pharmaceutical,,,,,,https://en.haisco.com/,,PRE,,Other,Internships,,,0.1949122729961189,model
2023,Customer Service Agent,Harbour Air Seaplanes,,,,,,https://harbourair.com/careers/,,POST,Started during degree,Business & Enterprise,Customer Experience and Service Management,,,0.18749745894014366,rules+model
2023,Sales Associate,Hills Dry Goods,,,,,,https://www.hillsdrygoods.com/pages/careers,,PRE,,Business & Enterprise,Sales / Business Development,,,0.2443584580041265,rules+model
2023,Administrative Assistant,Hillside Wealth Management,,,,,,https://hillsidewealth.ca/,,POST,,Finance & Banking,Wealth management (general banking),Business & Enterprise,,0.21181763973639117,rules+model
2023,Associate Investment Advisor,Hillside Wealth Management,,,,,,https://hillsidewealth.ca/,,POST,,Finance & Banking,Wealth management (general banking),,,0.244251219419464,rules+model
2023,Junior Analyst,Housing Diversity Corporation,,,,,,https://www.linkedin.com/company/housing-diversity/about/,,PRE,,Other,Finance & Banking,,,0.25962644645191124,model
2023,Real Estate Analyst,Housing Diversity Corporation,,,,,,https://www.linkedin.com/company/housing-diversity/about/,,POST,,Real Estate,Real Estate,,,0.31762661005137055,rules+model
2023,Business Analyst,HSBC,,,,,,https://www.hsbc.com/careers,,POST,,Other,Consulting & Advisory,,,0.24809784175336178,model
2023,Research Fellow,HSBC Social Innovation Academy,,,,,,https://www.riipen.com/level-up-case-studies/hsbc-social-innovation-academy-storyline-creation-for-youth-recruitment,,PRE,,Research,Research,,,0.18522889803552514,rules+model
2023,Analyst,HSBC Social Innovation Academy,,,,,,https://www.riipen.com/level-up-case-studies/hsbc-social-innovation-academy-storyline-creation-for-youth-recruitment,,PRE,,Other,Finance & Banking,,,0.264985398693991,model
2023,Digital Consulting Analyst,Huron,,,,,,https://www.huronconsultinggroup.com/company/careers,,POST,,Other,Consulting & Advisory,,,0.20813236209318148,model
2023,Digital Consulting Senior Analyst,Huron,,,,,,https://www.huronconsultinggroup.com/company/careers,,POST,,Other,Consulting & Advisory,,,0.22826725078586674,model
2023,Data Analyst and Labour Market Analyst,Immigrant Employment Council of BC,,,,,,https://iecbc.ca/opportunities/,,POST,,Data Science & Analytics,Business Analytics,,,0.5419720659179517,rules+model
2023,Project Assistant,"Immigration, Refugees and Citizenship Canada",,,,,,https://www.canada.ca/en/immigration-refugees-citizenship/corporate/careers.html,,PRE,,Other,Finance & Banking,,,0.1734675405418334,model
2023,Strategy Intern,"Incline Investment Advisors, LLC",,,,,,https://inclineia.com/,,PRE,,Other,Internships,,,0.19388938428897495,model
2023,Digital Trade and Global Policy Fellow,Information Technology Industry Council (ITI),,,,,,https://www.itic.org/about/careers-at-iti,,POST,,Other,Internships,,,0.18067834153388224,model
2023,Policy Consultant,"Innovation, Science and Economic Development Canada",,,,,,https://ised-isde.canada.ca/site/job-opportunities/en,,POST,,Consulting & Advisory,Consulting & Advisory,,,0.1669553755060725,rules+model
2023,Industry Data Analyst,Insurtech Advisors LLC,,,,,,https://insurtechadvisors.com/,,PRE,,Data Science & Analytics,Business Analytics,,,0.5524012929536593,rules+model
2023,Research Assistant,InterVISTAS Consulting,,,,,,https://www.intervistas.com/careers/,,PRE,,Research,Research,,,0.5419918824508422,rules+model
2023,Research Assistant,InterVISTAS Consulting,,,,,,https://www.intervistas.com/careers/,,POST,,Research,Research,,,0.5419918824508422,rules+model
2023,Analyst,InterVISTAS Consulting,,,,,,https://www.intervistas.com/careers/,,POST,,Other,Consulting & Advisory,,,0.2957503613402893,model
2023,Junior Editor,IONA Journal of Economics,,,,,,https://www.ionajournal.ca/apply,,PRE,,Other,Customer Experience and Service Management,,,0.21833329589296954,model
2023,Exchange Author,IONA Journal of Economics,,,,,,https://www.ionajournal.ca/apply,,PRE,,Other,Customer Experience and Service Management,,,0.24690716342472901,model
2023,Managing Editor,IONA Journal of Economics,,,,,,https://www.ionajournal.ca/apply,,PRE,,Other,Customer Experience and Service Management,,,0.24690716342472901,model
2023,Student Researcher,Ipsos,,,,,,https://www.ipsos.com/en-us/careers/opportunities-ipsos,,PRE,,Other,Research,,,0.20242519861342592,model
2023,Marketing Coordinator,Italian Chamber of Commerce in Canada - West,,,,,,https://iccbc.com/,,PRE,,Marketing & Communications,Marketing & Communications,,,0.3544098428580125,rules+model
2023,Financial Literacy Program Facilitator,JA British Columbia,,,,,,https://jabc.org/getinvolved/,,PRE,,Other,Finance & Banking,,,0.2440779780576983,model
2023,Customer Service Representative,Jamjar Canteen,,,,,,https://www.jamjarcanteen.ca/work-with-us,,PRE,,Business & Enterprise,Customer Experience and Service Management,,,0.18228652762989678,rules+model
2023,Merchandising Intern,JD.COM,,,,,,https://corporate.jd.com/Career,,POST,,Marketing & Communications,Internships,,,0.1928353977949533,model
2023,Merchandising Assistant,JD.COM,,,,,,https://corporate.jd.com/Career,,POST,,Other,Internships,,,0.23832220909303914,model
2023,Investment Banking Associate,Jefferies,,,,,,https://www.jefferies.com/careers/,,POST,,Finance & Banking,Investment Banking,,,0.3298752289078627,rules+model
2023,Sales Associate Intern,JM Financial Ltd.,,,,,,https://www.jmfl.com/careers/overview,,PRE,,Business & Enterprise,Sales / Business Development,Internships,,0.22126587857795343,rules+model
2023,Teaching Assisant,JNC Stusy Abroad Platform,,,,,,https://www.linkedin.com/company/jnc-study-abroad-platform/about/,,PRE,,Academia,Academia,,,0.21632615839091027,model
2023,Account Executive,Jobber,,,,,,https://www.getjobber.com/about/careers/,,POST,,Business & Enterprise,Sales / Business Development,,,0.24768330020443408,rules+model
2023,Server Liaison,JOEY Restaurant Group,,,,,,https://apply.workable.com/joey-restaurants-1/,,PRE,,"Hospitality & Retail (Food, Service Industries)",Customer Experience and Service Management,,,0.22681939294638573,rules+model
2023,Research Assistant,Johns Hopkins School of Advanced International Studies (SAIS),,,,,,https://sais.jhu.edu/,,POST,,Research,Research,,,0.3822839275664212,rules+model
2023,Student Intern,Johnson & Johnson,,,,,,https://www.careers.jnj.com/en/,,PRE,,Marketing & Communications,Internships,,,0.17071337204119744,model
2023,Summer Sales Intern,JTI (Japan Tobacco International),,,,,,https://www.jti.com/en/careers/job-opportunities,,PRE,,Business & Enterprise,Internships,Sales / Business Development,,0.19682714827314735,rules+model
2023,Data Analyst Intern,KASI Insight,,,,,,https://www.kasiinsight.com/,,PRE,,Data Science & Analytics,Business Analytics,Internships,,0.46422354174750796,rules+model
2023,Platform and Data Analyst,KASI Insight,,,,,,https://www.kasiinsight.com/,,PRE,,Data Science & Analytics,Business Analytics,,,0.584384362577119,rules+model
2023,"Project Intern, Financial Shared Services Centre",Kingdee Software,,,,,,https://www.kingdee.com/mo/careers/,,PRE,,Other,Internships,,,0.202350377849263,model
2023,Partner,Knock Media,,,,,,https://www.linkedin.com/company/knockmmedia/about/,,PRE,,Other,Internships,,,0.32572138895750913,model
2023,Chef de Partie,Kokoro Tokyo Mazesoba-UBC,,,,,,https://menyakokoro.com/,,PRE,,Post-Secondary Institution,Post-Secondary Institution,,,0.19178409175122416,rules+model
2023,Center Assistant,Kumon,,,,,,https://www.kumon.com/ca-en/careers,,PRE,,Other,Customer Experience and Service Management,,,0.24073411354838667,model
2023,Assistant Instructor,"Kumon North America, Inc.",,,,,,https://www.kumon.com/ca-en/careers,,PRE,,Academia,Academia,,,0.22677281857301373,rules+model
2023,Primary Student Instructor,"Kumon North America, Inc.",,,,,,https://www.kumon.com/ca-en/careers,,PRE,,Academia,Academia,,,0.23919829865645129,rules+model
2023,Assistant Manager,"Kumon North America, Inc.",,,,,,https://www.kumon.com/ca-en/careers,,PRE,,Other,Finance & Banking,,,0.19259186545171694,model
2023,Investor Apprentice,Langdon Equity Partners,,,,,,https://www.langdonpartners.com/careers,,POST,,Other,Finance & Banking,,,0.2824805938639267,model
2023,Peer Mentor,LeapUp Edutech,,,,,,https://leapup.in/work-with-us/,,PRE,,Other,Customer Experience and Service Management,,,0.2069953053518908,model
2023,Investment Research Intern,Leith wheeler Investment Counsel Ltd.,,,,,,https://www.leithwheeler.com/careers,,PRE,,Research,Finance & Banking,Internships,,0.24688395540735214,rules+model
2023,Cylinder Handler,Linde,,,,,,https://www.lindecareers.com/en/,,PRE,,Other,Internships,,,0.32572138895750913,model
2023,Sales Associate,Little Burgundy Shoes,,,,,,https://www.littleburgundyshoes.com/careers-pages/apply-now,,PRE,,Business & Enterprise,Sales / Business Development,,,0.2443584580041265,rules+model
2023,Lead of AI in Quant Finance Solutions,LLMQuant,,,,,,https://www.linkedin.com/company/llmquant/about/,,POST,,Other,Finance & Banking,,,0.22783900754875644,model
2023,Cashier,Loblaws City Market,,,,,,https://careers.loblaw.ca/,,PRE,,"Hospitality & Retail (Food, Service Industries)",Customer Experience and Service Management,,,0.20770015290942218,rules+model
2023,Campus Ambassador,Look4Tutor,,,,,,https://look4tutor.com/join-us/,,PRE,,Marketing & Communications,Marketing & Communications,,,0.3309358264403161,model
2023,"Investment Analyst, Equities",Mackenzie Investments,,,,,,https://www.mackenzieinvestments.com/en/careers,,POST,,Other,Finance & Banking,,,0.31296904698496725,model
2023,Student Intern,Marriott Hotels,,,,,,https://careers.marriott.com/brands/marriott-hotels/,,PRE,,Marketing & Communications,Internships,,,0.17071337204119744,model
2023,Associate Consultant Intern,Mastercard Data and Services,,,,,,https://careers.mastercard.com/us/en,,POST,,Consulting & Advisory,Internships,,,0.15188327081779693,rules+model
2023,Mathematics Tutor,Math Tutor Network,,,,,,https://www.mathtutornetwork.com/career.html,,PRE,,Academia,Academia,,,0.1883961111657464,model
2023,Tutor,Math4me,,,,,,https://www.math4me.ca/careers-,,PRE,,Other,Internships,,,0.18723622743415871,model
2023,"Data Analyst- Global Data, AI & Analytics",McCain Foods,,,,,,https://careers.mccain.com/us/en,,POST,,Data Science & Analytics,Business Analytics,,,0.6708097027675214,rules+model
2023,Digital Commercial & Finance Lead- North America,McCain Foods,,,,,,https://careers.mccain.com/us/en,,POST,,Other,Finance & Banking,,,0.19650196413474663,model
2023,Research Assisstant( RA),Meritco Services,,,,,,https://www.linkedin.com/company/meritco-services/about/,,PRE,,Health and Healthcare,Health and Healthcare,,,0.23806916385045462,model
2023,Project Manager,"Milani Plumbing, Heating & Air Conditioning",,,,,,https://www.milani.ca/careers/,,POST,,Business & Enterprise,Project / Program Development,,,0.283177447475552,rules+model
2023,Associate Economist Analyst,MITRE,,,,,,https://www.mitre.org/careers,,POST,,Other,Consulting & Advisory,,,0.24858914302748197,model
2023,Corporate Banking Summer Analyst,BMO Capital Markets,,,,,,https://capitalmarkets.bmo.com/en/careers/,,PRE,,Finance & Banking,Investment Banking,,,0.26703331002170905,rules+model
2023,Digital Marketing Intern,Moringa Project Thailand Ltd,,,,,,https://www.moringaprojectthailand.com/,,PRE,,Marketing & Communications,Internships,,,0.5200980345988467,rules+model
2023,Business Development Representative,Mosa,,,,,,https://wearemosa.com/pages/about-mosa,,POST,,Business & Enterprise,Sales / Business Development,,,0.4917601131581869,rules+model
2023,Ski Coach,Mount Seymour Ski Club,,,,,,https://www.mtseymourskiclub.com/,,POST,Started during degree,Other,Internships,,,0.23618278544783042,model
2023,Summer Intern,myPRESS Printing Services,,,,,,https://www.mypress.co.th/news-careers/,,PRE,,Other,Internships,,,0.19694594638833116,model
2023,Energy-Economy Modeller (Analyst),"Navius Research, Inc",,,,,,https://www.naviusresearch.com/,,POST,Started during degree,Energy and Resources,Energy and Resources,,,0.2550987279213333,rules+model
2023,Product and Strategy,Neel Gully,,,,,,https://www.linkedin.com/company/pradarsh/about/,,POST,,Other,Internships,,,0.22841508226649537,model
2023,Operations and Sales Intern,Top Talent Dallas (Formerly New Horizons Dallas),,,,,,https://toptalentlearning.com/,,PRE,,Business & Enterprise,Sales / Business Development,Internships,,0.20533956640417464,rules+model
2023,Campaign Support Specialist,New/Mode,,,,,,https://www.newmode.net/,,PRE,,Politics,Politics,,,0.22063145966227304,rules+model
2023,Digital Consultant,New/Mode,,,,,,https://www.newmode.net/,,PRE,,Consulting & Advisory,Consulting & Advisory,,,0.2163581378911251,rules+model
2023,"Market Research Intern, Institutional Equity",Nomura,,,,,,https://www.nomuraholdings.com/en/careers.html,,PRE,,Research,Internships,,,0.2842859627110643,rules+model
2023,Intern,OECD-OCDE,,,,,,https://www.oecd.org/en/about/careers.html,,POST,,Environmental and Sustainability (ESG and Climate),Internships,,,0.15157916399817883,model
2023,Manager,Ogo's Ice Cream,,,,,,https://www.linkedin.com/company/ogo's-ice-cream/about/,,PRE,,Business & Enterprise,Business & Enterprise,,,0.25023962051041626,model
2023,Climate Tech Fellow,On Deck,,,,,,,,PRE,,Environmental and Sustainability (ESG and Climate),Environmental and Sustainability (ESG and Climate),,,0.1868872306304679,rules+model
2023,English Tutor,OneSmart International Education Group Ltd.,,,,,,,,PRE,,Other,Internships,,,0.19484046628358578,model
2023,Partner,Online.Simple,,,,,,https://www.linkedin.com/company/ontario-liberal-party/about/,,PRE,,Other,Customer Experience and Service Management,,,0.32572138895750913,model
2023,Campaign Manager,Ontario Liberal Party,,,,,,,,PRE,,Politics,Politics,,,0.25023962051041626,rules+model
2023,Co-op Economist,Ontario Ministry of Finances,,,,,,https://www.ontario.ca/page/ministry-finance,,POST,,Other,Internships,,,0.2049789274198296,model
2023,Cybersecurity Policy Specialist,OpenPolicy,,,,,,https://www.openpolicy.co/about-us,,POST,,Other,Internships,,,0.22408759633345987,model
2023,Financial Analyst,Oreninc,,,,,,https://oreninc.co/,,PRE,,Finance & Banking,Corporate Finance,,,0.28966885030059175,rules+model
2023,Mathematics Tutor,Oxford Learning Centres Inc.,,,,,,https://oxfordlearning.com/careers/,,PRE,,Other,Internships,,,0.19548303556616417,model
2023,Program Facilitator and Day Camp Leader,Panorama Recreation Centre,,,,,,https://www.panoramarecreation.ca/about-us/employment-volunteering,,PRE,,Other,Internships,,,0.2148976958933447,model
2023,Risk Analyst,Pax Analytica,,,,,,https://www.linkedin.com/company/pax-analytica/about/,,POST,,Finance & Banking,Finance & Banking,,,0.2803596881291668,rules+model
2023,Market Research Intern (Project Lead),Paykii,,,,,,https://www.linkedin.com/company/paykii/about/,,PRE,,Research,Internships,,,0.2066322493333011,rules+model
2023,Site Supervisor,Pedalheads Bike Camps Inc.,,,,,,https://pedalheads.com/en/join-the-team/careers,,PRE,,Other,Customer Experience and Service Management,,,0.2532002437094424,model
2023,Financial Literacy Mentor,PennyDrops,,,,,,https://www.pennydrops.org/university-students/,,PRE,,Other,Finance & Banking,,,0.22357996278143472,model
2023,Research Assistant,Peter A. Allard School of Law at UBC,,,,,,https://allard.ubc.ca/career-services-office,,PRE,,Post-Secondary Institution,Research,,,0.40740462246829506,rules+model
2023,Mental Health Worker,Portland Hotel Society,,,,,,https://www.phs.ca/careers/,,POST,Started during degree,"Hospitality & Retail (Food, Service Industries)",Customer Experience and Service Management,,,0.25115493096109026,rules+model
2023,Rotational Analyst,Powerex,,,,,,https://powerex.com/careers,,POST,,Other,Finance & Banking,,,0.33646868570789945,model
2023,Powerful Youth Facilitator,Powerful Youth,,,,,,https://powerfulyouth.com/,,PRE,,Other,Internships,,,0.22865491700825732,model
2023,Junior Facilitator,Powerful Youth,,,,,,https://powerfulyouth.com/,,PRE,,Other,Customer Experience and Service Management,,,0.2158726176818214,model
2023,Powerful Youth Senior Assistant Director,Powerful Youth,,,,,,https://powerfulyouth.com/,,,Not on Linkedin anymore,Other,Customer Experience and Service Management,,,0.22923342057041482,model
2023,Junior Facilitator,Powerful Youth,,,,,,https://powerfulyouth.com/,,POST,,Other,Customer Experience and Service Management,,,0.2158726176818214,model
2023,Senior Facilitator,Powerful Youth,,,,,,https://powerfulyouth.com/,,POST,,Other,Customer Experience and Service Management,,,0.2638185156716705,model
2023,Venture Capital Intern,Prefix Capital,,,,,,https://www.prefixcapital.com/,,POST,Started during degree,Other,Internships,,,0.1820927915793687,model
2023,Assurance Intern,PwC Turkey,,,,,,https://www.pwc.com.tr/en/kariyer-sayfalari.html,,PRE,,Actuarial Science,Internships,,,0.3479444588728944,model
2023,Financial Analyst,Qatar Islamic Bank,,,,,,https://www.qib.com.qa/en/careers/,,PRE,,Finance & Banking,Corporate Finance,,,0.2669531141925717,rules+model
2023,Office Assistant,Quatram Pty Ltd,,,,,,https://www.quatram.com.au/index.html,,PRE,,Other,Internships,,,0.2618256735909626,model
2023,Data Analyst,RajaniMD,,,,,,https://rajanimd.com/,,POST,,Data Science & Analytics,Business Analytics,,,0.7023731603587454,rules+model
2023,Negotiation Analyst,Crown-Indigenous Relations and Northern Affairs Canada,,,,,,https://www.rcaanc-cirnac.gc.ca/eng/1100100033784/1610113269343,,POST,,Other,Internships,,,0.1976681833925632,model
2023,Social Media Coordinator,Reem Centre of Learning,,,,,,,,POST,,Marketing & Communications,Marketing & Communications,,,0.1993455808229469,rules+model
2023,Program Coordinator,Refinery Leadership Partners,,,,,,https://refineryleadership.com/careers/,,POST,,Business & Enterprise,Project / Program Development,,,0.2072434720219653,rules+model
2023,Co-founder,Rescued Glass,,,,,,https://www.linkedin.com/company/rescued-glass/,,PRE,,Business & Enterprise,Entrepreneurship,Startups,,0.365642556840693,rules+model
2023,Human Resources and Employer Parternerships Intern,Riipen,,,,,,https://www.riipen.com/careers,,PRE,,Business & Enterprise,HR,Energy and Resources,,0.15886479088714706,rules+model
2023,"Manager, Government Programs",Rivian,,Policy,Policy,Government,,https://careers.rivian.com/careers-home/,,POST,,Other,Internships,,,0.23087208357801045,model
2023,International Senior Concierge,Rove Concepts,,"Hospitality & Retail (Food, Service Industries)",Customer Experience and Service Management,,,https://roveconcepts.bamboohr.com/careers,,PRE,,Other,Customer Experience and Service Management,,,0.266945927750951,model
2023,Concierge Supervisor,Rove Concepts,,"Hospitality & Retail (Food, Service Industries)",Customer Experience and Service Management,,,https://roveconcepts.bamboohr.com/careers,,POST,,Other,Customer Experience and Service Management,,,0.2643101861514122,model
2023,Concierge Trainer,Rove Concepts,,"Hospitality & Retail (Food, Service Industries)",Customer Experience and Service Management,,,https://roveconcepts.bamboohr.com/careers,,POST,,Other,Customer Experience and Service Management,,,0.2582209899397071,model
2023,Controller,Safesidewalks Canada,,,,,,https://www.safesidewalks.ca/,,POST,Started during degree,Business & Enterprise,Accounting,,,0.20731800559601637,rules+model
2023,Campus Ambassador,sakebomb,,,,,,https://www.instagram.com/bombbevs/?hl=en,,PRE,,Marketing & Communications,Marketing & Communications,,,0.3309358264403161,model
2023,Research Intern,Satstreet,,,,,,https://www.satstreet.com/about/join,,PRE,,Research,Internships,,,0.5046803922630032,rules+model
2023,General Clerk,Save-On-Foods,,,,,,https://www.saveonfoods.com/join-our-team,,PRE,,Business & Enterprise,Business & Enterprise,,,0.2173325591356544,model
2023,Account Manager,Savvy Social,,,,,,https://www.savvycapital.io/,,PRE,,Business & Enterprise,Sales / Business Development,,,0.20535293401319862,rules+model
2023,Warehouse Associate,SCI Group Inc (Acquired by Metro Supply Chain),,,,,,https://www.metroscg.com/our-company/careers/,,PRE,,Business & Enterprise,Operations and Supply Chain Management,Logistics,,0.21726816014287736,rules+model
2023,Investment Banking Analyst,Scotiabank,,,,,,https://www.scotiabank.com/careers/en/careers.html,,POST,,Finance & Banking,Investment Banking,,,0.3225724412741299,rules+model
2023,"Analyst, Commercial Accelerate Program",Scotiabank,,,,,,https://www.scotiabank.com/careers/en/careers.html,,POST,,Other,Finance & Banking,,,0.22026210159679177,model
2023,Software Engineer Intern,SD Companise srl,,,,,,https://www.sdcompanies.it/,,POST,,Technology,Software Development,Engineering,,0.15126376515830148,rules+model
2023,Program Intern at Rise Up,Seas At Risk,,,,,,https://seas-at-risk.org/careers/,,PRE,,Other,Internships,,,0.19141652017623176,model
2023,Summer Intern,Senior Living Smart,,,,,,https://seniorlivingsmart.com/careers/,,PRE,,Other,Internships,,,0.18528334939389912,model
2023,Program Assistant,Shad Canada,,,,,,https://www.shad.ca/careers/,,POST,,Other,Government,,,0.18908646927646128,model
2023,Barista & Cashier,Sharetea,,,,,,https://www.1992sharetea.com/canada,,PRE,,"Hospitality & Retail (Food, Service Industries)",Customer Experience and Service Management,,,0.2510798064041944,rules+model
2023,Customer Solutions Expert,Shaw Communications (Acquired by Rogers),,,,,,https://jobs.rogers.com/?icid=R_WIR_CMH_MF16G7,,PRE,,Marketing & Communications,Marketing & Communications,,,0.23081337167261923,rules+model
2023,Data Analyst,SIGELEC S.A.C.,,,,,,https://www.sigelec.com.pe/,,PRE,,Data Science & Analytics,Business Analytics,,,0.7023731603587454,rules+model
2023,Think Tank Research Assistant,Simbi Foundation,,,,,,https://simbifoundation.org/research/,,PRE,,Research,Research,,,0.33544542734820487,rules+model
2023,Bartender,Slackwater Brewing,,,,,,https://www.slackwaterbrewing.com/,,PRE,,Other,Internships,,,0.32572138895750913,model
2023,Institutional Sales Intern,Solactive AG,,,,,,https://www.solactive.com/career/,,PRE,,Business & Enterprise,Sales / Business Development,Internships,,0.208380761826814,rules+model
2023,Index Analyst,Solactive AG,,,,,,https://www.solactive.com/career/,,PRE,,Other,Finance & Banking,,,0.33646868570789945,model
2023,Conservation Projects Assistant,Somenos Marsh Wildlife Society,,,,,,https://www.somenosmarsh.com/volunteer-with-us,,PRE,,Other,Internships,,,0.22542238068144205,model
2023,Conservation Projects and Communications Coordinator,Somenos Marsh Wildlife Society,,,,,,https://www.somenosmarsh.com/volunteer-with-us,,PRE,,Marketing & Communications,Marketing & Communications,,,0.22300597189428187,rules+model
2023,Market Researcher,Standard Surveyors,,,,,,https://www.standard-cargosurvey.com/page10091.html,,PRE,,Other,Research,,,0.2254280345147747,model
2023,Market Research Intern,Standard Surveyors,,,,,,https://www.standard-cargosurvey.com/page10091.html,,PRE,,Research,Internships,,,0.30951937030250776,rules+model
2023,Barista,Starbucks,,,,,,https://careers.starbucks.com/,,PRE,,"Hospitality & Retail (Food, Service Industries)",Customer Experience and Service Management,,,0.25116210594437843,rules+model
2023,Program Officer,Statistics Canada,,,,,,https://www.statcan.gc.ca/en/job-opportunities?HPA=1,,PRE,,Other,Internships,,,0.20276243085601423,model
2023,Enumerator,Statistics Canada,,,,,,https://www.statcan.gc.ca/en/job-opportunities?HPA=1,,PRE,,Other,Internships,,,0.20731800559601637,model
2023,Junior Analyst,Statistics Canada,,,,,,https://www.statcan.gc.ca/en/job-opportunities?HPA=1,,PRE,,Other,Finance & Banking,,,0.20943832955809524,model
2023,Customer Service Representative,Steve's Poke Bar Group,,,,,,https://www.stevespokebar.ca/careers,,POST,,Business & Enterprise,Customer Experience and Service Management,,,0.1773182267184163,rules+model
2023,Quantitative Analyst,Stoch Analytics,,,,,,https://stochanalytics.com/about-us/careers/,,POST,,Data Science & Analytics,Business Analytics,,,0.3761885073217482,rules+model
2023,Economics Research Intern,StreetWire,,,,,,https://www.streetwire.net/,,PRE,,Research,Internships,,,0.31668170268296597,rules+model
2023,Financial Research Intern,StreetWire,,,,,,https://www.streetwire.net/,,PRE,,Research,Internships,,,0.23235058497127675,rules+model
2023,Full Stack Developer,Suune,,,,,,https://www.linkedin.com/company/suune/about/,,POST,,Technology,Software Development,,,0.32572138895750913,rules+model
2023,Customer Experienece Associate,TD,,,,,,https://td.wd3.myworkdayjobs.com/en-US/TD_Bank_Careers,,PRE,,Business & Enterprise,Business & Enterprise,,,0.19176522598472645,model
2023,Business Development Associate,Tealeaves,,,,,,https://www.tealeaves.com/pages/careers,,PRE,,Business & Enterprise,Sales / Business Development,,,0.3800765989941654,rules+model
2023,Brand and Program Management Associate,Tealeaves,,,,,,https://www.tealeaves.com/pages/careers,,PRE,,Marketing & Communications,Marketing & Communications,,,0.22445441150904882,rules+model
2023,Brand & Operations Associate,Tealeaves,,,,,,https://www.tealeaves.com/pages/careers,,PRE,,Marketing & Communications,Marketing & Communications,,,0.2406464424830239,rules+model
2023,Nature x Design Ambassador,Tealeaves,,,,,,https://www.tealeaves.com/pages/careers,,PRE,,Marketing & Communications,Marketing & Communications,,,0.2560246544000418,model
2023,Operations Team Member,TED Conferences,,,,,,https://www.ted.com/about/our-organization/jobs-at-ted,,PRE,,Other,Finance & Banking,,,0.2694806992833938,model
2023,Equity Research Associate,Tegus (Acquired by Alphasense),,,,,,https://www.tegus.com/,,POST,,Research,Research,,,0.21319113245121304,rules+model
2023,Application Reader & Interviewer,Telluride Association,,,,,,https://tellurideassociation.org/about-us/employment/,,PRE,,Environmental and Sustainability (ESG and Climate),Environmental and Sustainability (ESG and Climate),,,0.38054308401301923,model
2023,Telephone and Field Sales Specialist,TELUS,,,,,,https://www.telus.com/en/about/careers?linktype=ge-footer,,PRE,,Business & Enterprise,Sales / Business Development,,,0.23500185191441345,rules+model
2023,Graduate Research Fellow,TELUS,,,,,,https://www.telus.com/en/about/careers?linktype=ge-footer,,POST,,Research,Research,,,0.19371343171817862,rules+model
2023,Field Sales Representative,TELUS,,,,,,https://www.telus.com/en/about/careers?linktype=ge-footer,,PRE,,Business & Enterprise,Sales / Business Development,,,0.20363686319515686,rules+model
2023,Varsity Program UBC Ambassador,TELUS,,,,,,https://www.telus.com/en/about/careers?linktype=ge-footer,,PRE,,Post-Secondary Institution,Post-Secondary Institution,,,0.2514322108689679,rules+model
2023,Social Media Marketing Specialist,Tilly (formerly Tern),,,,,,https://heytilly.ai/,,POST,,Marketing & Communications,Marketing & Communications,,,0.45019727532716014,rules+model
2023,Cafe Server,Terra Breads Inc.,,,,,,https://terrabreads.com/pages/careers,,PRE,,"Hospitality & Retail (Food, Service Industries)",Customer Experience and Service Management,,,0.26428891737284527,rules+model
2023,Public Policy and Business Development (Canada),Tesla,,,,,,https://www.tesla.com/careers,,PRE,,Business & Enterprise,Sales / Business Development,Policy,,0.2375506777020735,rules+model
2023,Government Programs- Tesla Charging,Tesla,,,,,,https://www.tesla.com/careers,,POST,,Other,Internships,,,0.24912145348477424,model
2023,Advanced Technology and AI 2030 Researcher,The American Security Project,,,,,,https://www.americansecurityproject.org/about/employment/,,POST,,Other,Internships,,,0.18583935714846822,model
2023,Auxiliary Supervisor and Climbing Instructor,The Boulders Climbing Gym,,,,,,https://climbtheboulders.com/#,,PRE,,Academia,Academia,,,0.19597729638787756,rules+model
2023,Baker/Barista,"The Boulevard Coffee Roasting Company, Inc.",,,,,,,,PRE,,"Hospitality & Retail (Food, Service Industries)",Customer Experience and Service Management,,,0.23155096971701847,rules+model
2023,Assistant Manager,"The Boulevard Coffee Roasting Company, Inc.",,,,,,,,PRE,,Other,Internships,,,0.1928973587727321,model
2023,Manager,"The Boulevard Coffee Roasting Company, Inc.",,,,,,,,PRE,,Other,Internships,,,0.20331945658456058,model
2023,Research Analyst,The Brattle Group,,,,,,https://www.brattle.com/careers/,,POST,,Other,Research,,,0.1761249344652382,model
2023,Senior Research Analyst,The Brattle Group,,,,,,https://www.brattle.com/careers/,,POST,,Other,Research,,,0.2051030111617272,model
2023,Labor Economics and Costing Analyst,The Health Employers Association of BC (HEABC),,,,,,https://www.heabc.bc.ca/Page33.aspx,,POST,,Other,Internships,,,0.22441147271881412,model
2023,Writer,The New Business Review,,,,,,https://www.linkedin.com/company/thenbr/about/,,PRE,,Other,Internships,,,0.2049950035663725,model
2023,MIINT Impact Investor,The Turner MIINT (MBA Impact Investing Network & Training),,,,,,https://www.turnermiint.org/get-involved,,POST,,Other,Finance & Banking,,,0.19702783232327148,model
2023,Operations Staff,UBC,,,,,,https://hr.ubc.ca/careers,,PRE,,Post-Secondary Institution,Post-Secondary Institution,,,0.20272706219119097,rules+model
2023,Residence Advisor,UBC,,,,,,https://hr.ubc.ca/careers,,PRE,,Post-Secondary Institution,Administration and Office Management,,,0.25665778661026817,rules+model
2023,Research Assistant,UBC,,,,,,https://hr.ubc.ca/careers,,PRE,,Post-Secondary Institution,Research,,,0.4943738828617444,rules+model
2023,Development and Alumni Engagement (DAE) Ambassador,UBC,,,,,,https://hr.ubc.ca/careers,,PRE,,Post-Secondary Institution,Post-Secondary Institution,,,0.20743561607853078,rules+model
2023,UBC Student Ambassador,UBC,,,,,,https://hr.ubc.ca/careers,,PRE,,Post-Secondary Institution,Post-Secondary Institution,,,0.2902879334576653,rules+model
2023,Administrative Assistant,UBC,,,,,,https://hr.ubc.ca/careers,,PRE,,Post-Secondary Institution,Business & Enterprise,Administration and Office Management,,0.22224141653163804,rules+model
2023,Research Assistant,UBC,,,,,,https://hr.ubc.ca/careers,,PRE,,Post-Secondary Institution,Research,,,0.4943738828617444,rules+model
2023,Global Ambassador,UBC,,,,,,https://hr.ubc.ca/careers,,PRE,,Post-Secondary Institution,Post-Secondary Institution,,,0.1950067156117916,rules+model
2023,Head Lifeguard,Tide's Out Services Ltd.,,,,,,,,PRE,,Other,Internships,,,0.29616344597756034,model
2023,Consultant,TomorrowNow.org,,,,,,https://tomorrownow.org/form/,,POST,,Consulting & Advisory,Consulting & Advisory,,,0.5281794040599173,rules+model
2023,Member of House Council for Hemlesem House,Totem Park Residence Association,,,,,,https://www.instagram.com/tpraubc_official/?hl=en,,PRE,,Environmental and Sustainability (ESG and Climate),Environmental and Sustainability (ESG and Climate),,,0.2421372618138005,model
2023,Sales Associate,Totem Poles,,,,,,https://www.thetotempoles.com/,,PRE,,Business & Enterprise,Sales / Business Development,,,0.2443584580041265,rules+model
2023,Lifeguard and Swim Instructor,Township of Langley,,,,,,https://www.tol.ca/en/connect/careers.aspx,,PRE,,Academia,Academia,,,0.23971898951013312,rules+model
2023,Policy Analyst,Treasury Board of Canada Secratariat,,,,,,https://www.canada.ca/en/treasury-board-secretariat/corporate/understanding-application-process.html,,POST,,Finance & Banking,Policy,,,0.21812587571215775,rules+model
2023,Junior Analyst,Treasury Board of Canada Secratariat,,,,,,https://www.canada.ca/en/treasury-board-secretariat/corporate/understanding-application-process.html,,POST,,Finance & Banking,Finance & Banking,,,0.22297824209605513,rules+model
2023,Business Intern,Trvlar,,,,,,https://www.linkedin.com/company/trvlarinc/about/,,PRE,,Business & Enterprise,Internships,,,0.22129536069124187,model
2023,Political/Economic Intern,U.S. Department of State,,,,,,https://careers.state.gov/,,PRE,,Politics,Internships,,,0.16180989682702174,rules+model
2023,Political/Economic Assistant,U.S. Department of State,,,,,,https://careers.state.gov/,,PRE,,Politics,Politics,,,0.1870646051751085,rules+model
2023,Orientation Leader,UBC,,,,,,https://hr.ubc.ca/careers,,PRE,,Post-Secondary Institution,Post-Secondary Institution,,,0.24864865127454994,rules+model
2023,Mathematics Tutor,UBC,,,,,,https://hr.ubc.ca/careers,,PRE,,Post-Secondary Institution,Post-Secondary Institution,,,0.35107839178302536,rules+model
2023,Teaching Assistant(ECON 255),UBC,,,,,,https://hr.ubc.ca/careers,,PRE,,Post-Secondary Institution,Academia,,,0.4412732115705988,rules+model
2023,Research Assistant,UBC,,,,,,https://hr.ubc.ca/careers,,PRE,,Post-Secondary Institution,Research,,,0.4943738828617444,rules+model
2023,Research Intern,UBC,,,,,,https://hr.ubc.ca/careers,,PRE,,Post-Secondary Institution,Research,Internships,,0.45176414988487423,rules+model
2023,Teaching Assistant,UBC,,,,,,https://hr.ubc.ca/careers,,PRE,,Post-Secondary Institution,Academia,,,0.5632664229736164,rules+model
2023,Orientation Leader,UBC,,,,,,https://hr.ubc.ca/careers,,PRE,,Post-Secondary Institution,Post-Secondary Institution,,,0.24864865127454994,rules+model
2023,Marketing Assisant,UBC,,,,,,https://hr.ubc.ca/careers,,PRE,,Post-Secondary Institution,Post-Secondary Institution,,,0.5846024299278929,rules+model
2023,Orientation Leader,UBC,,,,,,https://hr.ubc.ca/careers,,PRE,,Post-Secondary Institution,Post-Secondary Institution,,,0.24864865127454994,rules+model
2023,Teaching Assistant,UBC,,,,,,https://hr.ubc.ca/careers,,PRE,,Post-Secondary Institution,Academia,,,0.5632664229736164,rules+model
2023,Orientation Transition Leader,UBC,,,,,,https://hr.ubc.ca/careers,,PRE,,Post-Secondary Institution,Post-Secondary Institution,,,0.24806795679696575,rules+model
2023,Notetaker,UBC,,,,,,https://hr.ubc.ca/careers,,PRE,,Post-Secondary Institution,Post-Secondary Institution,,,0.3148961769235546,rules+model
2023,Research Assistant,UBC,,,,,,https://hr.ubc.ca/careers,,PRE,,Post-Secondary Institution,Research,,,0.4943738828617444,rules+model
2023,Food Services Student Worker,UBC,,,,,,https://hr.ubc.ca/careers,,PRE,,Post-Secondary Institution,Post-Secondary Institution,,,0.2412835928500649,rules+model
2023,Senior Residence Advisor,UBC,,,,,,https://hr.ubc.ca/careers,,PRE,,Post-Secondary Institution,Administration and Office Management,,,0.22463072993996558,rules+model
2023,Teaching Assistant,UBC,,,,,,https://hr.ubc.ca/careers,,PRE,,Post-Secondary Institution,Academia,,,0.5632664229736164,rules+model
2023,Mathematics Tutor,UBC,,,,,,https://hr.ubc.ca/careers,,PRE,,Post-Secondary Institution,Post-Secondary Institution,,,0.35107839178302536,rules+model
2023,Research Analyst,UBC,,,,,,https://hr.ubc.ca/careers,,PRE,,Post-Secondary Institution,Post-Secondary Institution,,,0.2608076927323434,rules+model
2023,Teaching Assistant,UBC,,,,,,https://hr.ubc.ca/careers,,PRE,,Post-Secondary Institution,Academia,,,0.5632664229736164,rules+model
2023,Teaching Assistant (Econ 255),UBC,,,,,,https://hr.ubc.ca/careers,,PRE,,Post-Secondary Institution,Academia,,,0.4412732115705988,rules+model
2023,Teaching Assistant (Econ 101),UBC,,,,,,https://hr.ubc.ca/careers,,PRE,,Post-Secondary Institution,Academia,,,0.4412732115705988,rules+model
2023,Teaching Assistant (Econ 101),UBC,,,,,,https://hr.ubc.ca/careers,,PRE,,Post-Secondary Institution,Academia,,,0.4412732115705988,rules+model
2023,Undergraduate Research Assistant,UBC,,,,,,https://hr.ubc.ca/careers,,PRE,,Post-Secondary Institution,Research,,,0.2349737475756999,rules+model
2023,Teaching Assistant,UBC,,,,,,https://hr.ubc.ca/careers,,PRE,,Post-Secondary Institution,Academia,,,0.5632664229736164,rules+model
2023,Educational Assistant,UBC,,,,,,https://hr.ubc.ca/careers,,PRE,,Post-Secondary Institution,Post-Secondary Institution,,,0.3788049417340033,rules+model
2023,Chapman Learning Commons Project Assistant,UBC,,,,,,https://hr.ubc.ca/careers,,PRE,,Post-Secondary Institution,Post-Secondary Institution,,,0.3039995726469708,rules+model
2023,Teaching Assistant (ECON 102),UBC,,,,,,https://hr.ubc.ca/careers,,PRE,,Post-Secondary Institution,Academia,,,0.4412732115705988,rules+model
2023,Research Assistant (Education Policy and Firm Consolidation),UBC,,,,,,https://hr.ubc.ca/careers,,PRE,,Post-Secondary Institution,Research,,,0.40133181524609857,rules+model
2023,TA,UBC,,,,,,https://hr.ubc.ca/careers,,PRE,,Post-Secondary Institution,Academia,,,0.3148961769235546,rules+model
2023,Teaching Assistant for Econ364,UBC,,,,,,https://hr.ubc.ca/careers,,PRE,,Post-Secondary Institution,Academia,,,0.5188291245446521,rules+model
2023,Teaching Assisstant,UBC,,,,,,https://hr.ubc.ca/careers,,PRE,,Post-Secondary Institution,Post-Secondary Institution,,,0.453755199655772,rules+model
2023,Financial Management Assistant,UBC,,,,,,https://hr.ubc.ca/careers,,PRE,,Post-Secondary Institution,Finance & Banking,,,0.24291473577263945,rules+model
2023,Collegia Advisor,UBC,,,,,,https://hr.ubc.ca/careers,,PRE,,Post-Secondary Institution,Post-Secondary Institution,,,0.2505294970247935,rules+model
2023,Graduate Research Analyst And Teaching Assistant,UBC,,,,,,https://hr.ubc.ca/careers,,POST,,Post-Secondary Institution,Academia,,,0.32468013271605695,rules+model
2023,Event Coordinator,UBC Canadian Liver Foundation,,,,,,https://www.instagram.com/ubc.clf/?hl=en,,PRE,,Post-Secondary Institution,Post-Secondary Institution,,,0.18046668607774166,rules+model
2023,Notetaker,UBC Centre for Accessibility,,,,,,https://students.ubc.ca/about-student-services/centre-for-accessibility/,,PRE,,Post-Secondary Institution,Post-Secondary Institution,,,0.23818384749634644,rules+model
2023,Finance Assistant,UBC Electrical and Computer Engineering,,,,,,https://ece.ubc.ca/about/openings/,,POST,,Post-Secondary Institution,Post-Secondary Institution,,,0.21916932361603278,rules+model
2023,Corporate Relations Coordinator,UBC eProjects,,,,,,https://ubceprojects.netlify.app/,,PRE,,Post-Secondary Institution,Post-Secondary Institution,,,0.18271421150051262,rules+model
2023,Communications and Marketing Coordinator,UBC Global Lounge,,,,,,https://students.ubc.ca/about-student-services/simon-k-y-lee-global-lounge-resource-centre/,,PRE,,Post-Secondary Institution,Marketing & Communications,,,0.38413451147692823,rules+model
2023,Varsity Events Staff,UBC Recreation,,,,,,https://recreation.ubc.ca/home/employment/,,PRE,,Post-Secondary Institution,Post-Secondary Institution,,,0.20337441479910953,rules+model
2023,Data Analysis Research Assistant (Gig Economy Workforce),UBC Sauder School of Business,,,,,,https://www.sauder.ubc.ca/about-ubc-sauder/careers,,PRE,,Academia,Research,,,0.17233572238989503,rules+model
2023,Marketing and Consumer Behaviour Research Assistant,UBC Sauder School of Business,,,,,,https://www.sauder.ubc.ca/about-ubc-sauder/careers,,PRE,,Academia,Research,,,0.193225207697682,rules+model
2023,Research Assistant,UBC Sauder School of Business,,,,,,https://www.sauder.ubc.ca/about-ubc-sauder/careers,,PRE,,Academia,Research,,,0.23165744827752835,rules+model
2023,Teacher Assistant,UBC Sauder School of Business,,,,,,https://www.sauder.ubc.ca/about-ubc-sauder/careers,,PRE,,Academia,Academia,,,0.2648602395849362,rules+model
2023,Research Assistant,UBC Sauder School of Business,,,,,,https://www.sauder.ubc.ca/about-ubc-sauder/careers,,PRE,,Academia,Research,,,0.23165744827752835,rules+model
2023,Teaching Assistant (COMM 491/COEC 491),UBC Sauder School of Business,,,,,,https://www.sauder.ubc.ca/about-ubc-sauder/careers,,PRE,,Academia,Academia,,,0.3990943016494551,rules+model
2023,Teaching Assistant,UBC Sauder School of Business,,,,,,https://www.sauder.ubc.ca/about-ubc-sauder/careers,,PRE,,Academia,Academia,,,0.42389520556314747,rules+model
2023,Research Assistant,UBC Sauder School of Business,,,,,,https://www.sauder.ubc.ca/about-ubc-sauder/careers,,PRE,,Academia,Research,,,0.23165744827752835,rules+model
2023,Undergraduate Research Assistant,UBC Sauder School of Business,,,,,,https://www.sauder.ubc.ca/about-ubc-sauder/careers,,PRE,,Academia,Research,,,0.22737949773184424,rules+model
2023,Program Assistant Intern,UBC Sauder School of Business Diploma in Accounting,,,,,,https://www.sauder.ubc.ca/about-ubc-sauder/careers,,POST,,Academia,Post-Secondary Institution,Business & Enterprise,,0.20432632067647696,rules+model
2023,Residence Advisor,UBC Student Advising and Hospitality Services,,,,,,https://vancouver.housing.ubc.ca/jobs/,,PRE,,Post-Secondary Institution,Administration and Office Management,,,0.18778522001323353,rules+model
2023,Residence Advisor,UBC Student Housing and Hospitality Services,,,,,,https://vancouver.housing.ubc.ca/jobs/,,PRE,,Post-Secondary Institution,Administration and Office Management,,,0.18778522001323353,rules+model
2023,Service Crew,Uncle Fatih’s Pizza,,,,,,https://www.unclefatih.com/about/,,PRE,,Other,Internships,,,0.25440280000445403,model
2023,Teaching Assistant,University of Toronto,,,,,,https://jobs.utoronto.ca/,,POST,,Academia,Post-Secondary Institution,,,0.31846669339328193,rules+model
2023,Research Assistant,University of Toronto- Rotman School of Management,,,,,,https://www.rotman.utoronto.ca/,,POST,,Research,Post-Secondary Institution,,,0.27615480412853555,rules+model
2023,Executive Assistant,University of Victoria,,,,,,https://www.uvic.ca/faculty-staff/careers/why-apply-to-uvic/index.php,,POST,,Business & Enterprise,Administration and Office Management,Post-Secondary Institution,,0.2167159569537337,rules+model
2023,Foreign Agricultural Service Intern,USDA,,Government,Government,Policy,Internships,https://www.usda.gov/about-usda/working-usda/careers,,PRE,,Other,Internships,,,0.18555856035616128,model
2023,Project Director,Vancouver School of Economics Undergraduate Society,,Post-Secondary Institution,Project / Program Development,Post-Secondary Institution,,https://www.vseus.ca/,,PRE,,Other,Post-Secondary Institution,,,0.23642802999229026,model
2023,Merchandise Director,Vancouver School of Economics Undergraduate Society,,Post-Secondary Institution,Operations and Supply Chain Management,Post-Secondary Institution,,https://www.vseus.ca/,,PRE,,Other,Post-Secondary Institution,,,0.2493123981223331,model
2023,Vice President Administration,Vancouver School of Economics Undergraduate Society,,Post-Secondary Institution,Administration and Office Management,Post-Secondary Institution,,https://www.vseus.ca/,,PRE,,Other,Post-Secondary Institution,,,0.2514849313082785,model
2023,Event Coordinator,Vancouver School of Economics Undergraduate Society,,Post-Secondary Institution,Project / Program Development,Post-Secondary Institution,,https://www.vseus.ca/,,PRE,,Other,Post-Secondary Institution,,,0.2562538601145156,model
2023,Sales Representative,Vector Marketing,,,,,,https://thevectorimpact.com/learn-more-6-things/?utm_source=linkedin&utm_medium=social-media&utm_content=bio&utm_campaign=#learn,,PRE,,Business & Enterprise,Sales / Business Development,,,0.4903943243263429,rules+model
2023,Shift Lead,Virtuous Pie,,,,,,https://www.virtuouspie.com/,,PRE,,Other,Customer Experience and Service Management,,,0.23204668242161444,model
2023,Business Development Coordinator,Virtus Groups,,,,,,https://www.virthym.com/,,PRE,,Business & Enterprise,Sales / Business Development,,,0.3299536187558454,rules+model
2023,Research Assistant,VSE,,,,,,https://economics.ubc.ca/about/job-opportunities/,,PRE,,Research,Research,,,0.5788533970545165,rules+model
2023,Teaching Assistant(ECON 255),VSE,,,,,,https://economics.ubc.ca/about/job-opportunities/,,PRE,,Academia,Academia,,,0.29060133310104636,rules+model
2023,Research Assisant,VSE,,,,,,https://economics.ubc.ca/about/job-opportunities/,,PRE,,Health and Healthcare,Health and Healthcare,,,0.42631963735744777,model
2023,Research Assistant,VSE,,,,,,https://economics.ubc.ca/about/job-opportunities/,,PRE,,Research,Research,,,0.5788533970545165,rules+model
2023,Research Assistant,VSE,,,,,,https://economics.ubc.ca/about/job-opportunities/,,PRE,,Research,Research,,,0.5788533970545165,rules+model
2023,Research Assistant Intern,VSE,,,,,,https://economics.ubc.ca/about/job-opportunities/,,PRE,,Research,Internships,,,0.5681110737266434,rules+model
2023,Research Assistant,VSE,,,,,,https://economics.ubc.ca/about/job-opportunities/,,PRE,,Research,Research,,,0.5788533970545165,rules+model
2023,Research Assistant,VSE,,,,,,https://economics.ubc.ca/about/job-opportunities/,,PRE,,Research,Research,,,0.5788533970545165,rules+model
2023,BIE Research Internship,VSE,,,,,,https://economics.ubc.ca/about/job-opportunities/,,PRE,,Health and Healthcare,Internships,,,0.19501401893582523,model
2023,Research Assistant,VSE,,,,,,https://economics.ubc.ca/about/job-opportunities/,,PRE,,Research,Research,,,0.5788533970545165,rules+model
2023,Teaching Assistant (Econ 255),VSE,,,,,,https://economics.ubc.ca/about/job-opportunities/,,PRE,,Academia,Academia,,,0.29060133310104636,rules+model
2023,Research Assistant,VSE,,,,,,https://economics.ubc.ca/about/job-opportunities/,,PRE,,Research,Research,,,0.5788533970545165,rules+model
2023,Research Assistant,VSE,,,,,,https://economics.ubc.ca/about/job-opportunities/,,PRE,,Research,Research,,,0.5788533970545165,rules+model
2023,Survey Analyst,VSE,,,,,,https://economics.ubc.ca/about/job-opportunities/,,PRE,,Other,Consulting & Advisory,,,0.20616231467074791,model
2023,Business Development and Events Manager,VSE,,,,,,https://economics.ubc.ca/about/job-opportunities/,,PRE,,Business & Enterprise,Sales / Business Development,,,0.4564073461655445,rules+model
2023,Research Intern,VSE,,,,,,https://economics.ubc.ca/about/job-opportunities/,,PRE,,Research,Internships,,,0.5137655366150203,rules+model
2023,Research Assisstant (RA),VSE,,,,,,https://economics.ubc.ca/about/job-opportunities/,,PRE,,Health and Healthcare,Health and Healthcare,,,0.42631963735744777,model
2023,Research Assistant,VSE,,,,,,https://economics.ubc.ca/about/job-opportunities/,,PRE,,Research,Research,,,0.5788533970545165,rules+model
2023,Research Assistant,VSE,,,,,,https://economics.ubc.ca/about/job-opportunities/,,PRE,,Research,Research,,,0.5788533970545165,rules+model
2023,Research Assistant,VSE,,,,,,https://economics.ubc.ca/about/job-opportunities/,,PRE,,Research,Research,,,0.5788533970545165,rules+model
2023,Research Assistant (Behavioural Economics),VSE,,,,,,https://economics.ubc.ca/about/job-opportunities/,,PRE,,Research,Research,,,0.5127278331197643,rules+model
2023,Research Assistant (Educational Policy & Firm Consolidation),VSE,,,,,,https://economics.ubc.ca/about/job-opportunities/,,PRE,,Research,Research,,,0.6025140461269256,rules+model
2023,Excel Course Designer,VSECC,,,,,,https://careercentre.economics.ubc.ca/volunteer-with-us/,,PRE,,Data Science & Analytics,Data Science & Analytics,,,0.197512769271054,model
2023,Data Tracking and Reporting Analyst,VSECC,,,,,,https://careercentre.economics.ubc.ca/volunteer-with-us/,,PRE,,Data Science & Analytics,Data Science & Analytics,,,0.6388560896719305,model
2023,Business Development and Events Coordinator,VSECC,,,,,,https://careercentre.economics.ubc.ca/volunteer-with-us/,,PRE,,Business & Enterprise,Sales / Business Development,,,0.29972607736037493,rules+model
2023,Data Analyst Volunteer,VSECC,,,,,,https://careercentre.economics.ubc.ca/volunteer-with-us/,,PRE,,Data Science & Analytics,Business Analytics,,,0.6339492209881795,rules+model
2023,Program Development Assisant,VSECC,,,,,,https://careercentre.economics.ubc.ca/volunteer-with-us/,,PRE,,Other,Finance & Banking,,,0.163629442064739,model
2023,Program and Business Development Intern,VSECC,,,,,,https://careercentre.economics.ubc.ca/volunteer-with-us/,,PRE,,Business & Enterprise,Internships,Sales / Business Development,,0.1926135272500257,rules+model
2023,Database Developer,VSECC,,,,,,https://careercentre.economics.ubc.ca/volunteer-with-us/,,PRE,,Data Science & Analytics,Data Science & Analytics,,,0.197512769271054,model
2023,BIE Peer Coach,VSECC,,,,,,https://careercentre.economics.ubc.ca/volunteer-with-us/,,PRE,,Other,Internships,,,0.16441617652028864,model
2023,Program Development Assistant,VSECC,,,,,,https://careercentre.economics.ubc.ca/volunteer-with-us/,,PRE,,Academia,Academia,,,0.1971833734607288,model
2023,Finance Intern,WELL Health Technologies Corp. (TSX: WELL),,,,,,https://well.company/careers-and-culture/#caropp,,PRE,,Other,Internships,,,0.20746969777867175,model
2023,Commercial Banking Analyst,Wells Fargo,,Finance & Banking,Finance & Banking,Wealth management (general banking),,https://www.wellsfargo.com/about/careers/,,POST,,Other,Finance & Banking,,,0.29333936146284534,model
2023,Network Planning Analyst,WestJet,,,,,,https://www.westjet.com/en-ca/careers,,POST,,Other,Finance & Banking,,,0.33646868570789945,model
2023,Intern,White Glow Consulting Private Limited,,,,,,https://www.linkedin.com/company/white-glow-consulting-private-limited/about/,,PRE,,Insurance,Internships,,,0.15098425295749904,model
2023,Brand Ambassador,Wize,,,,,,https://www.wizeprep.com/careers,,PRE,,Marketing & Communications,Marketing & Communications,,,0.3309358264403161,rules+model
2023,Sales,Wun2Free Entertainment,,,,,,https://wun2free.com/,,PRE,,Business & Enterprise,Sales / Business Development,,,0.26512864600287456,rules+model
2023,Business Analyst Intern,Xano,,,,,,https://www.useparallel.com/xano/careers,,POST,,Other,Internships,,,0.20157158793551147,model
2023,Research Fellow,Yale University,,,,,,https://careers.yale.edu/us/en,,POST,,Research,Post-Secondary Institution,,,0.2178845842357988,rules+model
2023,University Admissions Peer Advisor,Yale Young African Scholars,,,,,,https://africanscholars.yale.edu/employment,,PRE,,Post-Secondary Institution,Administration and Office Management,,,0.17971215961011636,rules+model
2023,Student Leader,YELL Canada,,Non-Profit Organizations (NPOs),Non-Profit Organizations (NPOs),Project  / Program Development,,https://yellcanada.org/,,PRE,,Other,Internships,,,0.18400785026857014,model
2023,Key Carrier,YYC Cycle Spin Studio,,"Hospitality & Retail (Food, Service Industries)",Customer Experience and Service Management,,,https://www.yyccycle.com/join-the-team,,PRE,,Other,Customer Experience and Service Management,,,0.26052291994950727,model
2022,Senior Analyst,Accenture,,Consulting & Advisory,Consulting & Advisory,,,https://www.accenture.com/ca-en/careers,,POST,,Other,Consulting & Advisory,,,0.3246515863960805,model
2022,Strategy Consultant,Accenture,,Consulting & Advisory,Strategy Consulting,,,https://www.accenture.com/ca-en/careers,,POST,,Consulting & Advisory,Strategy Consulting,,,0.20095482638472606,rules+model
2022,Management Consulting Analyst,Accenture,,Consulting & Advisory,Consulting & Advisory,,,https://www.accenture.com/ca-en/careers,,POST,,Other,Consulting & Advisory,,,0.2678095351985396,model
2022,Management Consulting Senior Analyst,Accenture,,Consulting & Advisory,Consulting & Advisory,,,https://www.accenture.com/ca-en/careers,,POST,,Other,Consulting & Advisory,,,0.2781133469752605,model
2022,Consulting Summer Analyst,Accenture,Consulting,Consulting & Advisory,Consulting & Advisory,Internships,,https://www.accenture.com/ca-en/careers,,PRE,,Consulting & Advisory,Consulting & Advisory,,,0.34873148979178614,model
2022,Associate Consultant,ADAPTOVATE,Consulting,Consulting & Advisory,Consulting & Advisory,,,https://www.adaptovate.com/about-us/careers/?trk=public_post-text,,POST,,Consulting & Advisory,Consulting & Advisory,,,0.7075843301692919,rules+model
2022,Database Coordinator,Agriculture and Agri-Food Canada,Government and NGO's/No-Profit Organizations (NPOs),,,,,https://agriculture.canada.ca/en/department/careers,,PRE,,Health and Healthcare,Health and Healthcare,,,0.22537297193874703,model
2022,Microsoft,AI Architect,,,,,,https://careers.microsoft.com/v2/global/en/home.html,,POST,,Other,Finance & Banking,,,0.21123109972121837,model
2022,Associate Project Manager,AlgaeCal Inc.,,,,,,https://www.algaecal.com/en-ca/careers,,POST,,Business & Enterprise,Project / Program Development,,,0.20938638814762137,rules+model
2022,Associate Digital Marketing Coordinator,AlgaeCal Inc.,,,,,,https://www.algaecal.com/en-ca/careers,,POST,,Marketing & Communications,Marketing & Communications,,,0.3857877738069657,rules+model
2022,Digital Marketing Coordinator,AlgaeCal Inc.,,,,,,https://www.algaecal.com/en-ca/careers,,POST,,Marketing & Communications,Marketing & Communications,,,0.4962563569446354,rules+model
2022,Junior Marketing Representative,Alliance Concepts,Consulting,Marketing,,,,https://ca.linkedin.com/company/alliance-concepts-inc.,,PRE,,Marketing & Communications,Marketing & Communications,,,0.4511184003314876,model
2022,Leader Marketing Representative,Alliance Concepts,Consulting,Marketing,,,,https://ca.linkedin.com/company/alliance-concepts-inc.,,PRE,,Marketing & Communications,Marketing & Communications,,,0.4696851870610618,model
2022,Operations Management,Amazon,Other,Other,,,,https://hiring.amazon.ca/,E-Commerce,PRE,,E-Commerce,E-Commerce,,,0.2491351190884703,rules+model
2022,Account Manager,Amazon,,,,,,https://hiring.amazon.ca/,,POST,,Business & Enterprise,Sales / Business Development,,,0.2572360508205948,rules+model
2022,Sales Automation PM,Amazon,,,,,,https://hiring.amazon.ca/,,POST,,Business & Enterprise,Sales / Business Development,,,0.19995149198984044,rules+model
2022,Corporate Development Analyst,AmeriVet Veterinary Partners,Other,,,,,https://intranet.amerivet.com/careers/,Veterinary Services,POST,,Other,Finance & Banking,,,0.3043492636713978,model
2022,Events Associate,AMS of UBC,Academia,Academia,,,,https://www.ams.ubc.ca/opportunities/jobs/,,PRE,,Post-Secondary Institution,Post-Secondary Institution,,,0.4386874522135635,rules+model
2022,Firstweek Events Ambassador,AMS of UBC,,,,,,https://www.ams.ubc.ca/opportunities/jobs/,,PRE,,Post-Secondary Institution,Post-Secondary Institution,,,0.2045874757693721,rules+model
2022,Research Professional,Analysis Group,Consulting,,,,,https://www.analysisgroup.com/careers/,Economics,POST,,Consulting & Advisory,Consulting & Advisory,,,0.3346119355982368,model
2022,Research Professional Intern,Analysis Group,Consulting,,,,,https://www.analysisgroup.com/careers/,Economics,PRE,,Consulting & Advisory,Internships,,,0.28395729267661757,model
2022,Senior Research Professional,Analysis Group,Consulting,,,,,https://www.analysisgroup.com/careers/,Economics,POST,,Consulting & Advisory,Consulting & Advisory,,,0.3281524327254045,model
2022,"Analyst, Investment Consulting",Aon,,,,,,https://www.analysisgroup.com/careers/,,POST,,Actuarial Science,Actuarial Science,,,0.21219408376604987,model
2022,Co-Founder,Apex Pricing,,,,,,https://jobs.aon.com/,,POST,,Business & Enterprise,Entrepreneurship,Startups,,0.365642556840693,rules+model
2022,Analyst - Investment Operations,Ares Management Corporation,,Finance & Banking,Finance & Banking,Asset Management,,https://www.aresmgmt.com/about-ares-management-corporation/careers-at-ares,,POST,,Other,Finance & Banking,,,0.29263476402936534,model
2022,Associate - Investment Operations,Ares Management Corporation,,Finance & Banking,Finance & Banking,Asset Management,,https://www.aresmgmt.com/about-ares-management-corporation/careers-at-ares,,POST,,Other,Finance & Banking,,,0.2654482927893649,model
2022,Project Lead,Association of Family Offices in Asia,Government and NGO's/No-Profit Organizations (NPOs),Non-Government Organizations (NGOs),Non-Government Organizations (NGOs),Project  / Program Development,,https://www.familyoffices-asia.com/,,PRE,,Environmental and Sustainability (ESG and Climate),Environmental and Sustainability (ESG and Climate),,,0.19939804579674025,model
2022,Summer Intern,Aurum Equity Partners LLP,,,,,,https://www.aurum.pe/,,PRE,,Other,Internships,,,0.18323265663601696,model
2022,Finance Intern,"AVIANCE CAPITAL MANAGEMENT, LLC",,,,,,https://www.aviancecapitalpartners.com/,,PRE,,Other,Internships,,,0.1983612395572643,model
2022,Computational Finance Intern,Axxela Advisory Services,,,,,,https://www.axxela.in/,,PRE,,Consulting & Advisory,Internships,,,0.20500531599344685,rules+model
2022,Academic Tutor,B U Learners,,,,,,,,POST,Started during degree,Other,Customer Experience and Service Management,,,0.1908637969811238,model
2022,Undergraduate Research Assistant - Internship,Banco Central de Reserva del Perú - BCRP,,,,,,https://www.bcrp.gob.pe/,,PRE,,Research,Internships,,,0.20041512607802534,rules+model
2022,Customer Service Representative,Bank of Africa,,,,,,https://bank-of-africa.net/en/home/,,PRE,,Business & Enterprise,Customer Experience and Service Management,,,0.19781318961196417,rules+model
2022,Customer Service Assistant,Bank of China,,,,,,https://www.bankofchina.com/ca/en/,,PRE,,Business & Enterprise,Customer Experience and Service Management,,,0.21779984341216432,rules+model
2022,Research Assistant,Bank of China,,Finance & Banking,Finance & Banking,Research,,https://www.bankofchina.com/ca/en/,,PRE,,Research,Research,,,0.29413544923042384,rules+model
2022,Program Development Assistant,BBA Consultants,Consulting,Consulting & Advisory,Project / Program Development,,,https://www.bbaconsultants.com/careers,,POST,,Consulting & Advisory,Consulting & Advisory,,,0.2142264124073868,model
2022,Event Staff & Directional Host,BBW International Event Staff,,"Hospitality & Retail (Food, Service Industries)",Customer Experience and Service Management,,,https://www.bbwinternational.com/careers,,POST,Started during degree,Other,Customer Experience and Service Management,,,0.24786195068629308,model
2022,BC Forensics League Lab Assistant,BC Forensics League Association,,Non-Profit Organizations (NPOs),Non-Profit Organizations (NPOs),Project  / Program Development,,https://www.debateon.ca/,,PRE,,Research,Research,,,0.2179336816646318,rules+model
2022,BC Academy Summer Camp Head Coach,BC Forensics League Association,,Non-Profit Organizations (NPOs),Non-Profit Organizations (NPOs),Project  / Program Development,,https://www.debateon.ca/,,PRE,,Other,Project  / Program Development,,,0.2166346912520817,model
2022,Policy and Research Assistant,"BC Ministry of Advanced Education, Skills and Training",Government and NGO's/No-Profit Organizations (NPOs),Government,Policy,Government,,https://www2.gov.bc.ca/gov/content/governments/organizational-structure/ministries-organizations/ministries/post-secondary-education-and-future-skills,,PRE,,Research,Research,,,0.3451356145192205,rules+model
2022,Investment Strategy and Risk Intern,BCI,,Finance & Banking,Asset Management,Internships,,https://www.bci.ca/people/,,PRE,,Law,Internships,,,0.26702815187752704,model
2022,Financing & Business Development Intern,BDC,Government and NGO's/No-Profit Organizations (NPOs),Finance & Banking,Finance & Banking,Internships,,https://www.bdc.ca/en/careers/,,PRE,,Business & Enterprise,Internships,Sales / Business Development,,0.18143171277292114,rules+model
2022,Financing & Business Development Intern,BDC,Government and NGO's/No-Profit Organizations (NPOs),Finance & Banking,Finance & Banking,Internships,,https://www.bdc.ca/en/careers/,,PRE,,Business & Enterprise,Internships,Sales / Business Development,,0.18143171277292114,rules+model
2022,Account Manager,BDC,Government and NGO's/No-Profit Organizations (NPOs),Finance & Banking,Wealth management (general banking),,,https://www.bdc.ca/en/careers/,,POST,,Business & Enterprise,Sales / Business Development,,,0.1685192605052821,rules+model
2022,Junior Economist,BDC,Government and NGO's/No-Profit Organizations (NPOs),Finance & Banking,Economics,,,https://www.bdc.ca/en/careers/,,PRE,,Economics,Economics,,,0.28772962799016144,model
2022,Junior Accountant,BDO Canada,Consulting,Finance - Corporate Finance,,,,https://www.bdo.ca/careers/,,POST,Started during degree,Business & Enterprise,Accounting,,,0.20795441922139044,rules+model
2022,Intermediate Accountant,BDO Canada,Consulting,Finance - Corporate Finance,,,,https://www.bdo.ca/careers/,,POST,,Business & Enterprise,Accounting,,,0.2578073904692934,rules+model
2022,Senior Accountant,BDO Canada,Consulting,Finance - Corporate Finance,,,,https://www.bdo.ca/careers/,,POST,,Business & Enterprise,Accounting,,,0.2500711844922893,rules+model
2022,Sales Consultant,Bell,,,,,,https://jobs.bell.ca/ca/en,,PRE,,Consulting & Advisory,Business & Enterprise,Sales / Business Development,,0.2587919973938295,rules+model
2022,Financial Data Analyst,Bell,,,,,,https://jobs.bell.ca/ca/en,,POST,,Data Science & Analytics,Finance & Banking,Business Analytics,,0.43433619570017407,rules+model
2022,Fiber Technician,Bell Technical Solutions,,,,,,https://jobs.bce.ca/viewalljobs/,,PRE,,Other,Internships,,,0.32572138895750913,model
2022,Team Associate/Barista,Bellden Cafe,Other,Other,,,,https://www.belldencafe.com/,Food Services,PRE,,"Hospitality & Retail (Food, Service Industries)",Customer Experience and Service Management,,,0.3318995193094512,rules+model
2022,Accounting Associate,Bench Accounting,,,,,,https://www.bench.co/careers,,PRE,,Business & Enterprise,Accounting,,,0.2424949656106084,rules+model
2022,Sales And Marketing Associate,Blackjack Food Trading Inc.,,,,,,https://blackjackfoodtrading.com/,,PRE,,Finance & Banking,Sales and Trading,Business & Enterprise,,0.3850315329263541,rules+model
2022,Podcast Host and Producer,Bleav,,,,,,https://bleav.com/join-our-team/,,POST,Started during degree,Other,Internships,,,0.27109858197601194,model
2022,Financial Analyst,Blockalicious LLC,,,,,,https://ca.linkedin.com/company/blockalicious,,PRE,,Finance & Banking,Corporate Finance,,,0.28966885030059175,rules+model
2022,Summer Analyst,Bloomberg NEF,,,,,,https://bloomberg.avature.net/careers/,,PRE,,Other,Internships,,,0.2809310575799915,model
2022,Commercial Sales Analyst,BMO Commercial Bank,,,,,,https://jobs.bmo.com/ca/en,,POST,,Business & Enterprise,Sales / Business Development,,,0.24118859429795478,rules+model
2022,Associate - Treasury & Payment Solutions,BMO Commercial Bank,,,,,,https://jobs.bmo.com/ca/en,,POST,,Finance & Banking,Finance & Banking,,,0.21242074048776405,rules+model
2022,Assisant Portfolio Manager,BOCI,,,,,,https://www.bocionline.com/en/home/,,PRE,,Finance & Banking,Asset Management,,,0.20794942441978273,rules+model
2022,Undergraduate Student Researcher,Borealis AI,,,,,,https://rbcborealis.com/careers/,,POST,,Other,Finance & Banking,,,0.15896485448767836,model
2022,Business Development and Operations,Bounce,,,,,,https://www.bouncelife.com/student,,POST,,Business & Enterprise,Sales / Business Development,,,0.3719061169011006,rules+model
2022,Canadian Campus Operations Manager,Bounce,,,,,,https://www.bouncelife.com/student,,POST,,Business & Enterprise,Operations and Supply Chain Management,,,0.21530040443355353,rules+model
2022,Junior Database and Research Analyst,BPI INC,,Data Science & Analytics,Data Science & Analytics,Research,,https://www.bpi.com.ph/,,PRE,,Other,Research,,,0.21600552302737358,model
2022,Life Cycle Analysis Research Lead,BRIMM,,Environmental and Sustainability (ESG and Climate),Environmental and Sustainability (ESG and Climate),Research,,https://brimm.ubc.ca/,,PRE,,Other,Research,,,0.2153559374682191,model
2022,"Project Lead, Climate Change",British Columbia Council for International Cooperation,Government and NGO's/No-Profit Organizations (NPOs),Non-Government Organizations (NGOs),Environmental and Sustainability (ESG and Climate),Project  / Program Development,,https://www.bccic.ca/category/whats-new/opportunities/,,PRE,,Environmental and Sustainability (ESG and Climate),Environmental and Sustainability (ESG and Climate),,,0.16225583300626525,rules+model
2022,Youth League and Programs Manager,Calan Sports,,Recreation and Culture,Project / Program Development,,,https://www.canlansports.com/careers/,,POST,,Other,Internships,,,0.23553517733243423,model
2022,Referee,Calgary West Soccer Club,Other,Recreation and Culture,Recreation and Culture,,,https://www.calgarywestsoccer.com/,,PRE,,Other,Internships,,,0.2779201417545051,model
2022,Junior Caller,Call Center Work Learn,,"Hospitality & Retail (Food, Service Industries)",Customer Experience and Service Management,,,,,PRE,,Other,Customer Experience and Service Management,,,0.2215513409204194,model
2022,Implementation and Customer Success,Campfire,,,,,,,,POST,,Business & Enterprise,Customer Experience and Service Management,,,0.23536661311863122,rules+model
2022,SAR Crew Member,Canadian Coast Guard,Government and NGO's/No-Profit Organizations (NPOs),Other,,,,https://emploisfp-psjobs.cfp-psc.gc.ca/psrs-srfp/applicant/page2440?classificationInfos=&departments=&title=&tab=1&search=Search%20jobs&department=39&officialLanguage=&log=false&toggleLanguage=en,Maritime Safety,PRE,,Health and Healthcare,Health and Healthcare,,,0.19700673369684987,model
2022,FP&A Intern,Catalyst LLC,Consulting,,,,,,,PRE,,Finance & Banking,Internships,Corporate Finance,,0.468325561802364,rules+model
2022,Finance Assistant,Centre for Cardiovascular Innovation,,Health and Healthcare,Accounting,,,https://cci-cic.org/job-postings/,,PRE,,Other,Finance & Banking,,,0.25726369985119124,model
2022,Research Assistant,Centre for Strategic Futures,,Research,Research,Policy,,https://www.csf.gov.sg/,,PRE,,Research,Research,,,0.2692912312920957,rules+model
2022,Summer Analyst,Charles River Associates,Consulting,Consulting & Advisory,Consulting & Advisory,Internships,,https://www.crai.com/cra-careers/,,PRE,,Consulting & Advisory,Consulting & Advisory,,,0.3814107733471596,model
2022,Investment Department,China CITIC Bank,,Finance & Banking,Finance & Banking,,,https://www.cncbinternational.com/careers/en/index.jsp,,PRE,,Other,Finance & Banking,,,0.2785687321830442,model
2022,Customer Services Representative,CIBC,,Finance & Banking,Finance & Banking,Wealth management (general banking),Customer Experience and Service Management,https://www.cibc.com/en/about-cibc/careers.html,,PRE,,Other,Customer Experience and Service Management,,,0.2137371607473102,model
2022,Supervisor,Cinnabon,,"Hospitality & Retail (Food, Service Industries)",Customer Experience and Service Management,,,https://careers.cinnabon.com/,,PRE,,Other,Customer Experience and Service Management,,,0.25622796207457055,model
2022,International Program Coordinator,Colcocoa,Other,Other,,,,https://www.colcocoa.com.co/,Food Services - Business Development,PRE,,Business & Enterprise,Sales / Business Development,Project / Program Development,,0.2683588315786033,rules+model
2022,Communications Assistant,Columbia Basin Trust,Government and NGO's/No-Profit Organizations (NPOs),Other,,,,https://ourtrust.org/,Communications,PRE,,Marketing & Communications,Marketing & Communications,,,0.24489959281384827,rules+model
2022,Analyst,Cornerstone Research,,,,,,https://www.cornerstone.com/Careers/,,POST,,Other,Research,,,0.2832569430254217,model
2022,Research Analyst,Corporate Knights,,,,,,https://corporateknights.com/careers/,,POST,,Health and Healthcare,Health and Healthcare,,,0.22552162798082262,model
2022,Senior Research Analyst,Corporate Knights,,,,,,https://corporateknights.com/careers/,,POST,,Other,Finance & Banking,,,0.25473619344121334,model
2022,Senior Intern Analyst,CPP Investments,,,,,,https://www.cppinvestments.com/careers/search-jobs/,,POST,,Other,Internships,,,0.2498361745555157,model
2022,Analyst Intern,Criterium Group,Consulting,,,,,https://www.linkedin.com/company/criterium-group/?originalSubdomain=ca,,PRE,,Consulting & Advisory,Internships,,,0.3282585386145848,model
2022,Database Administrator,Cypress Capital Management Ltd.,,,,,,https://cypresscap.com/about/,,POST,,Other,Finance & Banking,,,0.24710857606909034,model
2022,Database Administrator,Cypress Capital Management Ltd.,,,,,,https://cypresscap.com/about/,,PRE,,Other,Finance & Banking,,,0.24710857606909034,model
2022,FP&A Customer Success Manager,Datarails,,,,,,https://www.datarails.com/careers/,,POST,,Finance & Banking,Corporate Finance,Business & Enterprise,,0.20833091955731547,rules+model
2022,Lifeguard,DC Department of Parks and Recreation,,,,,,https://dpr.dc.gov/page/dpr-employment-opportunities,,PRE,,Other,Finance & Banking,,,0.2204714826967946,model
2022,Consultant,Deloitte,Consulting,Consulting,,,,https://www.deloitte.com/global/en/careers/job-search.html,,POST,,Consulting & Advisory,Consulting & Advisory,,,0.7769069685807357,rules+model
2022,Senior Consultant,Deloitte,Consulting,Consulting,,,,https://www.deloitte.com/global/en/careers/job-search.html,,POST,,Consulting & Advisory,Consulting & Advisory,,,0.6480060636394473,rules+model
2022,Business Technology Analyst,Deloitte,Consulting,Other,,,,https://www.deloitte.com/global/en/careers/job-search.html,Technology,POST,,Consulting & Advisory,Consulting & Advisory,,,0.2633733652973819,model
2022,Consultant,Deloitte,Consulting,Consulting,,,,https://www.deloitte.com/global/en/careers/job-search.html,,POST,,Consulting & Advisory,Consulting & Advisory,,,0.7769069685807357,rules+model
2022,Consultant,Deloitte,,,,,,https://www.deloitte.com/global/en/careers/job-search.html,,POST,,Consulting & Advisory,Consulting & Advisory,,,0.4476952045091921,rules+model
2022,"Senior Consultant, Government and Public Services Solutions",Deloitte,,,,,,https://www.deloitte.com/global/en/careers/job-search.html,,POST,,Consulting & Advisory,Consulting & Advisory,,,0.18845619625828958,rules+model
2022,"Consultant, Public Sector Transformation",Deloitte,Consulting,,,,,https://www.deloitte.com/global/en/careers/job-search.html,,PRE,Started during degree,Consulting & Advisory,Consulting & Advisory,,,0.6539281585529592,rules+model
2022,Economist,Deparment for Health and Social Care,,,,,,,,POST,,Other,Finance & Banking,,,0.19099354136732694,model
2022,Assistant Economist,"Department for Environment, Food and Rural Affairs",,,,,,,,POST,,Other,Finance & Banking,,,0.18364685235643396,model
2022,Student Placement Health Economist,Department of Health and Social Care,Government and NGO's/No-Profit Organizations (NPOs),,,,,,,PRE,,Health and Healthcare,Health and Healthcare,,,0.186903017551664,model
2022,"Project Coordinator- Equity, Diversity, and Inclusion","Department of Pathology and Laboratory Medicine, UBC",,,,,,https://pathology.ubc.ca/job-opportunities/,,PRE,,Post-Secondary Institution,Business & Enterprise,Project / Program Development,,0.17554510917029567,rules+model
2022,Front Desk Clerk and Intern,DoubleTree by Hilton,Other,,,,,https://jobs.hilton.com/us/en,Hospitality,PRE,,"Hospitality & Retail (Food, Service Industries)",Customer Experience and Service Management,Internships,,0.2312453544467528,rules+model
2022,Pre-Doctoral Research Fellow,Duke University,Academia,Academia,,,,https://home.careers.duke.edu/,,POST,,Research,Post-Secondary Institution,,,0.2562186222781005,rules+model
2022,Marketing Assistant (Dusit Real Foods - KAUAI),Dusit International,,,,,,https://careers.dusit.com/,,PRE,,Marketing & Communications,Marketing & Communications,,,0.5228653918557342,rules+model
2022,Dishwasher,Earls Kitchen + Bar,Other,Other,,,,https://earls.ca/careers/,Food Services,PRE,,Other,Internships,,,0.33727352570564273,model
2022,Co-Founder,E-commerce platform internship,,,,,,,,POST,Started during degree,Business & Enterprise,Entrepreneurship,Startups,,0.37128749740433653,rules+model
2022,Transfer Agent,Endeavor Trust,,,,,,https://www.endeavortrust.com/,,POST,,Other,Internships,,,0.21670004697449052,model
2022,Service Agent,Entreprise Rent-A-Car,,,,,,https://www.enterprisemobility.com/en/careers.html?mcid=internal:42072848,,PRE,,Other,Internships,,,0.2119382816816619,model
2022,Economic Data Scientist,Environics Analytics,,,,,,https://environicsanalytics.com/en-ca/about/careers,,POST,,Data Science & Analytics,Business Analytics,,,0.33805446814975204,rules+model
2022,Policy Analyst,Environment and Climate Change Canada,,,,,,https://www.canada.ca/en/environment-climate-change/corporate/jobs.html,,PRE,,Policy,Environmental and Sustainability (ESG and Climate),,,0.17565878839654836,rules+model
2022,Director of Fundraising,Envision Fundraising,,,,,,https://envisionfundraising.ca/,,POST,Started during degree,Other,Internships,,,0.23597987498596237,model
2022,Management Consultant,EY,,,,,,https://www.ey.com/en_ca/careers,,POST,,Consulting & Advisory,Consulting & Advisory,,,0.3824089894541965,rules+model
2022,Senior Consultant,EY,,,,,,https://www.ey.com/en_ca/careers,,POST,,Consulting & Advisory,Consulting & Advisory,,,0.3105857646593734,rules+model
2022,Business Consultant with Strategy team at EY India,EY,,,,,,https://www.ey.com/en_ca/careers,,PRE,,Consulting & Advisory,Consulting & Advisory,,,0.22789684052349235,rules+model
2022,Banking Technology Consultant,EY,,,,,,https://www.ey.com/en_ca/careers,,POST,,Consulting & Advisory,Consulting & Advisory,,,0.29186553903109413,rules+model
2022,Summer Intern,EY,,,,,,https://www.ey.com/en_ca/careers,,PRE,,Other,Internships,,,0.16972109441874464,model
2022,Consultant - Finance Strategy & Transformation,EY,,,,,,https://www.ey.com/en_ca/careers,,POST,,Consulting & Advisory,Consulting & Advisory,,,0.32663732748134666,rules+model
2022,Senior Consultant - Finance Strategy & Transformation,EY,,,,,,https://www.ey.com/en_ca/careers,,POST,,Consulting & Advisory,Consulting & Advisory,,,0.20810304187937478,rules+model
2022,Intern - Finance Stratefy & Transformation,EY,,,,,,https://www.ey.com/en_ca/careers,,PRE,,Other,Internships,,,0.17273697274130542,model
2022,Business Analyst,Fidelity Canada,,,,,,https://careers.fidelity.ca/en/index/,,POST,,Other,Internships,,,0.22152491259318477,model
2022,Fundraising Project founder,Fight COVID-19 Fundraising,,,,,,,,PRE,,Business & Enterprise,Entrepreneurship,Startups,,0.40035489104963856,rules+model
2022,Business Analyst,Fintelics,,,,,,https://www.fintelics.com/careers,,POST,,Other,Internships,,,0.24809784175336178,model
2022,Mezzanine Financing Intern,First West Capital,Consulting,Other,,,,https://careers.firstwestcu.ca/,Finance - Mezzanine Capital,PRE,,Consulting & Advisory,Internships,,,0.1828328153420507,model
2022,Economists,Fiscal Realities Economists,,,,,,https://www.fiscalrealities.com/,,POST,Started during degree,Other,Internships,,,0.32572138895750913,model
2022,Junior Economist,Fisheries and Oceans Canada,,,,,,https://www.dfo-mpo.gc.ca/career-carriere/index-eng.html,,PRE,,Economics,Economics,,,0.3594647988892315,model
2022,Business Analyst,FISPAN,,,,,,https://fispan.com/company/careers/,,PRE,,Other,Consulting & Advisory,,,0.24809784175336178,model
2022,Revenue Operations Analyst,FISPAN,,,,,,https://fispan.com/company/careers/,,PRE,,Business & Enterprise,Operations and Supply Chain Management,,,0.31153097340105174,rules+model
2022,Strategic Financial Analyst,FISPAN,,,,,,https://fispan.com/company/careers/,,POST,,Finance & Banking,Corporate Finance,,,0.2574836662952599,rules+model
2022,Salesforce Consultant,Gen25,,,,,,https://www.gen25.com/,,POST,,Consulting & Advisory,Consulting & Advisory,,,0.4101860072047547,rules+model
2022,Senior Salesforce Consultant,Gen25,,,,,,https://www.gen25.com/,,POST,,Consulting & Advisory,Consulting & Advisory,,,0.3105857646593734,rules+model
2022,Research Analyst,Genpact,,,,,,https://www.genpact.com/careers,,PRE,,Health and Healthcare,Health and Healthcare,,,0.26310352358740274,model
2022,Trade Commissioner Assistant,Global Affairs Canada,Government and NGO's/No-Profit Organizations (NPOs),,,,,https://international.canada.ca/en/global-affairs/corporate/jobs,,PRE,,Health and Healthcare,Health and Healthcare,,,0.3865352177903662,model
2022,Junior Trade Policy Analyst,Global Affairs Canada,Government and NGO's/No-Profit Organizations (NPOs),Health/Policy/Research,,,,https://international.canada.ca/en/global-affairs/corporate/jobs,,PRE,,Policy,Policy,,,0.3973692202447668,rules+model
2022,Junior Trade Analyst,Global Affairs Canada,Government and NGO's/No-Profit Organizations (NPOs),,,,,https://international.canada.ca/en/global-affairs/corporate/jobs,,PRE,,Health and Healthcare,Health and Healthcare,,,0.3288302583089815,model
2022,"Senior Analyst, Corporate Development",Gold Royalty Corp.,,,,,,https://www.goldroyalty.com/,,POST,,Other,Finance & Banking,,,0.22390790557033144,model
2022,"Manager, Corporate Development and Investor Relations",Gold Royalty Corp.,,,,,,https://www.goldroyalty.com/,,POST,,Business & Enterprise,Business & Enterprise,,,0.25702792675335007,model
2022,Analyst,Goldman Sachs,,,,,,https://www.goldmansachs.com/careers/,,POST,,Other,Finance & Banking,,,0.27376713455484725,model
2022,Barista & Cashier,Gourmet Cup Beverage Station,,,,,,,,PRE,,"Hospitality & Retail (Food, Service Industries)",Customer Experience and Service Management,,,0.2510798064041944,rules+model
2022,Park Ranger - BC Parks,Government of British Columbia,Government and NGO's/No-Profit Organizations (NPOs),Other,,,,https://www2.gov.bc.ca/gov/content/careers-myhr/job-seekers/current-job-postings,Outdoor Conservation,PRE,,Health and Healthcare,Health and Healthcare,,,0.17500368497167257,model
2022,Various Analyst Roles,Government of Canada,Government and NGO's/No-Profit Organizations (NPOs),,,,,https://www.canada.ca/en/services/jobs/opportunities/government.html,,PRE,,Government,Federal,,,0.2446910481252722,rules+model
2022,"Supervisor, Baker, Barista and Senior Staff Member",Great Dane Coffee,,,,,,https://www.greatdanecoffee.com/,,PRE,,"Hospitality & Retail (Food, Service Industries)",Customer Experience and Service Management,,,0.26073127734280316,rules+model
2022,Youth and Social Media Vounteer,Green Party of Canada,Government and NGO's/No-Profit Organizations (NPOs),,,,,https://www.greenparty.ca/en/careers,,PRE,,Marketing & Communications,Marketing & Communications,,,0.2070945536820661,rules+model
2022,Apprentice,GreenPortfolio,,,,,,https://greenportfolio.co/careers/,,PRE,,Other,Internships,,,0.32572138895750913,model
2022,Salesforce Functional Consultant,Groundswell Cloud Solutions,Other,,,,,https://greenportfolio.com/careers/,IT,POST,,Consulting & Advisory,Consulting & Advisory,,,0.20804880386827718,rules+model
2022,Salesforce Consultant,GyanSys Inc,Other,,,,,https://gscloudsolutions.com/careers/,IT,POST,,Consulting & Advisory,Consulting & Advisory,,,0.2040569470529828,rules+model
2022,Customer Service Agent (Adventure Centre),Harbour Air Seaplanes,,,,,,https://harbourair.com/careers/,,PRE,,Business & Enterprise,Customer Experience and Service Management,,,0.19194109950493968,rules+model
2022,Visual Supportive Associate,Harry Rosen,,,,,,https://www.harryrosen.com/en,,PRE,,Other,Internships,,,0.24365562603062385,model
2022,Operations Associate,Heramb Petroleum,Other,Other,,,,,Manufacturing- Operations,POST,,Other,Finance & Banking,,,0.24539990827136543,model
2022,Barista,Honor Coffee,Other,Other,,,,https://ca.linkedin.com/company/honor-coffee,Food Services,PRE,,"Hospitality & Retail (Food, Service Industries)",Customer Experience and Service Management,,,0.3142277168097744,rules+model
2022,Equity Financing Intern,"Huatai Securities Co., Ltd.",,,,,,https://www.htsc.com.cn/htzq/investor/en/about.jsp,,PRE,,Other,Internships,,,0.22365805018978746,model
2022,Sales Associate,Hudson's Bay Company,Other,,,,,NA; Taken down,Retail,PRE,,Business & Enterprise,Sales / Business Development,"Hospitality & Retail (Food, Service Industries)",,0.2966590428944064,rules+model
2022,Equity Analyst and Digital Marketing,ICIC Prudential AMC Ltd.,Finance - Asset Management,,,,,https://www.icicipruamc.com/,,PRE,,Finance & Banking,Asset Management,Marketing & Communications,,0.17676550038062253,rules+model
2022,Research Assistant - Asia-Pacific Policy,IFC - International Finance Corporation,,,,,,https://www.ifc.org/en/about/careers,,PRE,,Research,Research,,,0.333283628440924,rules+model
2022,Office Administrator,Impact Recruitment,Other,Other,,,,https://impactrecruitment.ca/careers-at-impact/,Recruitment Agency - Administration,PRE,,Business & Enterprise,HR,,,0.2500961387874448,rules+model
2022,Executive Assistant,Impact Recruitment,Other,Other,,,,https://impactrecruitment.ca/careers-at-impact/,Recruitment Agency - Administration,POST,Started during degree,Business & Enterprise,HR,Administration and Office Management,,0.2453351634208008,rules+model
2022,Senior Equity Analyst,Imperial College Business School: Student Investment Fund,Wealth Management,Finance - Private Equity,,,,https://www.imperial.ac.uk/business-school/blogs/features/the-student-investment-fund-connecting-students-top-employers/,,POST,,Post-Secondary Institution,Finance & Banking,Wealth management (general banking),,0.21491579887407358,rules+model
2022,Business Student,Imperial College London,,,,,,https://www.imperial.ac.uk/jobs/,,POST,,Post-Secondary Institution,Post-Secondary Institution,,,0.2077958401070731,rules+model
2022,Account Manager,Impro.AI,,,,,,https://impro.ai/careers/,,POST,Started during degree,Business & Enterprise,Sales / Business Development,,,0.21410495172239932,rules+model
2022,Sales and Marketing Intern,Impro.AI,Consulting,Marketing,,,,https://impro.ai/careers/,,PRE,,Marketing & Communications,Internships,Business & Enterprise,,0.5840405676841062,rules+model
2022,Marketing Coordinator,Impro.AI,Consulting,Marketing,,,,https://impro.ai/careers/,,PRE,,Marketing & Communications,Marketing & Communications,,,0.5055512743073759,rules+model
2022,Commercial Operations Specialist,Impro.AI,Consulting,,,,,https://impro.ai/careers/,,POST,,Marketing & Communications,Marketing & Communications,,,0.20143571870158922,model
2022,Stratergy Intern (virtual),"Incline Investment Advisors, LLC",,,,,,https://www.inclineim.com/careers/,,PRE,,Other,Internships,,,0.2517986448969405,model
2022,Market Researcher,"Incline Investment Advisors, LLC",,,,,,https://www.inclineim.com/careers/,,PRE,,Other,Finance & Banking,,,0.2509402697687629,model
2022,Junior Policy Analyst,Infrastructure Canada,Government and NGO's/No-Profit Organizations (NPOs),Health/Policy/Research,,,,https://infrastructure.gc.ca/,,PRE,,Policy,Policy,,,0.3701033090844415,rules+model
2022,Business Development Associate,in-House,Government and NGO's/No-Profit Organizations (NPOs),Other,,,,,Business Development,POST,,Business & Enterprise,Sales / Business Development,,,0.23858820480926662,rules+model
2022,Data Analyst - Research Area Specialist,Institute for Social Research,Government and NGO's/No-Profit Organizations (NPOs),Data Science,,,,,,POST,,Data Science & Analytics,Business Analytics,,,0.43101182739120536,rules+model
2022,Business Analyst Intern,Inter-Excel Advisory Sdn Bhd,,,,,,https://excelmalaysia.com/career/,,PRE,,Consulting & Advisory,Internships,,,0.20157158793551147,rules+model
2022,Student Intern,Ipsos,Consulting,Health/Policy/Research,,,,https://www.ipsos.com/en/careers,,PRE,,Consulting & Advisory,Internships,,,0.2872040607097397,model
2022,RCS Program Assistant,Iridia Medical,,,,,,https://iridiamedical.com/careers/,,PRE,,Other,Finance & Banking,,,0.22849803398884425,model
2022,Project Assistant,Irving K. Barber Learning Centre,Academia,Academia,,,,https://ikblc.ubc.ca/,,PRE,,Academia,Academia,,,0.3937399147332247,model
2022,Product Marketing Specialist,Jostle,Other,,,,,https://success.jostle.me/careers,Application Development,POST,,Marketing & Communications,Marketing & Communications,,,0.3570058096022176,model
2022,Digital Marketing Coordinator,Jostle,,,,,,https://success.jostle.me/careers,,PRE,,Marketing & Communications,Marketing & Communications,,,0.5219849653763524,rules+model
2022,Business Analyst,Jostle,,,,,,https://success.jostle.me/careers,,PRE,,Other,Consulting & Advisory,,,0.24809784175336178,model
2022,Business Analyst and Growth Strategist,Jostle,,,,,,https://success.jostle.me/careers,,POST,,Other,Internships,,,0.22674341635669337,model
2022,Legal Intern,judd Ulrich Scarlett Wickman & Dean P.A.,,,,,,https://uswdlaw.com/,,PRE,,Marketing & Communications,Internships,,,0.1928353977949533,model
2022,Logistics & Operations Coordinator | Customer Service,Kajuyali,,,,,,https://inscripciones.kajuyali.com/fmi/webd/kajuyali_web?script=aplicantes,,PRE,,Business & Enterprise,Customer Experience and Service Management,Logistics,,0.21803853158785563,rules+model
2022,Quantitative Research Analyst,Kamorra Capital,Finance - Asset Management,Data Science,,,,https://www.kamorracapital.com/careers,,PRE,,Finance & Banking,Asset Management,,,0.3924808908045534,rules+model
2022,Brand Ambassador,Kaplan Test Prep,Other,Marketing,,,,https://www.kaptest.com/,Education,PRE,,Marketing & Communications,Marketing & Communications,,,0.3875440896396891,rules+model
2022,Private Wealth Management Intern,Kiatnakin Phatra Financial Group,,,,,,https://careers.kkpfg.com/,,PRE,,Finance & Banking,Wealth management (general banking),Internships,,0.3227303478742228,rules+model
2022,Head Lifeguard and Swim Instructor,Killarney Circle Pool,Other,Other,,,,https://killarneypool.org/index.html,Outdoor Swimming Facility - Aquatic Safety,PRE,,Academia,Academia,,,0.26149765724828516,rules+model
2022,Business Development Associate,Klook,,,,,,https://www.klookcareers.com/,,POST,,Business & Enterprise,Sales / Business Development,,,0.3800765989941654,rules+model
2022,Sustainability Associate,Klook,,,,,,https://www.klookcareers.com/,,POST,,Environmental and Sustainability (ESG and Climate),Environmental and Sustainability (ESG and Climate),,,0.18352241391583,rules+model
2022,Accounts Receivable Specialist,Kuehne+Nagel,,,,,,https://ca.kuehne-nagel.com/en/,,POST,,Other,Internships,,,0.23850408082526878,model
2022,Marketing Project Manager,Kueis Education Centre,,,,,,https://www.kueis.com/about-us,,PRE,,Business & Enterprise,Project / Program Development,,,0.48586869534487,rules+model
2022,Startup Project Administration Officer,Launch Path Inc.,,,,,,https://launchpath.ca/,,POST,,Business & Enterprise,Entrepreneurship,Startups,,0.2246276355812796,rules+model
2022,Client Services Admin Assistant Co-op,LifeLabs Medical Labratory Services,Other,Other,,,,https://www.lifelabs.com/careers/,Health Care - Hospitality,PRE,,Business & Enterprise,Administration and Office Management,Internships,,0.23933482316523866,rules+model
2022,Labs Batch 8 Founder,LOI,,,,,,https://www.theleagueofinnovators.org/,,PRE,,Business & Enterprise,Entrepreneurship,Startups,,0.36249603328379254,rules+model
2022,Global Payments Specialist,Lululemon,Other,E-Commerce,E-Commerce,,,https://careers.lululemon.com/en_US/careers,,POST,,Other,Internships,,,0.26233912411292964,model
2022,"Product Manager, Payments",Lululemon,Other,Technology,Technology,Software Development,,https://careers.lululemon.com/en_US/careers,,POST,,Other,Customer Experience and Service Management,,,0.28137399107852223,model
2022,Educator,Lululemon,,"Hospitality & Retail (Food, Service Industries)",Customer Experience and Service Management,,,https://careers.lululemon.com/en_US/careers,,PRE,,Other,Customer Experience and Service Management,,,0.29779952942731835,model
2022,Omni and Retail Technology Intern,Lululemon,,Technology,Technology,Information Technology (IT) / Telecommunications,Internships,https://careers.lululemon.com/en_US/careers,,PRE,,"Hospitality & Retail (Food, Service Industries)",Internships,Customer Experience and Service Management,,0.25412218535131653,rules+model
2022,Retail Commerce and Payments Specialist,Lululemon,,E-Commerce,E-Commerce,,,https://careers.lululemon.com/en_US/careers,,POST,,"Hospitality & Retail (Food, Service Industries)",Customer Experience and Service Management,,,0.2763606396221728,rules+model
2022,Market Research Intern,Madras Consultancy Group,,Consulting & Advisory,Research,,,https://www.consultmcg.com/,,PRE,,Research,Internships,,,0.23848451850427596,rules+model
2022,Garde Manger,Maple Leaf Tavern,,"Hospitality & Retail (Food, Service Industries)",Customer Experience and Service Management,,,https://www.mapleleaftavern.co/,,POST,,Other,Customer Experience and Service Management,,,0.32572138895750913,model
2022,Business Analyst,McKinsey & Company,,Consulting & Advisory,Consulting & Advisory,,,https://www.mckinsey.com/careers/home,,POST,,Other,Consulting & Advisory,,,0.3107548455734565,model
2022,Summer Business Analyst,McKinsey & Company,,Consulting & Advisory,Consulting & Advisory,Internships,,https://www.mckinsey.com/careers/home,,PRE,,Other,Consulting & Advisory,,,0.3130646029675891,model
2022,Senior Business Analyst,McKinsey & Company,Consulting,Consulting & Advisory,Consulting & Advisory,,,https://www.mckinsey.com/ca/careers,,POST,,Other,Consulting & Advisory,,,0.26786407465457845,model
2022,Women in the Workforce Research Fellow,McKinsey & Company,Consulting,Consulting & Advisory,Consulting & Advisory,,,https://www.mckinsey.com/ca/careers,,POST,,Research,Research,,,0.20407419756425935,rules+model
2022,Analyst,McKinsey & Company,Consulting,Consulting & Advisory,Consulting & Advisory,,,https://www.mckinsey.com/ca/careers,,POST,Started during degree,Other,Consulting & Advisory,,,0.26803902148430453,model
2022,Senior Analyst,McKinsey & Company,Consulting,Research,Research,,,https://www.mckinsey.com/ca/careers,,POST,,Other,Consulting & Advisory,,,0.27393043143548157,model
2022,Fiscal Policy Office Intern,Ministry of Finance Thailand,,Government,Policy,Internships,,https://xn--12cajkc6gxdbcvr9hvak.th/en/home,,PRE,,Other,Internships,,,0.2082449001467692,model
2022,Strategic Communications Intern,Ministry of Foreign Affairs,,Government,Marketing & Communications,Internships,,,,PRE,,Marketing & Communications,Internships,,,0.20165731353902117,rules+model
2022,Administrative Manager,MODEL CARGO,,Transportation Services,Administration and Office Management,,,https://www.linkedin.com/company/model-cargo-moovers,,POST,,Other,Administration and Office Management,,,0.2301387707964706,model
2022,Head of Logistics & Administration,Model United Nations,,Post-Secondary Institution,Operations and Supply Chain Management,Administration and Office Management,,https://www.munprep.org/mun-career-opportunities/,,PRE,,Transportation Services,Logistics,Operations and Supply Chain Management,,0.25137195729495515,rules+model
2022,Wealth Associate,National Bank Financial,Wealth Management,Finance & Banking,Wealth management (general banking),,,https://emplois.bnc.ca/en_CA/careers/home,,POST,,Finance & Banking,Wealth management (general banking),,,0.46868390298828055,rules+model
2022,Co-op Intern,National Research Council Canada,Government and NGO's/No-Profit Organizations (NPOs),Research,Research,Internships,,https://nrc.canada.ca/en/corporate/careers,Food Services,PRE,,Health and Healthcare,Internships,,,0.24157031782635768,model
2022,General Member,"National Residence Hall Honorary, Thunderbird Chapter",,Post-Secondary Institution,Post-Secondary Institution,,,https://www.nrhh.nacurh.org/,,PRE,,Other,Internships,,,0.2404265904107809,model
2022,Bookkeeper,Nhua 339 Service and Trading Company Limited,,Business & Enterprise,Accounting,,,,,PRE,,Finance & Banking,Sales and Trading,,,0.19486291291499785,rules+model
2022,Management Consultant Intern,Niviera Co.,Consulting,Consulting,,,,https://www.linkedin.com/company/niviera-co./,,PRE,,Consulting & Advisory,Internships,,,0.5412724932346253,rules+model
2022,Carbon Trading Research Assistant,Norman B. Keevil Institute of Mining Engineering,Academia,,,,,https://mining.ubc.ca/people/careers-opportunities,,PRE,,Research,Finance & Banking,Sales and Trading,,0.30031909132285256,rules+model
2022,Research Associate,NORML,Government and NGO's/No-Profit Organizations (NPOs),,,,,https://norml.org/norml-internships/,,PRE,,Research,Research,,,0.44496957379999846,rules+model
2022,Consultant,Oppos,,,,,,https://getoppos.com/,,POST,,Consulting & Advisory,Consulting & Advisory,,,0.5281794040599173,rules+model
2022,Summer Business Associate,Orbis Investments,Finance - Investment Banking,Finance - Private Equity,,,,https://www.orbis.com/Careers/careers/home,,PRE,,Finance & Banking,Internships,Investment Banking,,0.23261244258754724,rules+model
2022,Equity Research Intern,Orient Securities,,,,,,https://www.dfzq.com.cn/osoa/views/english/home/index.shtml,,PRE,,Research,Internships,,,0.22152993402146692,rules+model
2022,Lifeguard/Receptionist,Overlake Gold & Country Club,Other,Other,,,,https://overlake.club/careers,Hospitality - Aquatic Safety/Administration,PRE,,Other,Internships,,,0.2797792072339068,model
2022,Consituency Assistant,Parliament of Canada,Government and NGO's/No-Profit Organizations (NPOs),,,,,http://jobs-emplois.parl.ca/,,PRE,,Health and Healthcare,Health and Healthcare,,,0.3150364162212112,model
2022,Vice President Logistics,Party Well,,,,,,,,PRE,,Transportation Services,Logistics,Operations and Supply Chain Management,,0.2612716389047744,rules+model
2022,Barista,"Paul Bakery, Patisserie, Café & Restaurant Canada",,,,,,https://paulrestaurantcafeandbakery.menu-res.com/,,PRE,,"Hospitality & Retail (Food, Service Industries)",Customer Experience and Service Management,,,0.22663666030948246,rules+model
2022,Financial Analyst,Pavilion Renewables,,,,,,https://www.pavilion-renewables.com/,,PRE,,Finance & Banking,Corporate Finance,,,0.28966885030059175,rules+model
2022,Research Assistant,Peter A. Allard School of Law,Health/Policy/Research,,,,,https://allard.ubc.ca/about-us/our-people/careers-allard-law,Economics,PRE,,Research,Research,,,0.5427678231805773,rules+model
2022,Vice President of Finance,Place Vanier Residence Association,,,,,,https://www.linkedin.com/company/pvra/?originalSubdomain=ca,,PRE,,Environmental and Sustainability (ESG and Climate),Environmental and Sustainability (ESG and Climate),,,0.27077735689905547,model
2022,Floor Representative,Place Vanier Residence Association,,,,,,https://www.linkedin.com/company/pvra/?originalSubdomain=ca,,PRE,,Environmental and Sustainability (ESG and Climate),Environmental and Sustainability (ESG and Climate),,,0.20528032413998054,model
2022,Financial Advisor and Accountant,Plantish Future,,,,,,https://plantishfuture.com/,,PRE,,Finance & Banking,Wealth management (general banking),Business & Enterprise,,0.23352267476584881,rules+model
2022,Co-Founder,Plufl,,,,,,https://weareplufl.com/,,POST,,Business & Enterprise,Entrepreneurship,Startups,,0.365642556840693,rules+model
2022,Co-Founder,Plufl,,,,,,https://weareplufl.com/,,POST,,Business & Enterprise,Entrepreneurship,Startups,,0.365642556840693,rules+model
2022,Financial Data Analyst,Pomerleau,,,,,,https://jobs.pomerleau.ca/en_US/Jobs,,POST,,Data Science & Analytics,Finance & Banking,Business Analytics,,0.43433619570017407,rules+model
2022,Business Officer,Prairies Economic Development Canada,,,,,,https://www.canada.ca/en/prairies-economic-development/corporate/careers.html,,PRE,,Business & Enterprise,Business & Enterprise,,,0.20878402717640593,model
2022,Senior Account Executive,Procter & Gamble,Other,,,,,https://www.pgcareers.com/global/en,Consumer Goods,POST,,Business & Enterprise,Sales / Business Development,,,0.27162351760052045,rules+model
2022,Business Development Associate,PSO Space,,,,,,https://www.linkedin.com/company/psoacademy,,POST,,Business & Enterprise,Sales / Business Development,,,0.3800765989941654,rules+model
2022,Treasury Analyst,PT HM Sampoerna Tbk,,,,,,https://www.sampoerna.com/en/careers,,PRE,,Finance & Banking,Finance & Banking,,,0.33646868570789945,rules+model
2022,Assistant Accountant,PT. Karunia Besar,,,,,,https://career.karuniagroup.co.id/,,PRE,,Business & Enterprise,Accounting,,,0.2378797316532536,rules+model
2022,Research Intern,Purnartha PMS,,,,,,https://www.purnartha.com/,,PRE,,Research,Internships,,,0.5046803922630032,rules+model
2022,Strategy Department,PwC,,,,,,https://www.pwc.com/ca/en/careers.html,,PRE,,Actuarial Science,Actuarial Science,,,0.18944820763428855,model
2022,"Experienced Associate, Workforce of the Future",PwC,,,,,,https://www.pwc.com/ca/en/careers.html,,POST,,Actuarial Science,Actuarial Science,,,0.23431760054930206,model
2022,"Senior Associate, Consulting",PwC,,,,,,https://www.pwc.com/ca/en/careers.html,,POST,,Consulting & Advisory,Consulting & Advisory,,,0.1973724515056544,model
2022,"Associate, Management Consulting",PwC Canada,Consulting,Consulting,,,,https://jobs-ca.pwc.com/ca/en/home,,POST,,Consulting & Advisory,Consulting & Advisory,,,0.5038209187864023,model
2022,"Analyst, Global Portfolio Management",QuadReal Property Group,,,,,,https://quadreal.com/careers/,,POST,,Finance & Banking,Asset Management,Real Estate,,0.21052663386795673,rules+model
2022,"Associate, Global Portfolio Management",QuadReal Property Group,,,,,,https://quadreal.com/careers/,,POST,,Finance & Banking,Asset Management,Real Estate,,0.18315942508662508,rules+model
2022,Administrative Assistant,Quantum Academy,,,,,,https://www.qlearning.ca/,,PRE,,Business & Enterprise,Administration and Office Management,,,0.23867126957501078,rules+model
2022,Business Associate,RBC,Wealth Management,Other,,,,https://jobs.rbc.com/ca/en,Operations,PRE,,Finance & Banking,Wealth management (general banking),,,0.3596270411718534,rules+model
2022,Innovation Analyst,RBC,Wealth Management,Other,,,,https://jobs.rbc.com/ca/en,Technology,PRE,,Finance & Banking,Wealth management (general banking),,,0.34229434830225847,rules+model
2022,"Intern, Data Governance",RBC Capital Markets,Finance - Investment Banking,Data Science,,,,https://www.rbccm.com/en/careers.page,,PRE,,Finance & Banking,Internships,Investment Banking,,0.37515411712958807,rules+model
2022,Global Markets Analyst,RBC Capital Markets,,,,,,https://www.rbccm.com/en/careers.page,,POST,,Finance & Banking,Investment Banking,,,0.30637309077780683,rules+model
2022,Investment Banking Analyst,RBC Capital Markets,,,,,,https://www.rbccm.com/en/careers.page,,POST,,Finance & Banking,Investment Banking,,,0.28139394675483964,rules+model
2022,Quantitative Portfolio Associate,RBC Investments,Wealth Management,Data Science,,,,https://jobs.rbc.com/ca/en,,POST,,Finance & Banking,Wealth management (general banking),,,0.3554844694180248,rules+model
2022,Accounting Technician,Refinery Leadership Partners,,,,,,https://refineryleadership.com/careers/,,POST,,Business & Enterprise,Accounting,,,0.26727302668310293,rules+model
2022,Innovation and Operations Intern,Rentek,,,,,,https://www.ren-tek.com/,,PRE,,Other,Internships,,,0.1848391865515511,model
2022,Property Accounting Intern,RioCan Real Estate Investment Trust,,,,,,https://jobs.lever.co/riocan,,POST,,Business & Enterprise,Accounting,Real Estate,,0.2457026811656452,rules+model
2022,Baker's Assistant,Safeway,,,,,,https://www.safeway.ca/careers,,PRE,,Other,Finance & Banking,,,0.23832220909303914,model
2022,Head Tennis Coach,Saint Paul Urban Tennis,,,,,,https://www.stpaulurbantennis.org/get-involved,,PRE,,Other,Internships,,,0.2269213479577939,model
2022,Market Research Intern,Sanctuary AI,,,,,,https://www.sanctuary.ai/careers,,PRE,,Research,Internships,,,0.2398554395868057,rules+model
2022,Save the K9s Project Head,Save the K9s,,,,,,,,PRE,,Other,Internships,,,0.20376836175710106,model
2022,Service Sector employee,Save-On-Foods,,,,,,https://www.saveonfoods.com/join-our-team,,PRE,,Other,Internships,,,0.25440280000445403,model
2022,Customer Representative,Scotiabank,,,,,,https://www.scotiabank.com/careers/en/careers.html,,PRE,,Finance & Banking,Finance & Banking,,,0.24883857867337675,model
2022,Beta Tester,Scrintal,Other,,,,,https://careers.scrintal.com/,IT,PRE,,Other,Internships,,,0.22594339282439757,model
2022,Digital Marekting & Growth Strategist,Scrintal,Other,,,,,https://careers.scrintal.com/,IT,POST,,Marketing & Communications,Marketing & Communications,,,0.20794064749999552,model
2022,Private Tutor,Self-Employed,,,,,,,,POST,Started during degree,Marketing & Communications,Marketing & Communications,,,0.18915123456544294,model
2022,Game Developer,Self-Employed,Other,,,,,,,PRE,,Other,Internships,,,0.21202539523391264,model
2022,Wedding Planner,Self-employed,Other,,,,,,,PRE,,Other,Internships,,,0.21202539523391264,model
2022,Freelance SAT Math Tutor,Self-EMployed,,,,,,,,POST,,Other,Internships,,,0.17876462227498707,model
2022,Filmmaker and Photographer,Self-Employed,Other,Other,,,,,Freelance - Photography,PRE,,Other,Internships,,,0.2147364711272026,model
2022,Freight Agent,SGC shipping services LLC,,,,,,https://www.linkedin.com/company/sgc-shipping-services/posts/?feedView=all,,PRE,,Other,Internships,,,0.2589281108337857,model
2022,Marketing Project Manager,"Shanghai Jiaoyun International Logistics Co., Ltd.",,,,,,,,PRE,,Business & Enterprise,Project / Program Development,Logistics,,0.35705706381462354,rules+model
2022,Equity Research Intern,"Shenwan Hongyuan Securities Co., Ltd.",,,,,,https://www.swhysc.com/securityweb-eng/,,POST,,Research,Internships,,,0.19525839895647476,rules+model
2022,Front Store Supervisor,Shopper Drug Mart,,,,,,https://corporate.shoppersdrugmart.ca/en/careers-life-at-shoppers/,,POST,Started during degree,Other,Customer Experience and Service Management,,,0.25238471656673556,model
2022,Literacy Researcher,Simbi Foundation,Government and NGO's/No-Profit Organizations (NPOs),Health/Policy/Research,,,,https://simbifoundation.org/join-our-team/,,PRE,,Health and Healthcare,Health and Healthcare,,,0.316925756769866,model
2022,Research Advisor,Simbi Foundation,Government and NGO's/No-Profit Organizations (NPOs),Health/Policy/Research,,,,https://simbifoundation.org/join-our-team/,,PRE,,Health and Healthcare,Health and Healthcare,,,0.4256773688233347,model
2022,Researcher,Simbi Foundation,,,,,,https://simbifoundation.org/our-work-in-bc/,,POST,,Other,Research,,,0.17126436453944757,model
2022,Data Coordinator,Simon Fraser University,,,,,,https://www.sfu.ca/dashboard/careers.html,,POST,,Post-Secondary Institution,Post-Secondary Institution,,,0.35008642410882906,rules+model
2022,Consultant,Simon-Kucher,,,,,,https://www.simon-kucher.com/en/careers,,POST,,Consulting & Advisory,Consulting & Advisory,,,0.5281794040599173,rules+model
2022,Senior Consultant,Simon-Kucher,,,,,,https://www.simon-kucher.com/en/careers,,POST,,Consulting & Advisory,Consulting & Advisory,,,0.3105857646593734,rules+model
2022,NFL Draft Scout and Writer,Sports Illustrated,,,,,,https://www.jobsinsports.com/c/sports-illustrated/jobs,,POST,Started during degree,Other,Internships,,,0.2720187541845484,model
2022,Summer Programs Office Administrator,St. Albans School (D.C.),Academia,,,,,https://www.stalbansschool.org/about/employment,,PRE,,Academia,Academia,,,0.20136416342822266,model
2022,Business Development Intern,St. Albans School (D.C.),Academia,,,,,https://www.stalbansschool.org/about/employment,,PRE,,Business & Enterprise,Sales / Business Development,Internships,,0.2394057780820727,rules+model
2022,Junior Data Analyst,Statistics Canada,Government and NGO's/No-Profit Organizations (NPOs),Data Science,,,,https://www.statcan.gc.ca/en/job-opportunities,,PRE,,Data Science & Analytics,Business Analytics,,,0.3595236035296666,rules+model
2022,Financial Research Intern,StreetWire,Other,,,,,https://streetwire.net/,Real Estate,PRE,,Research,Real Estate,Internships,,0.21449326201540878,rules+model
2022,Quantitative Analyst,StreetWise,,,,,,,,PRE,,Data Science & Analytics,Data Science & Analytics,,,0.37950077266281956,model
2022,Server,Suika Japanese Restaurant,,,,,,https://suika-snackbar.com/,,PRE,,"Hospitality & Retail (Food, Service Industries)",Customer Experience and Service Management,,,0.2660032866199483,rules+model
2022,Learning and Development Intern,Sun Life,,,,,,https://www.sunlife.ca/en/careers/,,PRE,,Other,Internships,,,0.16701497651963032,model
2022,Wealth Sales Coordinator,Sun Life Global Investments,,,,,,https://www.sunlifeglobalinvestments.com/en/about-us/careers/,,POST,,Business & Enterprise,Sales / Business Development,,,0.20242478131233785,rules+model
2022,Wealth Sales Representative,Sun Life Global Investments,,,,,,https://www.sunlifeglobalinvestments.com/en/about-us/careers/,,POST,,Business & Enterprise,Sales / Business Development,,,0.18803847851199926,rules+model
2022,Junior Consultant,Talented Business Solutions Inc,,,,,,https://www.talentedbusiness.ca/index.html,,PRE,,Consulting & Advisory,Consulting & Advisory,,,0.2347190697803107,rules+model
2022,Logistics Intern,TAP Fresh Foods PVT LTD,,,,,,,,PRE,,Transportation Services,Logistics,Operations and Supply Chain Management,Internships,0.21477734382495994,rules+model
2022,Server,Tapestry,,,,,,,,PRE,,"Hospitality & Retail (Food, Service Industries)",Customer Experience and Service Management,,,0.2702179832238211,rules+model
2022,Personal Banking Associate,TD,,,,,,https://careers.td.com/,,POST,,Business & Enterprise,Business & Enterprise,,,0.22636441830624718,model
2022,Customer Service Representative,TD,,,,,,https://careers.td.com/,,POST,,Business & Enterprise,Customer Experience and Service Management,,,0.18181933503100112,rules+model
2022,Summer Intern,Tech Resources Limited,,,,,,https://www.teck.com/careers/,,PRE,,Energy and Resources,Internships,,,0.24315544727956406,rules+model
2022,Head Of Logistics,TEDx,,,,,,https://www.ted.com/about,,PRE,,Transportation Services,Logistics,Operations and Supply Chain Management,,0.25452894577550345,rules+model
2022,Sponsorship coordinator,TEDxPune,,,,,,https://www.tedxpune.com/about-us.php,,PRE,,Other,Finance & Banking,,,0.2279765262465474,model
2022,Clinical Operations Associate,TELUS,,,,,,https://www.telus.com/en/about/careers,,POST,,Health and Healthcare,Health and Healthcare,,,0.2406464424830239,rules+model
2022,"Director of Marketing, Managing Editor","Texans Unfiltered Media, LLC",,,,,,NA; forfeited existence,,POST,Started during degree,Marketing & Communications,Marketing & Communications,,,0.3776059937732568,model
2022,"Producer, Manager",The 33rd Team,,,,,,https://www.the33rdteam.com/careers/,,POST,Started during degree,Other,Internships,,,0.19183791438543796,model
2022,Senior Video Growth Manager,The Athletic,,,,,,https://www.nytimes.com/athletic/careers/,,POST,,Other,Customer Experience and Service Management,,,0.20320481235691423,model
2022,Co-Founder,The Charity Cup,Other,,,,,https://thecharitycup.net/,Sports,PRE,,Business & Enterprise,Entrepreneurship,Startups,,0.2809795719284887,rules+model
2022,Special Events Coordinator,The Civic Theatre,Other,Other,,,,,Arts & Culture,PRE,,Other,Internships,,,0.2015387958237865,model
2022,Graduate Research Assistant,The London School of Economics and Political Science (LSE),,,,,,https://info.lse.ac.uk/LSE-jobs,,POST,,Research,Politics,,,0.2241597402414422,rules+model
2022,Research Assistant,The London School of Economics and Political Science (LSE),Academia,,,,,https://info.lse.ac.uk/LSE-jobs,,PRE,,Research,Politics,,,0.3452875860978152,rules+model
2022,Finance Intern,The Times of India,Other,,,,,https://timesofindia.indiatimes.com/us,Media Production,PRE,,Other,Internships,,,0.1939995789123696,model
2022,Research Consultant,The World Bank,Government and NGO's/No-Profit Organizations (NPOs),Consulting,,,,https://www.worldbank.org/en/about/careers,,POST,,Consulting & Advisory,Consulting & Advisory,,,0.31297336961523753,rules+model
2022,"Data Analytics Intern, DIME",The World Bank,Government and NGO's/No-Profit Organizations (NPOs),Data Science,,,,https://www.worldbank.org/en/about/careers,,PRE,,Data Science & Analytics,Business Analytics,Internships,,0.3625122121889371,rules+model
2022,Consultant,The World Bank,Government and NGO's/No-Profit Organizations (NPOs),Consulting,,,,https://www.worldbank.org/en/about/careers,,POST,,Consulting & Advisory,Consulting & Advisory,,,0.4120605761534853,rules+model
2022,Youth Counselor,The Y (YMCA),,,,,,https://www.ymca.ca/en/careers,,PRE,,Other,Internships,,,0.21487988202181282,model
2022,Business Development Associate,ThePlug Vancouver,,,,,,https://plugvancouver.ca/,,PRE,,Business & Enterprise,Sales / Business Development,,,0.3172334773200771,rules+model
2022,Global Monetization Strategy Expert,TikTok,,,,,,https://www.linkedin.com/company/tiktok/jobs/,,POST,,Business & Enterprise,Business & Enterprise,,,0.24346745260661515,model
2022,Business Analyst Intern,toCode.ai,,,,,,https://tocode.ai/conversational-platform/,,PRE,,Other,Internships,,,0.1844174503050466,model
2022,Business Analyst Intern,toCode.ai,,,,,,https://tocode.ai/conversational-platform/,,PRE,,Other,Internships,,,0.1844174503050466,model
2022,"Associate, Government Advisory",Tony Blair Institute for Global Change,,,,,,https://institute.global/who-we-are/careers,,POST,,Consulting & Advisory,Consulting & Advisory,,,0.19868038311008793,rules+model
2022,Social Media Director,TORJA Inc.,,,,,,https://torja.ca/,,PRE,,Marketing & Communications,Marketing & Communications,,,0.20989384605442796,rules+model
2022,Editor,TORJA Inc.,,,,,,https://torja.ca/,,PRE,,Other,Internships,,,0.2557775279036964,model
2022,Visitor Experience Specialist,Tourism Vancouver,Government and NGO's/No-Profit Organizations (NPOs),Other,,,,,Tourism,PRE,,Other,Internships,,,0.1644661114102276,model
2022,Corporate Priorities Assistant,Trade & Invest British Columbia,Government and NGO's/No-Profit Organizations (NPOs),,,,,https://www.britishcolumbia.ca/,,PRE,,Health and Healthcare,Health and Healthcare,,,0.2351572129740709,model
2022,Business Development Specialist,TUEX International Education,,,,,,https://www.tuex.ca/,,PRE,,Business & Enterprise,Sales / Business Development,,,0.26500076496524755,rules+model
2022,Business Development Intern,Türkiye Petrolleri A.O.,Other,Other,,,,https://tp.gov.tr/?mod=medya,Oil and Gas Production - Business Development,PRE,,Business & Enterprise,Internships,Sales / Business Development,,0.3661698987545398,rules+model
2022,Sales Marketing Analyst,TwinsMusic Enterprises,,,,,,https://www.twinsmusicny.com/,,PRE,,Data Science & Analytics,Business Analytics,Business & Enterprise,,0.38606678966519875,rules+model
2022,Political/Economic Intern,U.S Department of State,Government and NGO's/No-Profit Organizations (NPOs),Health/Policy/Research,,,,https://careers.state.gov/,Economics,PRE,,Politics,Internships,,,0.2830458699400779,rules+model
2022,Intern- Bureau of Western Hemisphere Affairs,U.S. Department of State,,,,,,https://careers.state.gov/,,PRE,,Other,Internships,,,0.1613245762948659,model
2022,Teaching Assistant,UBC,Academia,Academia,,,,https://hr.ubc.ca/careers,,PRE,,Post-Secondary Institution,Academia,,,0.8111870417890987,rules+model
2022,Learning Rover Co-op and Part-time,UBC,Academia,Other,,,,https://hr.ubc.ca/careers,Technology,PRE,,Post-Secondary Institution,Internships,,,0.32256834106394905,rules+model
2022,Teaching Assistant,UBC,Academia,Academia,,,,https://hr.ubc.ca/careers,,PRE,,Post-Secondary Institution,Academia,,,0.8111870417890987,rules+model
2022,BIE Academic Tutor,UBC,Academia,Academia,,,,https://hr.ubc.ca/careers,,PRE,,Post-Secondary Institution,Post-Secondary Institution,,,0.550693096364157,rules+model
2022,UBC Student Ambassador,UBC,Academia,Academia,,,,https://hr.ubc.ca/careers,,POST,Started during degree,Post-Secondary Institution,Post-Secondary Institution,,,0.5338888451176088,rules+model
2022,Marketing Recruiting Assistant,UBC,Academia,Marketing,,,,https://hr.ubc.ca/careers,,PRE,,Post-Secondary Institution,Post-Secondary Institution,,,0.4443278926779347,rules+model
2022,Research Assistant,UBC,,,,,,https://hr.ubc.ca/careers,,PRE,,Post-Secondary Institution,Research,,,0.4943738828617444,rules+model
2022,Finance Coordinator,UBC,,,,,,https://hr.ubc.ca/careers,,POST,Started during degree,Post-Secondary Institution,Post-Secondary Institution,,,0.19364405461731404,rules+model
2022,Research Assistant,UBC,Academia,,,,,https://hr.ubc.ca/careers,,PRE,,Post-Secondary Institution,Research,,,0.4311530133978955,rules+model
2022,UBC Jumpstart Orientation Leader,UBC,,,,,,https://hr.ubc.ca/careers,,PRE,,Post-Secondary Institution,Post-Secondary Institution,,,0.29099336326126013,rules+model
2022,eRecruitment Co-op Assistant,UBC,,,,,,https://hr.ubc.ca/careers,,PRE,,Post-Secondary Institution,Internships,,,0.25136102043824154,rules+model
2022,Data Entry Clerk,UBC,,,,,,https://hr.ubc.ca/careers,,PRE,,Post-Secondary Institution,Post-Secondary Institution,,,0.48207320150412725,rules+model
2022,Research Assistant,UBC,,,,,,https://hr.ubc.ca/careers,,PRE,,Post-Secondary Institution,Research,,,0.4943738828617444,rules+model
2022,Teaching Assistant,UBC,,,,,,https://hr.ubc.ca/careers,,PRE,,Post-Secondary Institution,Academia,,,0.5632664229736164,rules+model
2022,Recruiting Assistant,UBC,,,,,,https://hr.ubc.ca/careers,,POST,Started during degree,Post-Secondary Institution,Post-Secondary Institution,,,0.3788049417340033,rules+model
2022,Teaching Assistant,UBC,,,,,,https://hr.ubc.ca/careers,,PRE,,Post-Secondary Institution,Academia,,,0.5632664229736164,rules+model
2022,Orientation Leader for the Jumpstart program,UBC,,,,,,https://hr.ubc.ca/careers,,PRE,,Post-Secondary Institution,Post-Secondary Institution,,,0.23814372460375788,rules+model
2022,Teaching Assistant,UBC,,,,,,https://hr.ubc.ca/careers,,PRE,,Post-Secondary Institution,Academia,,,0.5632664229736164,rules+model
2022,"UBC Equity and Inclusion Office: Research Assistant, Inclusion Initiatives",UBC,Academia,Academia,,,,https://hr.ubc.ca/careers,,PRE,,Post-Secondary Institution,Research,,,0.39421107492609575,rules+model
2022,Research Assistant,UBC,Academia,Academia,,,,https://hr.ubc.ca/careers,,PRE,,Post-Secondary Institution,Research,,,0.4311530133978955,rules+model
2022,Arts Student Assistant,UBC,,,,,,https://hr.ubc.ca/careers,,PRE,,Post-Secondary Institution,Post-Secondary Institution,,,0.34572952864450834,rules+model
2022,Teaching Assistant,UBC,,,,,,https://hr.ubc.ca/careers,,PRE,,Post-Secondary Institution,Academia,,,0.5632664229736164,rules+model
2022,Research Assistant,UBC,Academia,Academia,,,,https://hr.ubc.ca/careers,Research,PRE,,Post-Secondary Institution,Research,,,0.46218021963582473,rules+model
2022,Quantitative Research Assistant,UBC,Academia,,,,,https://hr.ubc.ca/careers,,PRE,,Post-Secondary Institution,Research,,,0.4167292784237475,rules+model
2022,Survey and Data Analystics Team Leads,UBC,Academia,Data Science,,,,https://hr.ubc.ca/careers,,PRE,,Post-Secondary Institution,Post-Secondary Institution,,,0.4764021248880889,rules+model
2022,Data Analystics Team Leads,UBC,Academia,Data Science,,,,https://hr.ubc.ca/careers,,PRE,,Post-Secondary Institution,Post-Secondary Institution,,,0.5278532435234278,rules+model
2022,Residence Advisor,UBC Housing and Hospitality Services,,,,,,https://shcs.ubc.ca/careers/,,PRE,,Post-Secondary Institution,Administration and Office Management,,,0.194109152716404,rules+model
2022,"Learning Rover, Organizational Change Management Team",UBC Integrated Renewal Program,Academia,Other,,,,https://it.ubc.ca/projects/integrated-renewal-program,Technology,PRE,,Post-Secondary Institution,Post-Secondary Institution,,,0.20996197374484526,rules+model
2022,"Team Lead, Learning Rovers",UBC Integrated Renewal Program,Academia,Other,,,,https://it.ubc.ca/projects/integrated-renewal-program,Technology,PRE,,Post-Secondary Institution,Post-Secondary Institution,,,0.21710702572801452,rules+model
2022,International Student Advising Assistant,UBC International Student Development,,,,,,https://facultystaff.students.ubc.ca/student-affairs/international-student-development,,PRE,,Post-Secondary Institution,Post-Secondary Institution,,,0.19621860361976753,rules+model
2022,English Program Assistant,UBC Learning Exchange,,,,,,https://learningexchange.ubc.ca/2020/03/11/were-hiring/,,PRE,,Post-Secondary Institution,Post-Secondary Institution,,,0.26379921425180397,rules+model
2022,Research Associate,UBC Office of Regional International Community Engagement (ORICE),Academia,,,,,https://orice.ubc.ca/opportunities/,,PRE,,Post-Secondary Institution,Research,,,0.29268522847236406,rules+model
2022,League Staff (TAHL),UBC Recreation,,,,,,https://recreation.ubc.ca/home/employment/,,PRE,,Post-Secondary Institution,Post-Secondary Institution,,,0.2199192037629758,rules+model
2022,Head of League Staff and Statistics (TAHL),UBC Recreation,,,,,,https://recreation.ubc.ca/home/employment/,,PRE,,Post-Secondary Institution,Post-Secondary Institution,,,0.22799411343298817,rules+model
2022,Research Assistant,UBC Sauder School of Business,Academia,Academia,,,,https://www.sauder.ubc.ca/about-ubc-sauder/careers,,PRE,,Academia,Research,,,0.4114069360485818,rules+model
2022,Teaching Assistant,UBC Sauder School of Business,Academia,Academia,,,,https://www.sauder.ubc.ca/about-ubc-sauder/careers,,PRE,,Academia,Academia,,,0.6369394096716581,rules+model
2022,Special Projects Coordinator (Co-op),UBC Sauder School of Business,Academia,Academia,,,,https://www.sauder.ubc.ca/about-ubc-sauder/careers,,PRE,,Academia,Internships,,,0.3462961191731225,rules+model
2022,Project Assistant,UBC Sauder School of Business,,,,,,https://www.sauder.ubc.ca/about-ubc-sauder/careers,,PRE,,Academia,Academia,,,0.2514460956292778,rules+model
2022,Undergraduate Research Assistant,UBC Sauder School of Business,,,,,,https://www.sauder.ubc.ca/about-ubc-sauder/careers,,PRE,,Academia,Research,,,0.22737949773184424,rules+model
2022,Project Assistant,UBC Sauder School of Business,,,,,,https://www.sauder.ubc.ca/about-ubc-sauder/careers,,PRE,,Academia,Academia,,,0.2514460956292778,rules+model
2022,Teaching Assistant,UBC Sauder School of Business,,,,,,https://www.sauder.ubc.ca/about-ubc-sauder/careers,,PRE,,Academia,Academia,,,0.42389520556314747,rules+model
2022,Admissions and Office Assistant,UBC Sauder School of Business,,,,,,https://www.sauder.ubc.ca/about-ubc-sauder/careers,,PRE,,Academia,Post-Secondary Institution,Administration and Office Management,,0.24498276340752198,rules+model
2022,Residence Advisor,UBC Student Housing and Hospitality Services,,,,,,https://shcs.ubc.ca/careers/,,PRE,,Post-Secondary Institution,Administration and Office Management,,,0.18778522001323353,rules+model
2022,Head of Hockey Analytics,UBC Thunderbirds and Sports Clubs,,,,,,https://recreation.ubc.ca/sport-clubs/,,POST,,Post-Secondary Institution,Data Science & Analytics,Business Analytics,,0.22965949982729397,rules+model
2022,Investment Banking - FX Sales,UBS,Consulting,Finance - Investment Banking,,,,https://www.ubs.com/global/en/careers.html,Banking Services,POST,,Finance & Banking,Investment Banking,Business & Enterprise,,0.27671519666678457,rules+model
2022,Economic Policy Intern- Inclusive Growth,UNDP,,,,,,https://www.undp.org/careers,,PRE,,Policy,Internships,,,0.19136247234677342,rules+model
2022,Student Office Assistant,Unifiller Systems,,,,,,https://www.unifiller.com/career-opportunities,,PRE,,Other,Internships,,,0.2118838619615065,model
2022,"Junior Adviser, Permanent Mission of Canada to the United Nations in New York City",United Nations,Government and NGO's/No-Profit Organizations (NPOs),,,,,https://careers.un.org/,,PRE,,Consulting & Advisory,Consulting & Advisory,,,0.1479084599450186,rules+model
2022,Event Coordinator,Urban Rec Vancouver,Other,Other,,,,https://vancouver.urbanrec.ca/member/career-opportunities,Sports,PRE,,Other,Finance & Banking,,,0.26382655600991906,model
2022,NFL Writer,USA Today,,,,,,https://jobs.usatoday.com/browse-categories,,POST,,Other,Internships,,,0.32572138895750913,model
2022,Intern,Versify,,,,,,https://www.versity.com/about/careers/,,PRE,,Environmental and Sustainability (ESG and Climate),Internships,,,0.15157916399817883,model
2022,Assistant Manager,Village Pub,,,,,,,,PRE,,Business & Enterprise,Business & Enterprise,,,0.22839847117825063,model
2022,Research Assistant,VSE,Academia,Academia,,,,https://economics.ubc.ca/about/job-opportunities/,,PRE,,Research,Research,,,0.5719298461379188,rules+model
2022,Undergraduate Research Assistant,VSE,Academia,Academia,,,,https://economics.ubc.ca/about/job-opportunities/,,PRE,,Research,Research,,,0.33321228624687904,rules+model
2022,Program Development Assistant,VSE,Academia,Academia,,,,https://economics.ubc.ca/about/job-opportunities/,,PRE,,Academia,Academia,,,0.3903196699374172,model
2022,Research Assistant,VSE,,,,,,https://economics.ubc.ca/about/job-opportunities/,,PRE,,Research,Research,,,0.5788533970545165,rules+model
2022,Undergraduate Research Assistant,VSE,,,,,,https://economics.ubc.ca/about/job-opportunities/,,PRE,,Research,Research,,,0.3008127848685532,rules+model
2022,BIE peer academic advisor,VSE,Academia,,,,,https://economics.ubc.ca/about/job-opportunities/,,PRE,,Post-Secondary Institution,Post-Secondary Institution,,,0.35624747338686774,rules+model
2022,Research Assistant,VSE,,,,,,https://economics.ubc.ca/about/job-opportunities/,,PRE,,Research,Research,,,0.5788533970545165,rules+model
2022,Research Assistant,VSE,Academia,,,,,https://economics.ubc.ca/about/job-opportunities/,,PRE,,Research,Research,,,0.5719298461379188,rules+model
2022,Research Assistant - Political Economy & International Development,VSE,Academia,,,,,https://economics.ubc.ca/about/job-opportunities/,,PRE,,Research,Politics,,,0.4889959243478895,rules+model
2022,Program Development Assistant,VSECC,Academia,,,,,https://careercentre.economics.ubc.ca/,,PRE,,Academia,Academia,,,0.39298540542413823,model
2022,Program Lead,VSECC,Academia,,,,,https://careercentre.economics.ubc.ca/,,PRE,,Academia,Academia,,,0.30977318933943604,model
2022,Peer Coach and Program Development Assistant,VSECC,Academia,,,,,https://careercentre.economics.ubc.ca/,,PRE,,Academia,Academia,,,0.3392978021468575,model
2022,Project Manager,VSECC,,,,,,https://careercentre.economics.ubc.ca/,,PRE,,Business & Enterprise,Project / Program Development,,,0.1940748314377921,rules+model
2022,Volunteer Program Coordinator,VSECC,Academia,,,,,https://careercentre.economics.ubc.ca/,,PRE,,Business & Enterprise,Project / Program Development,,,0.3104992655551733,rules+model
2022,Business Development and Events Management Assistant,VSECC,Academia,,,,,https://careercentre.economics.ubc.ca/,,PRE,,Business & Enterprise,Sales / Business Development,,,0.26409887576792185,rules+model
2022,Business Analysis,Watson Board Advisors,,,,,,https://www.watsoninc.ca/meet-watson/careers/,,POST,,Other,Internships,,,0.21467758766835027,model
2022,"Int. Analysis, Network Planning",Wesjet,,,,,,https://www.westjet.com/en-ca/careers,,POST,,Other,Internships,,,0.26775875755941714,model
2022,Summer Camp Counselor,WinSport,Other,,,,,https://www.winsport.ca/about-us/join-our-team/,,PRE,,Other,Internships,,,0.25591850241485475,model
2022,Marketing Representative,Wize,,Marketing,,,,,,PRE,,Marketing & Communications,Marketing & Communications,,,0.6491054750823241,model
2022,WIA Mentorship Program Mentee,Women in Animation,,,,,,https://wearewia.org/,,PRE,,Other,Internships,,,0.22665263578700148,model
2022,Investment Management Co-op,WorkSafe BC,,,,,,https://www.worksafebc.com/en/about-us/careers,,PRE,,Other,Internships,,,0.26096547297299455,model
2022,Research & Insights Assistant,WorkSafe BC,Government and NGO's/No-Profit Organizations (NPOs),Health/Policy/Research,,,,https://www.worksafebc.com/en/about-us/careers,,PRE,,Health and Healthcare,Health and Healthcare,,,0.5318754671906631,model
2022,Account Coordinator,XMC - the Official Sponsorship and Experiential Marketing Agency,,,,,,https://www.xmc.ca/careers,,POST,,Marketing & Communications,Marketing & Communications,,,0.25349717060626287,model
2022,Teaching Assistant,YMCA Japan,,,,,,https://www.ymcajapan.org/,,PRE,,Academia,Academia,,,0.3595759774085729,rules+model
2022,Rules Planner (External Support),Yoka Games,,,,,,http://www.yokagames.com/,,POST,,Other,Internships,,,0.22057137418755174,model
2022,Executive Board Member,Youth Hunger Mission Foundation,,,,,,,,PRE,,Other,Internships,,,0.21337825731857252,model
2022,Content Creator,YouTube (self-employed),,,,,,https://www.youtube.com/@TexansThoughts/videos,,POST,Started during degree,Marketing & Communications,Marketing & Communications,,,0.25874405545932055,rules+model
2022,Marketing Consultant,Zunzi,,,,,,,,POST,,Consulting & Advisory,Consulting & Advisory,,,0.47185977228377746,rules+model
2021,Sergeant (E-5),"8th Army, U.S. Army",,,,,,https://www.goarmy.com/careers-and-jobs/browse-jobs,,PRE,,Other,Customer Experience and Service Management,,,0.32572138895750913,model
2021,Project Portfolio Management Summer Analyst,Abacus Medicine A/S,,,,,,https://abacusmedicinegroup.com/career/,,POST,,Finance & Banking,Asset Management,,,0.2334048221816736,rules+model
2021,Marketing Assistant,Adcote School for Girls,,,,,,https://www.adcoteschool.co.uk/job-vacancies/,,PRE,,Marketing & Communications,Marketing & Communications,,,0.536086875745166,rules+model
2021,Research Intern,AFRIpads,,,,,,https://www.afripads.com/join-the-team/,,PRE,,Research,Internships,,,0.5046803922630032,rules+model
2021,Bilingual Customer Sales and Service Agent,Air Canada,,,,,,https://careers.aircanada.com/,,PRE,,Business & Enterprise,Sales / Business Development,,,0.18621805604026836,rules+model
2021,Growth Marketing Intern,"Allocadia, an Uptempo company",,,,,,https://www.uptempo.io/about-uptempo/,,POST,,Marketing & Communications,Internships,,,0.5282265110612636,rules+model
2021,Software Engineer,AlphaSense,,,,,,https://www.alpha-sense.com/careers/,,POST,,Technology,Software Development,,,0.20945012490186826,rules+model
2021,Consulting Analyst,Altman Solon,,,,,,https://www.altmansolon.com/careers/job-opportunities,,POST,,Other,Consulting & Advisory,,,0.25050938099133335,model
2021,Consultant,Altman Solon,,,,,,https://www.altmansolon.com/careers/job-opportunities,,POST,,Consulting & Advisory,Consulting & Advisory,,,0.5281794040599173,rules+model
2021,Research and Quality Improvement Program Assistant,Alzheimer Society of B.C.,,,,,,https://alzheimer.ca/bc/en/about-us/our-people/career-opportunities,,PRE,,Health and Healthcare,Health and Healthcare,,,0.3030115437543795,model
2021,Product Manager,Amazon,,,,,,https://hiring.amazon.ca/,,POST,,Business & Enterprise,Business & Enterprise,,,0.25539846043511194,model
2021,Intern,Andrew Wilkinson Leadership Campaign,,,,,,,,PRE,,Politics,Internships,,,0.15157916399817883,rules+model
2021,Assistant Vice President,Aon,,,,,,https://jobs.aon.com/,,POST,,Actuarial Science,Actuarial Science,,,0.29184502023302156,model
2021,Data & Analytics Business Analyst,Aon,,,,,,https://jobs.aon.com/,,POST,,Data Science & Analytics,Business Analytics,,,0.3938386226039728,rules+model
2021,"Risk Associate - Broker, Financial Services Group",Aon,,,,,,https://jobs.aon.com/,,POST,,Real Estate,Real Estate,,,0.2820675929608121,rules+model
2021,"Risk Associate - Associate Account Executive, Construction Services Group & Surety",Aon,,,,,,https://jobs.aon.com/,,POST,,Business & Enterprise,Sales / Business Development,,,0.25732617155234083,rules+model
2021,"Associate, Investment Consulting",Aon,,,,,,https://jobs.aon.com/,,POST,,Actuarial Science,Actuarial Science,,,0.2775268176078458,model
2021,Risk Associate - General Practice Broking,Aon,,,,,,https://jobs.aon.com/,,POST,,Actuarial Science,Actuarial Science,,,0.3330616245139123,model
2021,Mining Account Management,Aon,,,,,,https://jobs.aon.com/,,POST,,Energy and Resources,Energy and Resources,,,0.2714187962402446,rules+model
2021,Risk Associate - Data and Analytics,Aon,,,,,,https://jobs.aon.com/,,POST,,Data Science & Analytics,Business Analytics,,,0.2686173626353881,rules+model
2021,Barista,Aphrodite's Organic Cafe,,,,,,https://www.organiccafe.ca/,,PRE,,"Hospitality & Retail (Food, Service Industries)",Customer Experience and Service Management,,,0.2507250034847223,rules+model
2021,Co-Founder,Aplite Limited,,,,,,https://aplitegroup.com/job-openings,,POST,,Business & Enterprise,Entrepreneurship,Startups,,0.2776656171477124,rules+model
2021,Senior Project Analyst,Aritzia,,,,,,https://www.aritzia.com/en/aritzia/corporate-hub/careers/careers-landing-page,,POST,,Other,Consulting & Advisory,,,0.2857150543511771,model
2021,Student Policy Analyst,Associate Vice Presidient Administration,,,,,,,,PRE,,Policy,Policy,,,0.2231263523246884,rules+model
2021,Social Media Marketing Intern,Association of Family Offices in Asia,,,,,,https://www.familyoffices-asia.com/,,PRE,,Marketing & Communications,Internships,,,0.38620887181499025,rules+model
2021,Data Analyst,Atlas Partners,,,,,,,,POST,,Data Science & Analytics,Business Analytics,,,0.7023731603587454,rules+model
2021,UBC Team Representative and Researcher - Sixth Annual Governor's Challenge,Bank of Canada,,,,,,https://www.bankofcanada.ca/careers/,,PRE,,Post-Secondary Institution,Post-Secondary Institution,,,0.19360025889906618,rules+model
2021,"Project Assistant, Data Group",BC Childrens Hospital Research Institute,,,,,,https://bcchr.ca/career,,PRE,,Data Science & Analytics,Data Science & Analytics,,,0.22976875920053533,model
2021,"Junior Analyst Co-op, Risk, Surveillance and Analytics",BC Financial Services Authority (BCFSA),,,,,,https://www.bcfsa.ca/about-us/careers,,PRE,,Data Science & Analytics,Business Analytics,Internships,,0.22783048315455656,rules+model
2021,Consultant on Membership Models Analysis Project,BC Food & Beverage,,,,,,https://bcfb.ca/,,POST,,Consulting & Advisory,Consulting & Advisory,,,0.2065552918752825,rules+model
2021,"Summer Student, International Relations and Partnerships",BDC,,,,,,https://www.bdc.ca/en/careers/,,POST,,Other,Internships,,,0.2255226738464252,model
2021,Accounting Associate,Bench Accounting,,,,,,https://www.bench.co/careers,,PRE,,Business & Enterprise,Accounting,,,0.2424949656106084,rules+model
2021,Lead Portfolio Associate,Bench Accounting,,,,,,https://www.bench.co/careers,,POST,,Business & Enterprise,Accounting,,,0.22258731205846777,rules+model
2021,Accounting Associate,Bench Accounting,,,,,,https://www.bench.co/careers,,POST,,Business & Enterprise,Accounting,,,0.2424949656106084,rules+model
2021,Summer Law Student,"Blake, Cassels & Graydon LLP",,,,,,https://www.joinblakes.com/careers/,,POST,,Other,Internships,,,0.22832815586144867,model
2021,Due Diligence Officer,BNP Paribas,,,,,,https://group.bnpparibas/en/careers,,POST,,Other,Internships,,,0.2337703360238268,model
2021,Project Coordinator Intern,Boeing,,,,,,https://jobs.boeing.com/search-jobs,,PRE,,Business & Enterprise,Project / Program Development,Internships,,0.15765032933061546,rules+model
2021,Data Engineer,Boston Consulting Group,,,,,,https://careers.bcg.com/global/en/c/consulting-jobs,,POST,,Technology,Software Development,,,0.3298389565136804,rules+model
2021,AI Engineer,Boston Consulting Group,,,,,,https://careers.bcg.com/global/en/c/consulting-jobs,,POST,,Consulting & Advisory,Consulting & Advisory,,,0.18752408634169548,model
2021,Structured Financial Analyst,Braskem Idesa,,,,,,https://www.braskem.com/careers,,POST,,Finance & Banking,Corporate Finance,,,0.29684873922135063,rules+model
2021,Customer Experience Specialist,Brex,,,,,,https://www.brex.com/careers,,POST,,Business & Enterprise,Customer Experience and Service Management,,,0.21384760683319845,rules+model
2021,Sales Team Lead,Building Common Good,,,,,,https://buildingcommongood.com/careers/,,POST,,Business & Enterprise,Sales / Business Development,,,0.23131586660636486,rules+model
2021,Junior Marketing and Data Analyst,Building Common Good,,,,,,https://buildingcommongood.com/careers/,,POST,,Data Science & Analytics,Business Analytics,,,0.4792856131916162,rules+model
2021,Sales Team Lead,Building Common Good,,,,,,https://buildingcommongood.com/careers/,,POST,,Business & Enterprise,Sales / Business Development,,,0.23131586660636486,rules+model
2021,Bakery Utility Clerk,Calgary Co-op,,,,,,https://www.calgarycoop.com/careers/,,PRE,,Other,Internships,,,0.22321149162059595,model
2021,Law Co-op Student,Camp Fiorante Matthews Mogerman LLP,,,,,,https://www.cfmlawyers.ca/,,POST,,Other,Internships,,,0.21430404855207907,model
2021,Camp Counsellor,Camp Tanamakoon,,,,,,https://tanamakoon.com/staff/,,PRE,,Other,Internships,,,0.32572138895750913,model
2021,Associate Vice President Administration,Canadian Intellectual Property Office,,,,,,https://ised-isde.canada.ca/site/canadian-intellectual-property-office/en,,PRE,,Real Estate,Real Estate,,,0.21990520969881647,rules+model
2021,High School Coop Student with Legal Counsel,Canadian Nuclear Labratories,,,,,,https://www.cnl.ca/about-cnl/work-with-us/,,PRE,,Other,Internships,,,0.2059833886089374,model
2021,Product Marketing Intern,Canopy,,,,,,,,PRE,,Marketing & Communications,Internships,,,0.5038820024326945,rules+model
2021,AHL Special Projects Intern,Canucks Sports & Entertainement (CSE),,,,,,https://jobs.canucks.com/,,POST,,Other,Internships,,,0.1856705116912622,model
2021,Internship Trainee,Central Bank of Jordan,,,,,,https://www.cbj.gov.jo/Default/En,,PRE,,Other,Internships,,,0.2336650213790217,model
2021,Research Analyst,Charter Cities Institute,,,,,,https://chartercitiesinstitute.org/careers/,,POST,,Other,Research,,,0.18635529389082697,model
2021,Fixed Income Intern,China Industrial Securities International Financial Group Limited,,,,,,,,POST,,Other,Internships,,,0.16455630633262455,model
2021,Summer ESG Reporting Researcher,City of Calgary,,,,,,https://www.calgary.ca/careers.html,,POST,,Government,Municipal,Environmental and Sustainability (ESG and Climate),,0.2878263652299129,rules+model
2021,Summer Corporate Governance Student Researcher,City of Calgary,,,,,,https://www.calgary.ca/careers.html,,POST,,Government,Municipal,,,0.19378738249703603,rules+model
2021,Client Management Intern,ClearBank,,,,,,https://clear.bank/join-clearbank,,PRE,,Finance & Banking,Internships,,,0.14218543016895144,model
2021,Law Clerk,Cleary Gottlieb Steen & Hamilton LLP,,,,,,https://careers-clearygottlieb.icims.com/jobs/search,,POST,,Law,Legal & Compliance,,,0.32572138895750913,rules+model
2021,Marketing Associate,Clyx,,,,,,https://clyx.com/landing,,POST,,Marketing & Communications,Marketing & Communications,,,0.5655353684283518,model
2021,User Experience Lead,Clyx,,,,,,https://clyx.com/landing,,POST,,Other,Internships,,,0.23022738009940183,model
2021,Finance & Leasing Intern,CMHC,,,,,,https://careers.cmhc-schl.gc.ca/,,PRE,,Other,Internships,,,0.1949122729961189,model
2021,Finance Intern,CMHC,,,,,,https://careers.cmhc-schl.gc.ca/,,PRE,,Other,Internships,,,0.1949122729961189,model
2021,Finance Intern,CMHC,,,,,,https://careers.cmhc-schl.gc.ca/,,PRE,,Other,Internships,,,0.1949122729961189,model
2021,Co-founder,Co-founder,,,,,,,,POST,,Business & Enterprise,Entrepreneurship,Startups,,0.38866801537954204,rules+model
2021,Business Services Coordinator,Colliers,,,,,,https://www.colliers.com/en/careers,,POST,,Other,Internships,,,0.23325318843276413,model
2021,Policy Intern,"Committee on Fuel and Energy Complex, Nuclear Policy and Nuclear Safety, Parliament of Ukraines",,,,,,https://www.rada.gov.ua/en/news/News/News%202/78646.html,,PRE,,Policy,Energy and Resources,Internships,,0.17308253817521355,rules+model
2021,"Studio Assistant, Startup Studio",Cornell Tech,,,,,,https://tech.cornell.edu/jobs/,,POST,,Business & Enterprise,Entrepreneurship,Startups,,0.24032644243416365,rules+model
2021,"Graduate Student Researcher, Urban Tech Hub",Cornell Tech,,,,,,https://tech.cornell.edu/jobs/,,POST,,Other,Finance & Banking,,,0.21913460982298413,model
2021,"Grader, Applied Machine Learning",Cornell Tech,,,,,,https://tech.cornell.edu/jobs/,,POST,,AI and Machine Learning,Data Science & Analytics,,,0.24319521362637372,rules+model
2021,"Grader, Data Science In The Wild",Cornell Tech,,,,,,https://tech.cornell.edu/jobs/,,POST,,Data Science & Analytics,Data Science & Analytics,,,0.3012556766196616,model
2021,Assistant Administrator,Crestwell Realty Inc,,,,,,https://crestwell.com/careers/,,PRE,,Other,Finance & Banking,,,0.21330840588830224,model
2021,Risk Governance Summer Analyst,Danske Bank,,,,,,https://danskebank.com/careers,,PRE,,Other,Internships,,,0.24777868656298768,model
2021,Portfolio Risk Management Summer Analyst,Danske Bank,,,,,,https://danskebank.com/careers,,PRE,,Finance & Banking,Finance & Banking,,,0.22679680594394028,rules+model
2021,Summer Associate,Darling Ventures,Finance - Private Equity,,,,,https://www.linkedin.com/company/darling-ventures,,PRE,,Finance & Banking,Private Equity,,,0.2045859936554683,rules+model
2021,Associate,Darling Ventures,Finance - Private Equity,,,,,https://www.linkedin.com/company/darling-ventures,,PRE,,Finance & Banking,Private Equity,,,0.19968028744677965,rules+model
2021,Contributing Author,Delhi Poetry Slam,,,,,,https://www.delhipoetryslam.com/pages/job-application,,POST,,Other,Internships,,,0.32572138895750913,model
2021,Summer Intern,Deloitte,,,,,,https://www.deloitte.com/global/en/careers/job-search.html,,PRE,,Other,Internships,,,0.16675271960570295,model
2021,Business Analyst,Deloitte,,,,,,https://www.deloitte.com/global/en/careers/job-search.html,,POST,,Business & Enterprise,Business & Enterprise,,,0.25767228337205106,model
2021,Consultant,Deloitte,,,,,,https://www.deloitte.com/global/en/careers/job-search.html,,POST,,Consulting & Advisory,Consulting & Advisory,,,0.4476952045091921,rules+model
2021,Analyst,Deloitte,,,,,,https://www.deloitte.com/global/en/careers/job-search.html,,POST,,Other,Finance & Banking,,,0.2533229299204704,model
2021,Financial Advisory Intern,Deloitte Southeast Asia,,,,,,https://jobs.sea.deloitte.com/,,PRE,,Consulting & Advisory,Internships,,,0.17704210725397512,rules+model
2021,Summer Articled Student,Dentons,,,,,,https://www.dentons.com/en/careers,,POST,,Other,Internships,,,0.22832815586144867,model
2021,Articling Student,Dentons,,,,,,https://www.dentons.com/en/careers,,POST,,Other,Internships,,,0.24407052151798134,model
2021,Program and Operations Assistant,Disability Foundation,,,,,,https://disabilityfoundation.org/,,PRE,,Other,Finance & Banking,,,0.18386487365815932,model
2021,Co-Founder,Dunsmir Designs Inc,,,,,,,,PRE,,Business & Enterprise,Entrepreneurship,Startups,,0.2993321768724862,rules+model
2021,Line Cook,Earls Kitchen + Bar,,,,,,https://earls.ca/careers/,,PRE,,Other,Internships,,,0.24854955291098435,model
2021,Server,Earls Kitchen + Bar,,,,,,https://earls.ca/careers/,,PRE,,"Hospitality & Retail (Food, Service Industries)",Customer Experience and Service Management,,,0.26422399553171033,rules+model
2021,Floor Manager,Earls Kitchen + Bar,,,,,,https://earls.ca/careers/,,PRE,,Other,Customer Experience and Service Management,,,0.21263188780333425,model
2021,Production Assistant,Early Music Vancouver,,,,,,https://www.earlymusic.bc.ca/about/jobs/,,PRE,,Other,Finance & Banking,,,0.2148076632782007,model
2021,Business Development Representative,Economist Intelligence: EIU,,,,,,https://www.economistintelligence.com/careers/,,POST,,Business & Enterprise,Sales / Business Development,,,0.44523868190635907,rules+model
2021,Junior Policy Analyst - Social Finance Fund,Employment and Social Development Canada (ESDC),,,,,,https://www.canada.ca/en/employment-social-development/campaigns/recruitment.html,,POST,,Policy,Policy,,,0.16834341705792139,rules+model
2021,Researcher (Policy Analyst) - Social Finance Fund,Employment and Social Development Canada (ESDC),,,,,,https://www.canada.ca/en/employment-social-development/campaigns/recruitment.html,,POST,,Policy,Policy,,,0.1816163749867896,rules+model
2021,Program Assistant,entrepreneurship@UBC,,,,,,https://sba.ubc.ca/entrepreneurshipubc-eubc,,PRE,,Post-Secondary Institution,Post-Secondary Institution,,,0.2602579150486128,rules+model
2021,Business Development Specialist (Intern),entrepreneurship@UBC,,,,,,https://sba.ubc.ca/entrepreneurshipubc-eubc,,PRE,,Post-Secondary Institution,Business & Enterprise,Sales / Business Development,,0.2562653851847946,rules+model
2021,Data Analytics Specialist (Intern),entrepreneurship@UBC,,,,,,https://sba.ubc.ca/entrepreneurshipubc-eubc,,PRE,,Post-Secondary Institution,Data Science & Analytics,Business Analytics,,0.3407253043870608,rules+model
2021,Data Analytics & Operations Specialist,entrepreneurship@UBC,,,,,,https://sba.ubc.ca/entrepreneurshipubc-eubc,,PRE,,Post-Secondary Institution,Data Science & Analytics,Business Analytics,,0.3864365264356343,rules+model
2021,Lab2Launch Program Associate,entrepreneurship@UBC,,,,,,https://sba.ubc.ca/entrepreneurshipubc-eubc,,POST,,Post-Secondary Institution,Post-Secondary Institution,,,0.18761854789356464,rules+model
2021,Head of M&A and Planning,Equipav,,,,,,https://www.equipav.com.br/en/home/,,POST,,Finance & Banking,Investment Banking,,,0.24826158573416382,rules+model
2021,Camp Counselor,Evergreen Adventure Camp,,,,,,https://www.camp-evergreen.com/work-at-camp/,,PRE,,Other,Internships,,,0.32572138895750913,model
2021,Legal Intern,Eversheds Sutherland,,,,,,https://www.eversheds-sutherland.com/en/global/careers/careers-page,,PRE,,Marketing & Communications,Internships,,,0.1928353977949533,model
2021,M&A Associate,Exus Management Partners,,,,,,https://www.exusrenewables.com/,,POST,,Finance & Banking,Investment Banking,,,0.21682705340847017,rules+model
2021,EY Future of Mining Winner,EY,,,,,,https://www.ey.com/en_ca/careers,,PRE,,Energy and Resources,Energy and Resources,,,0.25866222503174346,rules+model
2021,Strategies & Operations Intern,EY,,,,,,https://www.ey.com/en_ca/careers,,PRE,,Other,Internships,,,0.1741418767269894,model
2021,Consultant - Strategy & Transactions,EY - Parthenon,,,,,,https://www.ey.com/en_gl/careers/parthenon,,POST,,Consulting & Advisory,Consulting & Advisory,,,0.32092342929163764,rules+model
2021,Senior Consultant,EY - Parthenon,,,,,,https://www.ey.com/en_gl/careers/parthenon,,POST,,Consulting & Advisory,Consulting & Advisory,,,0.3105857646593734,rules+model
2021,Consultant - Strategy & Transactions,EY - Parthenon,,,,,,https://www.ey.com/en_gl/careers/parthenon,,POST,,Consulting & Advisory,Consulting & Advisory,,,0.32092342929163764,rules+model
2021,Associate Consultant,EY - Parthenon,,,,,,https://www.ey.com/en_gl/careers/parthenon,,POST,,Consulting & Advisory,Consulting & Advisory,,,0.33057215331633866,rules+model
2021,Sustainability Analyst,Fidelity Canada,,,,,,https://careers.fidelity.ca/en/index/,,POST,,Environmental and Sustainability (ESG and Climate),Environmental and Sustainability (ESG and Climate),,,0.20232999373529717,rules+model
2021,Business Development Representative,Fidelity Canada,,,,,,https://careers.fidelity.ca/en/index/,,POST,,Business & Enterprise,Sales / Business Development,,,0.45700784481947876,rules+model
2021,Business Development Associate,Fidelity Canada,,,,,,https://careers.fidelity.ca/en/index/,,POST,,Business & Enterprise,Sales / Business Development,,,0.3519437898802194,rules+model
2021,Business Development Manager,Fidelity Canada,,,,,,https://careers.fidelity.ca/en/index/,,POST,,Business & Enterprise,Sales / Business Development,Real Estate,,0.43921798714241733,rules+model
2021,Senior Business Development Manager,Fidelity Canada,,,,,,https://careers.fidelity.ca/en/index/,,POST,,Business & Enterprise,Sales / Business Development,Real Estate,,0.334174050320102,rules+model
2021,Senior Business Development Associate,Fidelity Canada,,,,,,https://careers.fidelity.ca/en/index/,,POST,,Business & Enterprise,Sales / Business Development,,,0.27075111836738913,rules+model
2021,Business Development Representative,Fidelity Canada,,,,,,https://careers.fidelity.ca/en/index/,,POST,,Business & Enterprise,Sales / Business Development,,,0.45700784481947876,rules+model
2021,Business Development Associate,Fidelity Canada,,,,,,https://careers.fidelity.ca/en/index/,,POST,,Business & Enterprise,Sales / Business Development,,,0.3519437898802194,rules+model
2021,Senior Business Development Associate,Fidelity Canada,,,,,,https://careers.fidelity.ca/en/index/,,POST,,Business & Enterprise,Sales / Business Development,,,0.27075111836738913,rules+model
2021,Sales/Business Operations Analyst,FISPAN,,,,,,https://fispan.com/company/careers/,,PRE,,Business & Enterprise,Sales / Business Development,Operations and Supply Chain Management,,0.2552645111619352,rules+model
2021,"Manager, Sales Enablement",FISPAN,,,,,,https://fispan.com/company/careers/,,POST,,Business & Enterprise,Sales / Business Development,,,0.24029222522416932,rules+model
2021,Data Analyst,Flip Electronics,,,,,,https://www.flipelectronics.com/Careers,,PRE,,Data Science & Analytics,Business Analytics,,,0.7023731603587454,rules+model
2021,Data Analysis Intern,Flip Electronics,,,,,,https://www.flipelectronics.com/Careers,,PRE,,Data Science & Analytics,Internships,,,0.3416227281289451,model
2021,Private Equity Analyst Intern,Foursan Group,,,,,,https://4san.com/,,PRE,,Finance & Banking,Private Equity,Internships,,0.20505165072352577,rules+model
2021,Waiter,Gastrosmiths,,,,,,,,PRE,,"Hospitality & Retail (Food, Service Industries)",Customer Experience and Service Management,,,0.32572138895750913,rules+model
2021,Market Intelligence Analyst Intern,Glen Dimplex Americas,,,,,,https://www.glendimplex.com/en-ie/careers/working-at-glen-dimplex,,POST,,Other,Internships,,,0.2142803399536528,model
2021,Research Assistant Intern,Global infrastructure investment bank,,,,,,https://www.global-infra.com/careers/,,POST,,Research,Internships,,,0.33091765337712176,rules+model
2021,Junior Fiscal Policy Analyst,Government of Canada,,,,,,https://www.canada.ca/en/services/jobs/opportunities/government.html,,PRE,,Government,Federal,Policy,,0.19332181877706264,rules+model
2021,"Investment Analyst, Strategic Innovation Fund",Government of Canada,,,,,,https://www.canada.ca/en/services/jobs/opportunities/government.html,,POST,,Government,Federal,,,0.266453642719214,rules+model
2021,Summer Law Student,Gowling WLG,,,,,,https://gowlingwlg.com/en/careers,,POST,,Other,Internships,,,0.22832815586144867,model
2021,Articling Student,Gowling WLG,,,,,,https://gowlingwlg.com/en/careers,,POST,,Other,Internships,,,0.24407052151798134,model
2021,Tax Compliance Intern,Grant Thornton,,,,,,https://www.grantthornton.com/careers,,PRE,,Law,Internships,Legal & Compliance,,0.2834477206700414,rules+model
2021,Membership Coordinator,Greater Vancouver Board of Trade,,,,,,https://www.boardoftrade.com/about/careers,,POST,,Other,Internships,,,0.22690072619854237,model
2021,Digital Marketing Intern,GUD,,,,,,,,PRE,,Marketing & Communications,Internships,,,0.6642085225453772,rules+model
2021,Intern of Initial Public Offering Group at Investment Bank Division,"Guotai Junan Securities Co., Ltd",,,,,,https://www.gtja.com/content/gtja_en/home.html,,PRE,,Other,Internships,,,0.18844027346035944,model
2021,Articling Student,Halton Region,,,,,,https://careers.halton.ca/,,POST,,Other,Internships,,,0.24407052151798134,model
2021,Articling Student,Halton Regional Police Service,,,,,,https://www.haltonpolice.ca/en/join-our-team/civilian-opportunities.aspx,,POST,,Other,Internships,,,0.23121587162646792,model
2021,Sales & Marketing manager,Hard Pack Magazine,,,,,,https://www.hardpackmagazine.com/pages/about,,POST,,Business & Enterprise,Sales / Business Development,,,0.47799557611961346,rules+model
2021,Senior Analyst,Hiive,,,,,,https://www.hiive.com/careers,,POST,,Other,Consulting & Advisory,,,0.3047797478973282,model
2021,Data Analyst,Hiive,,,,,,https://www.hiive.com/careers,,POST,,Data Science & Analytics,Business Analytics,,,0.7023731603587454,rules+model
2021,Intermediate Analytics Engineer,Hiive,,,,,,https://www.hiive.com/careers,,POST,,Data Science & Analytics,Business Analytics,,,0.2728966095549353,rules+model
2021,Hilti Store Representative,Hilti Canada,,,,,,https://careers.hilti.group/en-ca/,,POST,,Business & Enterprise,Business & Enterprise,,,0.21279627819835734,model
2021,Inside Salaes Account Manager,Hilti Canada,,,,,,https://careers.hilti.group/en-ca/,,POST,,Business & Enterprise,Sales / Business Development,,,0.20478395967266141,rules+model
2021,Investment Advisor Assistant,HollisWealth,,,,,,"NA; acquired by iA financial group, rebranded as Investia and iA Private Wealth",,PRE,,Finance & Banking,Wealth management (general banking),,,0.27312548277340465,rules+model
2021,Vice President,HOSA Canada,,,,,,https://hosacanada.org/home/careers/,,PRE,,Other,Internships,,,0.20731800559601637,model
2021,Social Media Manager,IndepOnline,,,,,,,,PRE,,Marketing & Communications,Marketing & Communications,,,0.19897520770493476,rules+model
2021,Intern of the Corporate Finance & Accounting Department,Industrial and Commercial Bank of China,,,,,,https://www.icbc-ltd.com/icbcltd/en,,PRE,,Finance & Banking,Corporate Finance,Business & Enterprise,,0.18761044973751465,rules+model
2021,Co-Founder,Inference Health,,,,,,https://www.inference.health/,,POST,,Business & Enterprise,Entrepreneurship,Startups,,0.33149895807764596,rules+model
2021,Associate Software Engineer,Infosys,,,,,,https://www.infosys.com/careers.html,,POST,,Technology,Software Development,,,0.19732640638710716,rules+model
2021,Co-Founder and COO,InMoving Services Inc.,,,,,,https://ca.linkedin.com/company/immoving-services-inc,,PRE,,Business & Enterprise,Entrepreneurship,Startups,,0.32769344234396747,rules+model
2021,Resource Mobilization Associate (REM Strategy Delivery),International Committee of the Red Cross,,,,,,https://careers.icrc.org/go/All-Jobs/3807301/,,POST,,Other,Internships,,,0.22132275931705325,model
2021,Resource Mobilization Officer (Center of Expertise on Governments),International Committee of the Red Cross,,,,,,https://careers.icrc.org/go/All-Jobs/3807301/,,POST,,Other,Internships,,,0.22804010808234318,model
2021,Banking Intern,INVESTBANK - Jordan,,,,,,https://www.investbank.jo/careers/,,PRE,,Law,Finance & Banking,Internships,,0.18781866042565734,model
2021,Market & UX Research Intern,Jet Digital Inc.,,,,,,https://ca.linkedin.com/company/jet-digital-jetstream,,POST,,Research,Internships,,,0.21392727017739668,rules+model
2021,Investment Analyst,Kaimo Investments,,,,,,https://www.linkedin.com/company/kaimoinvestments/,,PRE,,Other,Finance & Banking,,,0.32324601204776454,model
2021,Vice President of Finance & Invested Analyst,Kaimo Investments,,,,,,https://www.linkedin.com/company/kaimoinvestments/,,PRE,,Other,Finance & Banking,,,0.2641936022366301,model
2021,Analyst,Kaimo Investments,,,,,,https://www.linkedin.com/company/kaimoinvestments/,,PRE,,Other,Finance & Banking,,,0.2763136459191789,model
2021,Analyst,Kaimo Investments,,,,,,https://www.linkedin.com/company/kaimoinvestments/,,PRE,,Other,Finance & Banking,,,0.2763136459191789,model
2021,Vice President of Administration,Kaimo Investments,,,,,,https://www.linkedin.com/company/kaimoinvestments/,,PRE,,Other,Finance & Banking,,,0.22560272733456357,model
2021,Co-Founder & Invested Analyst,Kaimo Investments,,,,,,https://www.linkedin.com/company/kaimoinvestments/,,PRE,Started during degree,Business & Enterprise,Entrepreneurship,Startups,,0.2415707311110751,rules+model
2021,Data Analysis Intern,Kasi Insight,,,,,,https://www.kasiinsight.com/,,PRE,,Data Science & Analytics,Internships,,,0.3416227281289451,model
2021,Executive Assistant,Kaymo Fastener Co.,,,,,,https://kaymo.com/pages/career,,PRE,,Business & Enterprise,Administration and Office Management,,,0.19667250215395432,rules+model
2021,"Product, Marketing & Sales Coordinator",Kaymo Fastener Co.,,,,,,https://kaymo.com/pages/career,,POST,,Business & Enterprise,Sales / Business Development,,,0.3220792986975667,rules+model
2021,Procurement Specialist,KCC Silicone Corportaion / Momentive,,,,,,https://www.kccsilicone.com/eng/kccSiliconeCareer/talent.do,,POST,,Business & Enterprise,Operations and Supply Chain Management,,,0.23850408082526878,rules+model
2021,Co-Founder,KISCO Coffee,,,,,,,,PRE,,Business & Enterprise,Entrepreneurship,Startups,,0.2944916615470258,rules+model
2021,Trading Analyst (Intern),Knowledge International Pte Ltd,,,,,,https://www.knowledgeglobal.sg/,,PRE,,Finance & Banking,Sales and Trading,Internships,,0.24375253962667398,rules+model
2021,"Senior Consultant, Global Transfer Pricing and Economic Services",KPMG,,,,,,https://kpmg.com/xx/en/careers.html,,POST,,Consulting & Advisory,Consulting & Advisory,,,0.20318088166390008,rules+model
2021,"Database, Sales and Marketing Intern",M.F. Consultants,,,,,,https://mandfconsultants.com/jobs/,,PRE,,Marketing & Communications,Business & Enterprise,Sales / Business Development,,0.6617709436013789,rules+model
2021,Risk Analyst,Marsh McLennan,,,,,,https://careers.marshmclennan.com/,,POST,,Finance & Banking,Finance & Banking,,,0.2803596881291668,rules+model
2021,Consultant,Mastercard Data & Services,,,,,,https://careers.mastercard.com/us/en,,POST,,Consulting & Advisory,Consulting & Advisory,,,0.34956447023159787,rules+model
2021,Refugee Hearing Preparation Supervisor,Matthew House Toronto,,,,,,https://www.matthewhouse.ca/work-with-us,,POST,,Other,Customer Experience and Service Management,,,0.25622796207457055,model
2021,Summer intern,mcCallumSather,,,,,,https://www.mccallumsather.com/people/careers/opportunities/,,PRE,,Other,Internships,,,0.16972109441874464,model
2021,Teaching Assistant,McGill University,,,,,,https://www.mcgill.ca/hr/careers,,POST,,Academia,Post-Secondary Institution,,,0.28765393861408156,rules+model
2021,Business Analyst,MDA,,,,,,https://mda.space/careers/,,PRE,,Other,Consulting & Advisory,,,0.24809784175336178,model
2021,Merchandise Analyst,Merchandise Analyst,,,,,,,,POST,,Other,Finance & Banking,,,0.3112029638753187,model
2021,Data Scientist,Metrolinx,,,,,,https://www.metrolinx.com/en/about-us/careers,,POST,,Data Science & Analytics,Data Science & Analytics,,,0.6402639305793949,rules+model
2021,Data Analytics Consultant with Metrolinx - Academic Capstone,Metrolinx,,,,,,https://www.metrolinx.com/en/about-us/careers,,POST,,Data Science & Analytics,Business Analytics,Consulting & Advisory,,0.3935327994101951,rules+model
2021,Credit Officer,Micro Housing Finance Corporation,,,,,,https://www.linkedin.com/company/micro-housing-finance-corporation,,PRE,,Other,Finance & Banking,,,0.2563709574309333,model
2021,Food Expeditor,Modis,,,,,,,,PRE,,Other,Internships,,,0.2916401591081535,model
2021,Investment Banking Intern - Corporate Finance & Advisory,National Bank of Oman,,,,,,https://www.nbo.om/en/Pages/Careers/Career-Listing.aspx,,PRE,,Finance & Banking,Investment Banking,Corporate Finance,,0.2812554312723376,rules+model
2021,Investment Banking Intern - Asset Management,National Bank of Oman,,,,,,https://www.nbo.om/en/Pages/Careers/Career-Listing.aspx,,PRE,,Finance & Banking,Investment Banking,Asset Management,,0.26208049000833267,rules+model
2021,Administrative Assistant,Novella Wealth,,,,,,https://novellawealth.com/join-us/,,POST,Started during degree,Business & Enterprise,Administration and Office Management,,,0.23945736066056383,rules+model
2021,Associate Advisor,Novella Wealth,,,,,,https://novellawealth.com/join-us/,,POST,,Business & Enterprise,Business & Enterprise,,,0.17947278538833053,model
2021,Investment and Acceleration Intern,Oasis500,,,,,,https://oasis500.com/,,PRE,,Other,Internships,,,0.23730429193863387,model
2021,Financial Analyst,Oreninc,,,,,,https://oreninc.co/,,PRE,,Finance & Banking,Corporate Finance,,,0.28966885030059175,rules+model
2021,Soldier,Österreichisches Bundesheer (Austrian Armed Forces),,,,,,https://www.jobboerse.gv.at/bundesheer/,,POST,,Other,Internships,,,0.32572138895750913,model
2021,Online Marketing Intern,Pangram Marketing and Solutions,,,,,,https://www.pangram.com/careers,,PRE,,Marketing & Communications,Internships,,,0.8145630927165236,rules+model
2021,Building and tinkering,Parametric,,,,,,,,POST,Started during degree,Other,Internships,,,0.27109858197601194,model
2021,Chief Technology Officer/Founder,Parasol Platforms,,,,,,https://parasolplatforms.com/,,POST,,Business & Enterprise,Entrepreneurship,Startups,,0.27276374366163236,rules+model
2021,Research Analyst,Payments Canada,,,,,,https://penderfund.com/careers/,,POST,,Health and Healthcare,Health and Healthcare,,,0.24795839568724115,model
2021,Private Equity Intern,PenderFund Capital Management,,,,,,https://penderfund.com/careers/,,PRE,,Finance & Banking,Private Equity,Internships,,0.1874020084810983,rules+model
2021,"Busser, Kitchen Helper and Bartender",Pit Pub& Gallery 2.0,,,,,,https://www.ams.ubc.ca/business/the-pit/,,PRE,,Other,Internships,,,0.27109858197601194,model
2021,Rotaional Analyst,Powerex,,,,,,https://powerex.com/careers,,POST,,Other,Finance & Banking,,,0.33646868570789945,model
2021,Associate Trader,Powerex,,,,,,https://powerex.com/careers,,POST,,Finance & Banking,Sales and Trading,,,0.23073836733626765,rules+model
2021,Summer Analyst,Prosight Partners,,,,,,https://prosightpartners.com/,,PRE,,Other,Internships,,,0.2809310575799915,model
2021,Sourcing Analyst,Provincial Health Services Authority,,,,,,https://www.phsa.ca/Careers/,,POST,,Other,Finance & Banking,,,0.3346380429843202,model
2021,Group Strategic Information Technology (GSIT) Intern,PT Bank Central Asia Tbk,,,,,,https://www.bca.co.id/en/tentang-bca,,PRE,,Other,Internships,,,0.17900872131174939,model
2021,Business Development Executive,PT Havanna Teguh Sadana,,,,,,https://pe.linkedin.com/company/pt-havanna-teguh-sadana,,POST,,Business & Enterprise,Sales / Business Development,,,0.4461700934868081,rules+model
2021,Managing Director,Puni Cleaner,,,,,,https://www.linkedin.com/company/puni-cleaner,,POST,,Other,Customer Experience and Service Management,,,0.22957646970395704,model
2021,Senior Associate Consultant,PwC,,,,,,https://www.pwc.com/gx/en/careers.html,,PRE,,Consulting & Advisory,Consulting & Advisory,,,0.28032955074908533,rules+model
2021,M&A Consultant - Deals,PwC Canada,,,,,,https://www.pwc.com/ca/en/careers.html,,POST,,Finance & Banking,Investment Banking,Consulting & Advisory,,0.321867467677725,rules+model
2021,Associate,PwC Canada,,,,,,https://www.pwc.com/ca/en/careers.html,,POST,,Actuarial Science,Actuarial Science,,,0.16098307252277733,model
2021,Legal Intern,Rabah and Sharaiha Legal Consultants,,,,,,https://rabahlaw.com/,,PRE,,Marketing & Communications,Internships,,,0.19505030823742306,model
2021,Treasury Prakitkant,Raiffeisen-Landesbank Steiermark,,,,,,https://www.raiffeisen.at/stmk/rlb/de/privatkunden.html,,PRE,,Finance & Banking,Finance & Banking,,,0.32572138895750913,rules+model
2021,Scrum Master Intern - Corporate Banking,Raiffeisen-Landesbank Steiermark,,,,,,https://www.raiffeisen.at/stmk/rlb/de/privatkunden.html,,PRE,,Other,Internships,,,0.22559420630888574,model
2021,Technical Systems Analyst Intern,RBC,,,,,,https://jobs.rbc.com/ca/en,,PRE,,Other,Internships,,,0.19410399321642066,model
2021,Client Advisor Summer Intern,RBC,,,,,,https://jobs.rbc.com/ca/en,,PRE,,Other,Internships,,,0.14270005173893668,model
2021,Client Advisor,RBC,,,,,,https://jobs.rbc.com/ca/en,,POST,,Other,Customer Experience and Service Management,,,0.1527704337689463,model
2021,Banking Advisor,RBC,,,,,,https://jobs.rbc.com/ca/en,,POST,,Other,Finance & Banking,,,0.17894949018453515,model
2021,Business Analyst,RBC,,,,,,https://jobs.rbc.com/ca/en,,PRE,,Data Science & Analytics,Data Science & Analytics,,,0.31585104628663924,model
2021,Finance Intern,RE Royalties Ltd.,,,,,,https://www.reroyalties.com/,,PRE,,Other,Internships,,,0.22810281808053984,model
2021,Junior Financial Analyst,RE Royalties Ltd.,,,,,,https://www.reroyalties.com/,,PRE,,Finance & Banking,Corporate Finance,,,0.27222125135511344,rules+model
2021,Executive Marketing Assistant,RE/MAX,,,,,,https://remax.careers/,,PRE,,Marketing & Communications,Marketing & Communications,,,0.5545973972837993,rules+model
2021,Behavioural Insights Consultant,Reewild,,,,,,https://reewild.com/jobs/,,POST,,Consulting & Advisory,Consulting & Advisory,,,0.4101860072047547,rules+model
2021,Analyst,Renew Earth Capital,,,,,,,,POST,,Other,Finance & Banking,,,0.2721546572533761,model
2021,Airborne Division Translation Specialist,Republic of Korea Army,,,,,,https://www.army.mil.kr/english/index..do,,PRE,,Other,Internships,,,0.23404821793836916,model
2021,Undergraduate Student Researcher,RWTH Aachen University,,,,,,https://www.rwth-aachen.de/go/id/buym/lidx/1/,,POST,Started during degree,Post-Secondary Institution,Post-Secondary Institution,,,0.16869781983356122,rules+model
2021,Business Analyst,Safesidewalks Canada,,,,,,https://www.safesidewalks.ca/,,POST,,Other,Internships,,,0.22152491259318477,model
2021,Software Development Intern,SAP,,,,,,https://jobs.sap.com/,,POST,,Data Science & Analytics,Internships,,,0.163138678031027,model
2021,Founder,SASHTHETICS FITNESS INC.,,,,,,,,POST,,Business & Enterprise,Entrepreneurship,Startups,,0.36881658392277955,rules+model
2021,Prefect,School of Scientific Research,,,,,,,,PRE,,Other,Research,,,0.1789249747282237,model
2021,"Analyst, Commercial Banking",Scotiabank,,,,,,https://www.scotiabank.com/careers/en/careers.html,,POST,,Other,Finance & Banking,,,0.23389381297998504,model
2021,"Senior Associate, Technology and Innovation Banking",Scotiabank,,,,,,https://www.scotiabank.com/careers/en/careers.html,,POST,,Other,Internships,,,0.23873991529823174,model
2021,Tax Administrator,Scotiabank,,,,,,https://www.scotiabank.com/careers/en/careers.html,,PRE,,Finance & Banking,Finance & Banking,,,0.22312890796985782,model
2021,Investment Analyst,"Shenzhen Capital Group Co., Ltd",,,,,,https://www.szvc.com.cn/en-about,,PRE,,Other,Finance & Banking,,,0.3085472587443897,model
2021,Venture Partner,Shixiang Tech,,,,,,https://www.shixiangtech.com/,,POST,,Other,Internships,,,0.25759440614881257,model
2021,Market Research Consultant,Silknode,,,,,,,,POST,,Consulting & Advisory,Consulting & Advisory,,,0.2079075787688511,rules+model
2021,First Lieutenant,Singapore Armed Forces (SAF),,,,,,,,PRE,,Other,Internships,,,0.24463170834654654,model
2021,Ground Response Force Officer,Singapore Police Force,,,,,,https://www.police.gov.sg/join-us/police-officer/,,PRE,,Other,Internships,,,0.2337703360238268,model
2021,Station Security Officer,Singapore Police Force,,,,,,https://www.police.gov.sg/join-us/police-officer/,,PRE,,Other,Internships,,,0.2337703360238268,model
2021,Co-Founder,Speedy Salad,,,,,,https://www.speedyglass.ca/en/expertise/careers/,,POST,Started during degree,Business & Enterprise,Entrepreneurship,Startups,,0.365642556840693,rules+model
2021,Research,Stanford University Graduate School of Business,,,,,,https://www.gsb.stanford.edu/jobs,,POST,Started during degree,Post-Secondary Institution,Post-Secondary Institution,,,0.17681382433601617,rules+model
2021,Quantitative Economic Analyst,StreetWire,,,,,,https://streetwire.net/,,PRE,Started during degree,Data Science & Analytics,Data Science & Analytics,,,0.32490331917501425,model
2021,Customer Experience Associate,TD,,,,,,https://careers.td.com/,,PRE,,Business & Enterprise,Customer Experience and Service Management,,,0.17276769366897943,rules+model
2021,Finance Manager,"Team Dispatch, F1 in Schools",,,,,,https://offthetrack.net/portfolios/,,PRE,,Other,Finance & Banking,,,0.2453930678534082,model
2021,Software Engineer Co-op,Tegus,,,,,,https://www.tegus.com/,,POST,,Technology,Software Development,Internships,,0.19316655952564296,rules+model
2021,Fitness and Wellness Consultant,TELUS Sante,,,,,,https://www.telus.com/fr/health/personal/accesrendezvous,,POST,,Consulting & Advisory,Consulting & Advisory,,,0.27287153570291484,rules+model
2021,Research Professional,The University of Chicago Booth School of Business,,,,,,https://www.chicagobooth.edu/careers-at-booth,,POST,,Post-Secondary Institution,Post-Secondary Institution,,,0.16491233125857208,rules+model
2021,Content Specialist,Tilfi,,,,,,https://tilfi.com/pages/careers,,POST,,Marketing & Communications,Marketing & Communications,,,0.2586743566444665,model
2021,Senior Orientation Leader,UBC,,,,,,https://hr.ubc.ca/careers,,PRE,,Post-Secondary Institution,Post-Secondary Institution,,,0.22621993638343135,rules+model
2021,Orientation Leader,UBC,,,,,,https://hr.ubc.ca/careers,,PRE,,Post-Secondary Institution,Post-Secondary Institution,,,0.24864865127454994,rules+model
2021,Teaching Assistant,UBC,,,,,,https://hr.ubc.ca/careers,,PRE,,Post-Secondary Institution,Academia,,,0.5632664229736164,rules+model
2021,Residence Mentor,UBC,,,,,,https://hr.ubc.ca/careers,,PRE,,Post-Secondary Institution,Post-Secondary Institution,,,0.2211450242085085,rules+model
2021,Graduate academic Assistant,UBC,,,,,,https://hr.ubc.ca/careers,,PRE,,Post-Secondary Institution,Post-Secondary Institution,,,0.32188160786656816,rules+model
2021,Residence Advisor,UBC,,,,,,https://hr.ubc.ca/careers,,PRE,,Post-Secondary Institution,Administration and Office Management,,,0.25665778661026817,rules+model
2021,Peer Tutor,UBC,,,,,,https://hr.ubc.ca/careers,,PRE,,Post-Secondary Institution,Post-Secondary Institution,,,0.3476426418351787,rules+model
2021,Imagine Day Orientation Ledaer,UBC,,,,,,https://hr.ubc.ca/careers,,PRE,,Post-Secondary Institution,Post-Secondary Institution,,,0.26871699374663444,rules+model
2021,Orientation Leader - JumpStart,UBC,,,,,,https://hr.ubc.ca/careers,,PRE,,Post-Secondary Institution,Post-Secondary Institution,,,0.24951718944980844,rules+model
2021,Student Consultant,UBC,,,,,,https://hr.ubc.ca/careers,,PRE,,Post-Secondary Institution,Consulting & Advisory,,,0.22465201728206277,rules+model
2021,Research Assistant,UBC,,,,,,https://hr.ubc.ca/careers,,PRE,,Post-Secondary Institution,Research,,,0.4943738828617444,rules+model
2021,UBC Calendar Rep,UBC,,,,,,https://hr.ubc.ca/careers,,PRE,,Post-Secondary Institution,Post-Secondary Institution,,,0.3133275393080428,rules+model
2021,Note-Taker for UBC Students with Disabilities,UBC,,,,,,https://hr.ubc.ca/careers,,PRE,,Post-Secondary Institution,Post-Secondary Institution,,,0.3343514886569826,rules+model
2021,Research Assistant,UBC,,,,,,https://hr.ubc.ca/careers,,PRE,,Post-Secondary Institution,Research,,,0.4943738828617444,rules+model
2021,Undergraduate Reseach Assistant,UBC,,,,,,https://hr.ubc.ca/careers,,PRE,,Post-Secondary Institution,Post-Secondary Institution,,,0.23541608159297972,rules+model
2021,Jump Start Orientation Leader,UBC,,,,,,https://hr.ubc.ca/careers,,PRE,,Post-Secondary Institution,Post-Secondary Institution,,,0.24864865127454994,rules+model
2021,Undergraduate Research Assistant,UBC,,,,,,https://hr.ubc.ca/careers,,POST,,Post-Secondary Institution,Research,,,0.2349737475756999,rules+model
2021,Teaching Assistant,UBC,,,,,,https://hr.ubc.ca/careers,,POST,Started during degree,Post-Secondary Institution,Academia,,,0.5632664229736164,rules+model
2021,Undergraduate Teaching Assistant,UBC,,,,,,https://hr.ubc.ca/careers,,PRE,,Post-Secondary Institution,Academia,,,0.36392819034057283,rules+model
2021,Undergraduate Teaching Assistant,UBC,,,,,,https://hr.ubc.ca/careers,,PRE,,Post-Secondary Institution,Academia,,,0.36392819034057283,rules+model
2021,Gender Analyst,UBC,,,,,,https://hr.ubc.ca/careers,,PRE,,Post-Secondary Institution,Post-Secondary Institution,,,0.20450103356702942,rules+model
2021,Undergraduate Research Assistant,UBC,,,,,,https://hr.ubc.ca/careers,,POST,,Post-Secondary Institution,Research,,,0.2349737475756999,rules+model
2021,Digital Media Storyteller,UBC Emerging Media Lab,,,,,,https://eml.ubc.ca/work-with-us/,,POST,,Post-Secondary Institution,Post-Secondary Institution,,,0.20415144653607328,rules+model
2021,Administrative Programmer,UBC Recreation,,,,,,https://recreation.ubc.ca/home/employment/,,PRE,,Post-Secondary Institution,Post-Secondary Institution,,,0.22353825390467327,rules+model
2021,"Assistant Director, Digital Communications",UBC Recreation,,,,,,https://recreation.ubc.ca/home/employment/,,PRE,,Post-Secondary Institution,Marketing & Communications,,,0.1816448733269845,rules+model
2021,Alumni Event & Project Specialist,UBC Sauder Alumni Engagement Office,,,,,,https://www.sauder.ubc.ca/about-ubc-sauder/careers,,PRE,,Academia,Academia,,,0.18228003780811497,rules+model
2021,Research Assistant,UBC Sauder School of Business,,,,,,https://www.sauder.ubc.ca/about-ubc-sauder/careers,,PRE,,Academia,Research,,,0.23165744827752835,rules+model
2021,Undergraduate Research Assistant,UBC Sauder School of Business,,,,,,https://www.sauder.ubc.ca/about-ubc-sauder/careers,,PRE,,Academia,Research,,,0.22737949773184424,rules+model
2021,Undergraduate Teaching Assistant,UBC Sauder School of Business,,,,,,https://www.sauder.ubc.ca/about-ubc-sauder/careers,,PRE,,Academia,Academia,,,0.3327264312248512,rules+model
2021,Research Assistant,UBC School of Public Policy and Global Affairs,,,,,,https://sppga.ubc.ca/about/opportunities/,,PRE,,Academia,Research,Policy,,0.3848692187572956,rules+model
2021,"Strategic Operations Manager, Global & Enterprise Merchants",Uber,,,,,,https://www.uber.com/ca/en/careers/,,POST,,Business & Enterprise,Operations and Supply Chain Management,,,0.3346605955555027,rules+model
2021,"Strategic Operations Manager, Capital Allocation",Uber,,,,,,https://www.uber.com/ca/en/careers/,,POST,,Business & Enterprise,Operations and Supply Chain Management,,,0.32928638016122036,rules+model
2021,Enterprise Operations - Partnership Analyst,Uber,,,,,,https://www.uber.com/ca/en/careers/,,POST,,Business & Enterprise,Business & Enterprise,,,0.31634110648309904,model
2021,Enterprise Operations Manager,Uber,,,,,,https://www.uber.com/ca/en/careers/,,POST,,Business & Enterprise,Operations and Supply Chain Management,,,0.3477393556384689,rules+model
2021,Brand Marketing Intern,Unilever,,,,,,https://www.unilever.com/working-at-unilever/careers/,,PRE,,Marketing & Communications,Internships,,,0.7224881250702985,rules+model
2021,Political Affairs Intern,United Nations,,,,,,https://careers.un.org/,,POST,,Politics,Internships,,,0.18694868038921855,rules+model
2021,Youth Summer Program Educator,University of Toronto Faculty of Law,,,,,,https://jobs.utoronto.ca/,,POST,,Post-Secondary Institution,Post-Secondary Institution,,,0.22575300358443115,rules+model
2021,FX Operations Intern,Vancity Community Investment Bank,,,,,,https://www.vancity.com/careers/,,PRE,,Other,Finance & Banking,Internships,,0.19473056972956682,model
2021,Marketing Analyst,Vermilion Energy,,,,,,https://www.vermilionenergy.com/careers/,,POST,,Data Science & Analytics,Business Analytics,Energy and Resources,,0.48278754409440006,rules+model
2021,Crew Chief,Vertical Construction,,,,,,,,PRE,,Other,Internships,,,0.32572138895750913,model
2021,Research Assistant,VSE,,,,,,https://economics.ubc.ca/,,PRE,,Research,Research,,,0.5788533970545165,rules+model
2021,Research Intern,VSE,,,,,,https://economics.ubc.ca/,,PRE,,Research,Internships,,,0.5137655366150203,rules+model
2021,Undergraduate Teaching Assistant,VSE,,,,,,https://economics.ubc.ca/,,PRE,,Academia,Academia,,,0.22679013305990944,rules+model
2021,Marketing Assistant,VSE,,,,,,https://economics.ubc.ca/,,PRE,,Marketing & Communications,Marketing & Communications,,,0.44645701428204193,rules+model
2021,Undergraduate Research Assistant,VSE,,,,,,https://economics.ubc.ca/,,PRE,,Research,Research,,,0.3008127848685532,rules+model
2021,Research Assistant,VSE,,,,,,https://economics.ubc.ca/,,PRE,,Research,Research,,,0.5788533970545165,rules+model
2021,Research Assistant,VSE,,,,,,https://economics.ubc.ca/,,PRE,,Research,Research,,,0.5788533970545165,rules+model
2021,Teaching Assistant,VSE,,,,,,https://economics.ubc.ca/,,PRE,,Academia,Academia,,,0.3516443429546088,rules+model
2021,Research and Data Analytics Assistant,VSE,,,,,,https://economics.ubc.ca/,,PRE,,Data Science & Analytics,Business Analytics,,,0.25993629685006103,rules+model
2021,Research Assistant,VSE,,,,,,https://economics.ubc.ca/,,PRE,,Research,Research,,,0.5788533970545165,rules+model
2021,Research Assistant,VSE,,,,,,https://economics.ubc.ca/,,POST,Started during degree,Research,Research,,,0.5788533970545165,rules+model
2021,Marketing and Events Work Learn,VSE,,,,,,https://economics.ubc.ca/,,PRE,,Marketing & Communications,Marketing & Communications,,,0.4106642854778685,model
2021,Research Assistant,VSE,,,,,,https://economics.ubc.ca/,,PRE,,Research,Research,,,0.5788533970545165,rules+model
2021,Research Assistant,VSE,,,,,,https://economics.ubc.ca/,,PRE,,Research,Research,,,0.5788533970545165,rules+model
2021,Teacher Assistant,VSE,,,,,,https://economics.ubc.ca/,,PRE,,Health and Healthcare,Health and Healthcare,,,0.21539115029400865,model
2021,Research Intern,VSE,,,,,,https://economics.ubc.ca/,,PRE,,Research,Internships,,,0.5137655366150203,rules+model
2021,Program Development Assistant,VSECC,,,,,,https://careercentre.economics.ubc.ca/,,PRE,,Academia,Academia,,,0.1971833734607288,model
2021,Business Development Assistant,VSECC,,,,,,https://careercentre.economics.ubc.ca/,,PRE,,Business & Enterprise,Sales / Business Development,,,0.2102878639144012,rules+model
2021,Events and Marketing Coordinator,VSECC,,,,,,https://careercentre.economics.ubc.ca/,,PRE,,Marketing & Communications,Marketing & Communications,,,0.3097843520359305,rules+model
2021,Investment Analyst,Welbec Properties,,,,,,https://www.welbec.com/,,POST,,Other,Finance & Banking,,,0.3737238663615501,model
2021,Senior Investment Analyst,Welbec Properties,,,,,,https://www.welbec.com/,,POST,,Other,Finance & Banking,,,0.33602410645420333,model
2021,"Associate, Commercial Banking",Wells Fargo,,,,,,https://www.wellsfargo.com/about/careers/,,POST,,Other,Finance & Banking,,,0.23557139858834397,model
2021,Portfolio Manager,Wells Fargo,,,,,,https://www.wellsfargo.com/about/careers/,,POST,,Finance & Banking,Asset Management,,,0.20794942441978273,rules+model
2021,Associate Relationship Manager,Wells Fargo,,,,,,https://www.wellsfargo.com/about/careers/,,POST,,Business & Enterprise,Business & Enterprise,,,0.21827717441951272,model
2021,Commercial Banking Analyst,Wells Fargo,,,,,,https://www.wellsfargo.com/about/careers/,,POST,,Other,Finance & Banking,,,0.29333936146284534,model
2021,Lead Strategic Marketing Analyst,Wenco International Mining Systems,,,,,,https://www.wencomine.com/careers,,PRE,,Data Science & Analytics,Business Analytics,Energy and Resources,,0.22667328754204807,rules+model
2021,Sustainablity Analyst,Wenco International Mining Systems,,,,,,https://www.wencomine.com/careers,,POST,,Energy and Resources,Energy and Resources,,,0.2939827694924333,rules+model
2021,Property/Asset Management Intern,Westbank Corp,,,,,,https://westbankcorp.com/careers,,PRE,,Finance & Banking,Asset Management,Real Estate,,0.1740569748785346,rules+model
2021,Junior Revenue & Pricing Analyst,WestJet,,,,,,https://www.westjet.com/en-ca/careers,,POST,,Other,Finance & Banking,,,0.24954078342144048,model
2021,Int. Revenue & Pricing Analyst,WestJet,,,,,,https://www.westjet.com/en-ca/careers,,POST,,Other,Internships,,,0.33646868570789945,model
2021,Int. Pricing Analyst,WestJet,,,,,,https://www.westjet.com/en-ca/careers,,POST,,Other,Finance & Banking,,,0.33646868570789945,model
2021,Business Development Intern,Whizpace Pte Ltd,,,,,,https://www.whizpace.com/careers,,PRE,,Business & Enterprise,Internships,Sales / Business Development,,0.2765634655677592,rules+model
2021,Resource Mobilization Intern,World Food Programme,,,,,,https://www.wfp.org/careers,,POST,,Other,Internships,,,0.1909413404753722,model
2021,Fixed Income Analyst Intern,中金基金管理有限公司,,,,,,https://baike.baidu.com/item/%E6%8B%9B%E5%95%86%E8%AF%81%E5%88%B8%E8%82%A1%E4%BB%BD%E6%9C%89%E9%99%90%E5%85%AC%E5%8F%B8/684266,,POST,,Other,Internships,,,0.20627705403811666,model
2021,Investment Banking Intern,招商证券股份有限公司,,,,,,https://baike.baidu.com/item/%E6%8B%9B%E5%95%86%E8%AF%81%E5%88%B8%E8%82%A1%E4%BB%BD%E6%9C%89%E9%99%90%E5%85%AC%E5%8F%B8/684266,,POST,,Finance & Banking,Internships,Investment Banking,,0.2524464584045982,rules+model
2020,Analyst - US & Canada,3M,,,,,,https://www.3mcanada.ca/3M/en_CA/careers-ca/,,POST,,Other,Finance & Banking,,,0.2794049771648447,model
2020,Marketing Analytics Specialist - Global,3M,,,,,,https://www.3mcanada.ca/3M/en_CA/careers-ca/,,POST,,Data Science & Analytics,Business Analytics,,,0.5315210738423404,rules+model
2020,Activation Planning Marketer - US & Canada,3M,,,,,,https://www.3mcanada.ca/3M/en_CA/careers-ca/,,POST,,Other,Internships,,,0.24115323320687998,model
2020,Account Executive,A2Z Workforce Inc,,,,,,http://a2zworkforce.com/,,POST,,Business & Enterprise,Sales / Business Development,,,0.2461462548099115,rules+model
2020,Legal Intern - Civil,Alaska Public Defender Agency,,,,,,https://pda.doa.alaska.gov/home/,,POST,,Other,Internships,,,0.17497013547929746,model
2020,Analyst - Commercial Strategy,Alto,,,,,,https://www.altotrain.ca/en/careers,,POST,,Other,Internships,,,0.26031165547245566,model
2020,Data Scientist,Altus Group,,,,,,https://careers.altusgroup.com/global/en,,POST,,Data Science & Analytics,Data Science & Analytics,,,0.39687979125347544,rules+model
2020,Account Manager,Amazon,,,,,,https://www.amazon.jobs/en/,,POST,,Business & Enterprise,Sales / Business Development,,,0.2572360508205948,rules+model
2020,Partner Manager,Amazon,,,,,,https://www.amazon.jobs/en/,,POST,,Business & Enterprise,Business & Enterprise,,,0.29808004975333785,model
2020,Compliance Program Manager,Amazon,,,,,,https://www.amazon.jobs/en/,,POST,Started during degree,Business & Enterprise,Project / Program Development,Legal & Compliance,,0.24885902449264902,rules+model
2020,Social Responsibility Program Manager,Amazon,,,,,,https://www.amazon.jobs/en/,,POST,,Business & Enterprise,Project / Program Development,,,0.2354753317574125,rules+model
2020,Gap Year Intern,American Enterprise Institute,,,,,,https://www.aei.org/,,POST,,Other,Internships,,,0.1737450059684174,model
2020,Event Planner,AMS of UBC,,,,,,https://www.ams.ubc.ca/opportunities/jobs/,,PRE,,Post-Secondary Institution,Post-Secondary Institution,,,0.2086576747162375,rules+model
2020,Customer Service,AMS of UBC,,,,,,https://www.ams.ubc.ca/opportunities/jobs/,,PRE,,Post-Secondary Institution,Business & Enterprise,Customer Experience and Service Management,,0.17958345639868092,rules+model
2020,Food Services Supervisor,AMS of UBC,,,,,,https://www.ams.ubc.ca/opportunities/jobs/,,PRE,,Post-Secondary Institution,Post-Secondary Institution,,,0.2705624646988859,rules+model
2020,Customer Service Representative,AMS of UBC,,,,,,https://www.ams.ubc.ca/opportunities/jobs/,,PRE,,Post-Secondary Institution,Business & Enterprise,Customer Experience and Service Management,,0.16675547222058107,rules+model
2020,Summer Analysis Intern,Analysis Group,,,,,,https://www.analysisgroup.com/careers/,,POST,,Other,Internships,,,0.18104327879149298,model
2020,Analyst,Analysis Group,,,,,,https://www.analysisgroup.com/careers/,,POST,,Other,Finance & Banking,,,0.25713213461962037,model
2020,Duty Drawback Coordinator,Aritzia,,,,,,https://www.aritzia.com/en/aritzia/corporate-hub/careers/careers-landing-page,,POST,,Other,Finance & Banking,,,0.2279765262465474,model
2020,Inbound Logistics Coordinator,Aritzia,,,,,,https://www.aritzia.com/en/aritzia/corporate-hub/careers/careers-landing-page,,POST,,Transportation Services,Logistics,Operations and Supply Chain Management,,0.23084107319560296,rules+model
2020,"Specialist Global Logistics, Inbound",Aritzia,,,,,,https://www.aritzia.com/en/aritzia/corporate-hub/careers/careers-landing-page,,POST,,Transportation Services,Logistics,Operations and Supply Chain Management,,0.22652894179742375,rules+model
2020,Awards Coordinator,Ashden,,,,,,https://ashden.org/,,POST,,Other,Finance & Banking,,,0.2279765262465474,model
2020,"Awards, Events and Networks Coordinator",Ashden,,,,,,https://ashden.org/,,POST,,Other,Customer Experience and Service Management,,,0.20308684748524544,model
2020,Private Capital Associate,Association of Family Offices in Asia,,,,,,https://www.familyoffices-asia.com/,,POST,,Other,Internships,,,0.21992488905104632,model
2020,Research Intern,Association of Family Offices in Asia,,,,,,https://www.familyoffices-asia.com/,,POST,,Research,Internships,,,0.2595824475799743,rules+model
2020,Summer Intern (Finance and Accounting),Axis Bank,,,,,,https://www.axis.bank.in/careers,,PRE,,Business & Enterprise,Internships,Accounting,,0.2046800081753586,rules+model
2020,Clinical Operations Associate,Babylon Health,,,,,,https://www.linkedin.com/company/emedhealthcareuk/,,PRE,i believe company stopped?,Health and Healthcare,Health and Healthcare,,,0.23928342147867138,rules+model
2020,Assistant Relationship Manager,Bank of China,,,,,,https://www.bankofchina.com/,,POST,,Finance & Banking,Wealth management (general banking),,,0.20752365304983128,rules+model
2020,SDG Mapping Analyst,BC Council for International Cooperation,,,,,,https://www.bccic.ca/fit-job-opportunities/,,PRE,,Other,Internships,,,0.25999225208235943,model
2020,"Policy Analyst, Global Policies",BC Council for International Cooperation,,,,,,https://www.bccic.ca/fit-job-opportunities/,,PRE,,Policy,Policy,,,0.21322810909261677,rules+model
2020,Economist,BC Public Service,,,,,,https://www2.gov.bc.ca/gov/content/careers-myhr/job-seekers/current-job-postings,,POST,,Other,Internships,,,0.17718775798690845,model
2020,Equity Research Analyst,BCI,,,,,,https://bci.wd10.myworkdayjobs.com/BCI_Careers,,POST,,Other,Research,,,0.1773828690084866,model
2020,Financing Intern,BDC,,,,,,https://www.bdc.ca/en/careers,,PRE,,Other,Internships,,,0.2206839082907285,model
2020,Summer Intern,BDC,,,,,,https://www.bdc.ca/en/careers,,PRE,,Other,Internships,,,0.2061207260182204,model
2020,Strategic Projects Analyst,BDC,,,,,,https://www.bdc.ca/en/careers,,PRE,,Other,Internships,,,0.2550151250457315,model
2020,Summer Analyst - Special Accounts,BDC,,,,,,https://www.bdc.ca/en/careers,,PRE,,Other,Internships,,,0.2692108786609399,model
2020,Lead Associate,Bench Accounting,,,,,,https://www.bench.co/careers,,POST,,Business & Enterprise,Accounting,,,0.24005702373709095,rules+model
2020,Accounting Associate,Bench Accounting,,,,,,https://www.bench.co/careers,,POST,,Business & Enterprise,Accounting,,,0.2424949656106084,rules+model
2020,Accounting Associate,Bench Accounting,,,,,,https://www.bench.co/careers,,POST,,Business & Enterprise,Accounting,,,0.2424949656106084,rules+model
2020,Lead Portfolio Associate,Bench Accounting,,,,,,https://www.bench.co/careers,,POST,Started during degree,Business & Enterprise,Accounting,,,0.22258731205846777,rules+model
2020,Accounting Associate,Bench Accounting,,,,,,https://www.bench.co/careers,,POST,,Business & Enterprise,Accounting,,,0.2424949656106084,rules+model
2020,Lead Associate,Bench Accounting,,,,,,https://www.bench.co/careers,,POST,,Business & Enterprise,Accounting,,,0.24005702373709095,rules+model
2020,Economist,Big River Analytics,,,,,,https://www.bigriveranalytics.com/careers,,POST,,Data Science & Analytics,Business Analytics,,,0.2051964190155013,rules+model
2020,Faculty Assistant,Brentwood College School,,,,,,https://www.brentwood.ca/careers,,POST,,Post-Secondary Institution,Post-Secondary Institution,,,0.20171412428922325,rules+model
2020,"Senior Financial Analyst, ESG",Brookefield Asset Management,,,,,,https://www.brookfield.com/careers/life-at-brookfield,,POST,"looks like there's a different page for asset management - but careers goes to the same place, which one?",Finance & Banking,Asset Management,Corporate Finance,,0.20528602121706366,rules+model
2020,Attaché Junior - Economic Affairs,Bureau de Québec à Barcelone,,,,,,https://www.quebec.ca/es/gouvernement/ministeres-organismes/relations-internationales/representations/oficina-quebec-barcelona,,POST,,Other,Internships,,,0.19637712283403227,model
2020,Strategy Analyst,Cadillac Fairview,,,,,,https://www.cadillacfairview.com/careers/,,POST,,Other,Internships,,,0.22143667360646568,model
2020,Summer Law Clerk,California Department of Justice,,,,,,https://oag.ca.gov/careers,,POST,,Law,Legal & Compliance,,,0.21573538932352007,rules+model
2020,Equity Research Associate,Canalyst,,,,,,https://canalyst.com/careers/,,POST,,Research,Research,,,0.21319113245121304,rules+model
2020,Analyst,Capgemini Invent,,,,,,https://www.capgemini.com/careers/,,POST,,Other,Finance & Banking,,,0.3338254812056599,model
2020,Senior Analyst,Capgemini Invent,,,,,,https://www.capgemini.com/careers/,,POST,,Other,Finance & Banking,,,0.3047797478973282,model
2020,Management Consultant,Capgemini Invent,,,,,,https://www.capgemini.com/careers/,,POST,,Consulting & Advisory,Consulting & Advisory,,,0.3824089894541965,rules+model
2020,Associate Analyst,Carbon Limiting Technologies,,,,,,https://carbonlimitingtechnologies.com/careers/,,POST,,Environmental and Sustainability (ESG and Climate),Environmental and Sustainability (ESG and Climate),,,0.2667527164456914,rules+model
2020,Summer Student,Cassidy Levy Kent LLP,,,,,,https://www.cassidylevy.com/careers/,,POST,,Other,Internships,,,0.22832815586144867,model
2020,Articling Student,Cassidy Levy Kent LLP,,,,,,https://www.cassidylevy.com/careers/,,POST,,Other,Internships,,,0.24407052151798134,model
2020,International Trade Counsel,Cassidy Levy Kent LLP,,,,,,https://www.cassidylevy.com/careers/,,POST,,Other,Internships,,,0.23801263121065847,model
2020,Equity Analyst,CGS-CIMB Securities,,,,,,https://www.cgsi.com/careers?lang=EN,,POST,,Other,Finance & Banking,,,0.2902753366891563,model
2020,Business Analyst,Chappuis Halder & Co.,,,,,,https://ca.linkedin.com/company/chappuis-halder,,POST,"actual careers website was blocked - was marked as ""high-risk"" by ubc",Other,Internships,,,0.21858995852901755,model
2020,Senior Analyst,Chappuis Halder & Co.,,,,,,https://ca.linkedin.com/company/chappuis-halder,,POST,"actual careers website was blocked - was marked as ""high-risk"" by ubc",Other,Consulting & Advisory,,,0.2597807604527484,model
2020,Summer Intern,Cheng & Cheng Limited,,,,,,https://www.chengcpa.com.hk/career.html,,PRE,,Insurance,Internships,,,0.335358092403386,model
2020,Data Scientist,Chime,,,,,,https://careers.chime.com/en/,,POST,,Data Science & Analytics,Data Science & Analytics,,,0.6402639305793949,rules+model
2020,Wealth Management Summer Analyst,China Construction Bank (Asia),,,,,,https://www.asia.ccb.com/hongkong/personal/banking_channels/online_banking.html,,PRE,,Finance & Banking,Wealth management (general banking),,,0.23657202094837224,rules+model
2020,Investment and Research Assistant,China Galaxy Securities Co.,,,,,,https://www.cgsi.com/Home?lang=EN,,PRE,,Research,Research,,,0.22782329723658995,rules+model
2020,Leasing Associate,China Resources Land,,,,,,https://en.crland.com.hk/,,POST,,Energy and Resources,Energy and Resources,,,0.21611393915266924,rules+model
2020,Customer Service Representative,CIBC,,,,,,https://www.cibc.com/en/about-cibc/careers.html,,POST,,Business & Enterprise,Customer Experience and Service Management,,,0.18228652762989678,rules+model
2020,Jr Associate - Global Derivatives Technology (Capital Markets),CIBC,,,,,,https://www.cibc.com/en/about-cibc/careers.html,,POST,,Finance & Banking,Investment Banking,,,0.2184563811769898,rules+model
2020,"Tech Project Manager & Scrim Master, Simplii Financial",CIBC,,,,,,https://www.cibc.com/en/about-cibc/careers.html,,POST,,Business & Enterprise,Project / Program Development,,,0.2149953801416902,rules+model
2020,"Consultant, Innovation and Strategic Initiatives",CIBC,,,,,,https://www.cibc.com/en/about-cibc/careers.html,,POST,,Consulting & Advisory,Consulting & Advisory,,,0.2388446183071886,rules+model
2020,Private Banking Analyst,Citi,,,,,,https://jobs.citi.com/,,PRE,,Other,Finance & Banking,,,0.31064355963828394,model
2020,Junior Lifeguard Camp Intern,City of San Diego,,,,,,,,PRE,,Government,Municipal,Internships,,0.19037035355119514,rules+model
2020,Lifeguard,Coggan Family Aquatic Complex,,,,,,,,PRE,,Other,Internships,,,0.2434273305133519,model
2020,Research Analyst,Corporate Finance Institute® (CFI),,,,,,https://corporatefinanceinstitute.com/about-cfi/careers-at-cfi/,,POST,,Finance & Banking,Corporate Finance,,,0.20491530026930735,rules+model
2020,Researcher,Corporate Mapping Project,,,,,,https://www.corporatemapping.ca/,,POST,,Other,Finance & Banking,,,0.2114246630825382,model
2020,Communications Manager,Covalent,,,,,,https://www.covalenthq.com/,,POST,,Marketing & Communications,Marketing & Communications,,,0.2587001037403698,rules+model
2020,Product Marketing Manager,Covalent,,,,,,https://www.covalenthq.com/,,POST,,Marketing & Communications,Marketing & Communications,,,0.3724140088916646,model
2020,Product Manager,Covalent,,,,,,https://www.covalenthq.com/,,POST,,Other,Internships,,,0.21315446929452186,model
2020,"Senior Intern Analyst, Public Affairs",CPP Investment Board,,,,,,https://www.cppinvestments.com/careers/,,PRE,,Other,Internships,,,0.20848504532634876,model
2020,Research Analyst,Cumming Group,,,,,,https://cumming-group.com/careers/,,POST,,Health and Healthcare,Health and Healthcare,,,0.18951600913438735,model
2020,Senior Consultant,Deloitte,,,,,,https://www.deloitte.com/ca/en/careers/deloitte-life.html?icid=bn_careers,,POST,,Consulting & Advisory,Consulting & Advisory,,,0.30763721856574666,rules+model
2020,"Consultant, Risk Advisory",Deloitte,,,,,,https://www.deloitte.com/ca/en/careers/deloitte-life.html?icid=bn_careers,,POST,,Consulting & Advisory,Consulting & Advisory,,,0.3354035595187314,rules+model
2020,"Consultant, Strategy & Operations",Deloitte,,,,,,https://www.deloitte.com/ca/en/careers/deloitte-life.html?icid=bn_careers,,POST,,Consulting & Advisory,Consulting & Advisory,,,0.23851266271585717,rules+model
2020,Senior Consultant,Deloitte,,,,,,https://www.deloitte.com/ca/en/careers/deloitte-life.html?icid=bn_careers,,POST,,Consulting & Advisory,Consulting & Advisory,,,0.30763721856574666,rules+model
2020,Investment Banking Intern,DongXing Securities Ltd,,,,,,https://www.linkedin.com/company/dongxing-securities-ltd/,,PRE,,Finance & Banking,Internships,Investment Banking,,0.2775187893582666,rules+model
2020,Founder,Doolab International Group,,,,,,https://www.linkedin.com/company/doolab-international-group/,,POST,,Business & Enterprise,Entrepreneurship,Startups,,0.3166539641819957,rules+model
2020,Development Manager,EA Sports,,,,,,https://www.ea.com/careers,,POST,,Real Estate,Property Development,,,0.26692196648953137,rules+model
2020,Development Director,EA Sports,,,,,,https://www.ea.com/careers,,POST,,Other,Internships,,,0.2208272128857508,model
2020,Pedicab Operator,Easy Rider Pedicab,,,,,,https://www.easyriderpedicabs.com/,,PRE,,Other,Finance & Banking,,,0.32572138895750913,model
2020,Research Associate,Economics for Data-Driven Development(Econ3D),,,,,,,,POST,,Research,Research,,,0.20518198804055376,rules+model
2020,Sales Advisor,Efficiency Solutions Comfort Services,,,,,,,,PRE,,Business & Enterprise,Sales / Business Development,,,0.20867377512178872,rules+model
2020,Strategic Development Trainee,Emco Corporation,,,,,,https://careers.smartrecruiters.com/EMCOCorporation,,POST,,Other,Finance & Banking,,,0.21567576126553173,model
2020,Business Development Manager,Emco Corporation,,,,,,https://careers.smartrecruiters.com/EMCOCorporation,,POST,,Business & Enterprise,Sales / Business Development,Real Estate,,0.38822152582351305,rules+model
2020,Profit Center Manager,Emco Corporation,,,,,,https://careers.smartrecruiters.com/EMCOCorporation,,POST,,Other,Finance & Banking,,,0.22661294487152506,model
2020,Cabin Leader,Evans Lake Forest Education Society,,,,,,https://evanslake.com/get-involved/job-openings/,,PRE,,Other,Customer Experience and Service Management,,,0.2233209085351533,model
2020,"Instructor, Co-Manager",Evans Lake Forest Education Society,,,,,,https://evanslake.com/get-involved/job-openings/,,PRE,,Academia,Academia,,,0.2033821925122236,rules+model
2020,Administrative Assistant,Evans Lake Forest Education Society,,,,,,https://evanslake.com/get-involved/job-openings/,,PRE,,Business & Enterprise,Administration and Office Management,,,0.2408976786020933,rules+model
2020,Mergers & Acquisitions Trainee,EY,,,,,,https://www.ey.com/en_ca/careers,,PRE,,Other,Internships,,,0.24316160598540038,model
2020,Ambassador,FLIK - Female Laboratory of Innovative Knowledge,,,,,,https://www.linkedin.com/company/fliklab/,,POST,,Marketing & Communications,Marketing & Communications,,,0.2752708045905203,model
2020,Ambassador,FLIK - Female Laboratory of Innovative Knowledge,,,,,,https://www.linkedin.com/company/fliklab/,,POST,,Marketing & Communications,Marketing & Communications,,,0.2752708045905203,model
2020,Lead Lifeguard,Forest Park Cabana Club,,,,,,https://www.gomotionapp.com/team/recsvslfpcc/page/jobs,,PRE,,Other,Internships,,,0.2602288136924271,model
2020,Assistant Pool Manager,Forest Park Cabana Club,,,,,,https://www.gomotionapp.com/team/recsvslfpcc/page/jobs,,PRE,,Other,Finance & Banking,,,0.2111311809315791,model
2020,Banquet Server,Fort Langley Golf Course,,,,,,https://fortlangleygolf.ca/,,PRE,,"Hospitality & Retail (Food, Service Industries)",Customer Experience and Service Management,,,0.27223240935827925,rules+model
2020,Banquet Captain,Fort Langley Golf Course,,,,,,https://fortlangleygolf.ca/,,PRE,,Other,Internships,,,0.32572138895750913,model
2020,"Senior Analyst, Portfolio Management",FundThrough,,,,,,https://www.fundthrough.com/careers/,,POST,,Finance & Banking,Asset Management,,,0.255326474337527,rules+model
2020,Investment Analyst Intern,Global Macro Concepts,,,,,,https://www.linkedin.com/company/global-macro-concepts-singapore-private-limited/?originalSubdomain=sg,,PRE,,Other,Internships,,,0.24092731193208766,model
2020,Project Manager,Government of British Columbia,,,,,,https://www2.gov.bc.ca/gov/content/careers-myhr/job-seekers/current-job-postings,,POST,,Business & Enterprise,Project / Program Development,,,0.201668872670824,rules+model
2020,Intern Analyst,Graceland Habitats Serene LLC,,,,,,,,PRE,can't find a linkedin page... don't think anything that comes up online is correct,Other,Internships,,,0.20463582788685442,model
2020,Manager,GracelandsHabitats Serene LLC,,,,,,,,POST,,Business & Enterprise,Business & Enterprise,,,0.25023962051041626,model
2020,Research Assistant,Grantham Research Institute on Climate Change and the Environment,,,,,,https://www.lse.ac.uk/granthaminstitute/about/vacancies/,,POST,,Research,Environmental and Sustainability (ESG and Climate),,,0.3425000417287468,rules+model
2020,Consultancy Project Lead,"Groundwork Operations, LLC",,,,,,https://groundworkoperations.com/careers/,,POST,,Business & Enterprise,Business & Enterprise,,,0.22330647737733203,model
2020,Assistant Analyst,Guotai Junan Securities Co,,,,,,https://cn.linkedin.com/company/guotai-junan-securities-co.-ltd?trk=public_profile_experience-item_profile-section-card_subtitle-click,,POST,,Other,Finance & Banking,,,0.22225114476761001,model
2020,Event Lifeguard,Happy Swimmers USA Mobile Swim School and Event Lifeguards for Hire,,,,,,https://www.happyswimmers.com/lifeguard-swim-instructor-application/,,PRE,,Other,Internships,,,0.231459261380311,model
2020,"Summer Intern, Global Liquidity and Cash Management",HSBC,,,,,,https://www.hsbc.com/careers,,PRE,,Other,Internships,,,0.1907922134920744,model
2020,"Business Manager, Global Payment Solutions",HSBC,,,,,,https://www.hsbc.com/careers,,POST,Started during degree,Business & Enterprise,Business & Enterprise,,,0.3265034592564732,model
2020,GLCM Sales Analyst,HSBC,,,,,,https://www.hsbc.com/careers,,POST,,Business & Enterprise,Sales / Business Development,,,0.31873126667300244,rules+model
2020,"Analyst, Product Management",HSBC,,,,,,https://www.hsbc.com/careers,,POST,,Other,Finance & Banking,,,0.2825716853367987,model
2020,"Analyst, Chief Control Office",HSBC,,,,,,https://www.hsbc.com/careers,,POST,,Other,Internships,,,0.3019666879893281,model
2020,Sailor Support Specialist,Hydrovane International Marine,,,,,,https://hydrovane.com/,,POST,,Other,Internships,,,0.22794005866023848,model
2020,Technical Product Manager,Hydrovane International Marine,,,,,,https://hydrovane.com/,,POST,,Other,Internships,,,0.22526773293343472,model
2020,Data Scientist,IBM,,,,,,https://www.ibm.com/careers,,POST,,Data Science & Analytics,Data Science & Analytics,,,0.6402639305793949,rules+model
2020,Data Scientist,IBM,,,,,,https://www.ibm.com/careers,,POST,,Data Science & Analytics,Data Science & Analytics,,,0.6402639305793949,rules+model
2020,Market Research Analyst,IDC,,,,,,https://www.idc.com/about/careers/,,POST,,Other,Research,,,0.2292175618402031,model
2020,"Intern, Market Research and Analysis",IDC,,,,,,https://www.idc.com/about/careers/,,PRE,,Other,Internships,,,0.17448780296308364,model
2020,Restaurant Team Member,Ikea Group,,,,,,https://www.ikea.com/,,PRE,,"Hospitality & Retail (Food, Service Industries)",Customer Experience and Service Management,,,0.23462550938418916,rules+model
2020,Investment Banking Intern,Innis Capital Ventures,,,,,,,,PRE,can't find a linkedin page... don't think anything that comes up online is correct,Finance & Banking,Investment Banking,Internships,,0.2557028770953023,rules+model
2020,Communications and Project Coordinator,INVIRO Engineered Systems Ltd,,,,,,https://www.invirosystems.ca/careers/,,PRE,,Marketing & Communications,Business & Enterprise,Project / Program Development,,0.22314873725362575,rules+model
2020,Co-founder,Iona Growth Partners,,,,,,https://www.ionagrowth.com/,,POST,,Business & Enterprise,Entrepreneurship,Startups,,0.365642556840693,rules+model
2020,Iona Journal Exchange Writer,Iona Journal of Economics,,,,,,https://www.ionajournal.ca/,,PRE,,Other,Customer Experience and Service Management,,,0.24690716342472901,model
2020,Exchange Writer,Iona Journal of Economics,,,,,,https://www.ionajournal.ca/,,PRE,,Other,Internships,,,0.24690716342472901,model
2020,Senior Editor,Iona Journal of Economics,,,,,,https://www.ionajournal.ca/,,PRE,,Other,Customer Experience and Service Management,,,0.25967650873111614,model
2020,Junior Editor,Iona Journal of Economics,,,,,,https://www.ionajournal.ca/,,PRE,,Other,Customer Experience and Service Management,,,0.21833329589296954,model
2020,Senior Editor,Iona Journal of Economics,,,,,,https://www.ionajournal.ca/,,PRE,,Other,Customer Experience and Service Management,,,0.25967650873111614,model
2020,Investment Finance Student,iXperience CT,,,,,,https://www.ixperience.co/for-university/internships,,PRE,,Other,Finance & Banking,,,0.32203559783895624,model
2020,Customer Service,Jamjar Canteen,,,,,,https://www.jamjarcanteen.ca/,,PRE,,Business & Enterprise,Customer Experience and Service Management,,,0.20386791432015935,rules+model
2020,Product Operations Intern,JDT,,,,,,https://www.linkedin.com/company/%E4%BA%AC%E4%B8%9C%E7%A7%91%E6%8A%80/,,POST,,Other,Internships,,,0.196464036348712,model
2020,"Analyst, Mortgage Investments",KingSett Capital,,,,,,https://www.kingsettcapital.com/about-us/careers/,,POST,,Other,Finance & Banking,,,0.2554159971294823,model
2020,"Associate, Mortgage Investments",KingSett Capital,,,,,,https://www.kingsettcapital.com/about-us/careers/,,POST,,Other,Finance & Banking,,,0.21913034203980605,model
2020,"Associate Director, Mortgage Investments",KingSett Capital,,,,,,https://www.kingsettcapital.com/about-us/careers/,,POST,,Other,Finance & Banking,,,0.21685133729880632,model
2020,Hostess,Koko's Activity Center,,,,,,,,PRE,closed,Other,Internships,,,0.2646060482065534,model
2020,Senior ESG Consultant,KPMG,,,,,,https://kpmg.com/ca/en/home/careers.html,,POST,,Consulting & Advisory,Environmental and Sustainability (ESG and Climate),,,0.30008069469672355,rules+model
2020,Senior Consultant,KPMG,,,,,,https://kpmg.com/ca/en/home/careers.html,,POST,Started during degree,Consulting & Advisory,Consulting & Advisory,,,0.3483696203739299,rules+model
2020,Manager,KPMG,,,,,,https://kpmg.com/ca/en/home/careers.html,,POST,,Other,Customer Experience and Service Management,,,0.1826524233613434,model
2020,Senior Consultant,KPMG,,,,,,https://kpmg.com/ca/en/home/careers.html,,POST,,Consulting & Advisory,Consulting & Advisory,,,0.3483696203739299,rules+model
2020,"Senior Consultant, Startegy & Operations",KPMG China,,,,,,https://kpmg.com/cn/en/home/careers.html,,POST,,Consulting & Advisory,Consulting & Advisory,,,0.20716772746057946,rules+model
2020,"Consultant, Strategy & Operations",KPMG China,,,,,,https://kpmg.com/cn/en/home/careers.html,,POST,,Consulting & Advisory,Consulting & Advisory,,,0.23873282218136507,rules+model
2020,Research Intern,Krungsri,,,,,,https://www.krungsri.com/th/campaigns/career-hot-job-2025,,PRE,,Research,Internships,,,0.5046803922630032,rules+model
2020,Assistant,"Kumon North America, Inc.",,,,,,https://www.kumon.com/careers,,PRE,,Other,Finance & Banking,,,0.21426570240934972,model
2020,Leadership Accelerator Program - Category Management,Labatt Breweries of Canada,,,,,,https://www.labatt.com/en/careers,,POST,,Other,Internships,,,0.20987988789174414,model
2020,"Category Capabilities Manager, Beer",Labatt Breweries of Canada,,,,,,https://www.labatt.com/en/careers,,POST,,Other,Internships,,,0.1987913038088247,model
2020,eCommerce Key Account Manager,Labatt Breweries of Canada,,,,,,https://www.labatt.com/en/careers,,POST,,Business & Enterprise,Sales / Business Development,E-Commerce,,0.19208469470877979,rules+model
2020,Consultant,Laura Chen Consulting,,,,,,,,POST,,Consulting & Advisory,Consulting & Advisory,,,0.6963348855150665,rules+model
2020,"Constituency Assistant, MLA John Yap",Legislative Assembly of British Columbia,,,,,,https://www.leg.bc.ca/about/careers,,PRE,,Other,Internships,,,0.23922316580530834,model
2020,Business Development & Operations Specialist,Lightning HR Solutions,,,,,,https://www.linkedin.com/company/lightninghr-solutions/,,POST,,Business & Enterprise,Sales / Business Development,,,0.3226361330604305,rules+model
2020,Global Product Quality Summer Intern,Lululemon,,,,,,https://corporate.lululemon.com/careers,,PRE,,Other,Internships,,,0.22033914017656686,model
2020,Sales Ambassador,LUSH,,,,,,https://job-boards.greenhouse.io/lush,,POST,,Business & Enterprise,Sales / Business Development,,,0.3331608682710815,rules+model
2020,Sales Ambassador,LUSH Fresh Handmade Cosmetics,,,,,,https://job-boards.greenhouse.io/lush,,PRE,,Business & Enterprise,Sales / Business Development,,,0.3331608682710815,rules+model
2020,Sales Ambassador,LUSH Fresh Handmade Cosmetics,,,,,,https://job-boards.greenhouse.io/lush,,PRE,,Business & Enterprise,Sales / Business Development,,,0.3331608682710815,rules+model
2020,Senior Financial Analyst - FP&A,Mark Anthony Group,,,,,,https://markanthony.com/careers,,POST,,Finance & Banking,Corporate Finance,,,0.24674872870965134,rules+model
2020,Market Researcher,"MartriSys Bioscience, Inc.",,,,,,,,PRE,,Other,Internships,,,0.2301448553970322,model
2020,Associate Managing Consultant,Mastercard Data and Services,,,,,,https://careers.mastercard.com/us/en,,POST,,Consulting & Advisory,Consulting & Advisory,,,0.2510542788159715,rules+model
2020,Consultant,Mastercard Data and Services,,,,,,https://careers.mastercard.com/us/en,,POST,,Consulting & Advisory,Consulting & Advisory,,,0.3248353620597261,rules+model
2020,Data Analytics Developer,Mathematica,,,,,,https://www.mathematica.org/career-opportunities,,POST,,Data Science & Analytics,Business Analytics,,,0.5424254931249185,rules+model
2020,Data Analytics Associate,Mathematica,,,,,,https://www.mathematica.org/career-opportunities,,POST,,Data Science & Analytics,Business Analytics,,,0.4609459021847931,rules+model
2020,Investment Banking Summer Analyst,"MD Global Partners, LLC",,,,,,https://mdgpartners.com/careers/,,POST,,Finance & Banking,Investment Banking,,,0.3376899158267084,rules+model
2020,Program Manager,MeaningfulWork,,,,,,,,POST,,Business & Enterprise,Project / Program Development,,,0.1998347702761092,rules+model
2020,Policy Analyst,Metro Vancouver,,,,,,https://metrovancouver.org/about-us/careers,,POST,,Policy,Policy,,,0.2446427044724693,rules+model
2020,Data Science Intern,Millennium,,,,,,https://www.mlp.com/careers/,,POST,Started during degree,Data Science & Analytics,Internships,,,0.4553359351115507,model
2020,Analyst/Data Scientist,Millennium,,,,,,https://www.mlp.com/careers/,,POST,,Data Science & Analytics,Data Science & Analytics,,,0.4210191829674026,rules+model
2020,Senior Digital Strategist,Mobilize Media Group,,,,,,https://mobilize.media/careers,,POST,,Other,Internships,,,0.20138040089207973,model
2020,Consultant,Montréal International,,,,,,https://www.montrealinternational.com/en/careers/,,POST,,Consulting & Advisory,Consulting & Advisory,,,0.42524824054103516,rules+model
2020,Junior Financial Analyst - Product Finance,Motorola Solutions,,,,,,https://www.motorolasolutions.com/en_us/about/careers.html,,POST,,Finance & Banking,Corporate Finance,,,0.24132090685409852,rules+model
2020,Data Analyst,National Renewable Energy Laboratory,,,,,,https://www.nrel.gov/careers/,,POST,,Data Science & Analytics,Business Analytics,Energy and Resources,,0.48110550316026024,rules+model
2020,Research Associate,NERA Economic Consulting,,,,,,https://www.nera.com/why-nera.html,,POST,,Research,Research,,,0.27675327133154465,rules+model
2020,Associate Analyst,NERA Economic Consulting,,,,,,https://www.nera.com/why-nera.html,,POST,,Other,Consulting & Advisory,,,0.2289084423894903,model
2020,HR Coordinator,Newmont Corporation,,,,,,https://jobs.newmont.com/us/en,,POST,,Other,Finance & Banking,,,0.24854398291760818,model
2020,HR Service Delivery Administrator,Newmont Corporation,,,,,,https://jobs.newmont.com/us/en,,POST,,Other,Internships,,,0.24666690170001396,model
2020,HR Specialist - Offboarding,Newmont Corporation,,,,,,https://jobs.newmont.com/us/en,,POST,,Other,Finance & Banking,,,0.2626456829069818,model
2020,Senior Benfits Representative,Newmont Corporation,,,,,,https://jobs.newmont.com/us/en,,POST,,Other,Finance & Banking,,,0.23490635845849567,model
2020,"North America Leaves Manager, Interim",Newmont Corporation,,,,,,https://jobs.newmont.com/us/en,,POST,,Other,Finance & Banking,,,0.25524823055279067,model
2020,North America Leaves Manager,Newmont Corporation,,,,,,https://jobs.newmont.com/us/en,,POST,,Other,Finance & Banking,,,0.2283376924659903,model
2020,Intern | Corporate Affairs Team,Newmont Corporation,,,,,,https://jobs.newmont.com/us/en,,PRE,,Other,Internships,,,0.20949147956556646,model
2020,Canvasser,Ontario PC Party,,,,,,https://ontariopc.ca/#,,PRE,,Other,Internships,,,0.32572138895750913,model
2020,"Economic Analyst, Equitable Transition",Pembina Institute,,,,,,https://www.pembina.org/careers,,POST,,Other,Finance & Banking,,,0.2286317731427202,model
2020,Intern,PeroxyChem,,,,,,,,PRE,,Environmental and Sustainability (ESG and Climate),Internships,,,0.15157916399817883,model
2020,Junior Business Analyst,PFK Eastern Africa,,,,,,https://www.pkfea.com/careers/,,PRE,,Other,Internships,,,0.23644904959474378,model
2020,Private Wealth Management Intern,Phatra Securities Plc,,,,,,https://bank.kkpfg.com/en/aboutus/phatra-securities,,PRE,,Finance & Banking,Wealth management (general banking),Internships,,0.25931339818413907,rules+model
2020,Stock & Sales Associate,Plenty Stores,,,,,,https://www.getplenty.com/pages/careers,,PRE,,Business & Enterprise,Sales / Business Development,,,0.25215154280602714,rules+model
2020,Menswear Department Manager,Plenty Stores,,,,,,https://www.getplenty.com/pages/careers,,PRE,,Business & Enterprise,Business & Enterprise,,,0.21426810419280784,model
2020,Marketing Representative,Prep101,,,,,,https://www.prep101.com/careers/,,PRE,,Marketing & Communications,Marketing & Communications,,,0.6491054750823241,model
2020,Senior Research Specialist (Economics),Princeton University,,,,,,https://hr.princeton.edu/careers/search-opportunities,,POST,,Post-Secondary Institution,Post-Secondary Institution,,,0.22410511191831484,rules+model
2020,Research Fellow,Propel Impact,,,,,,https://www.propelimpact.com/careers,,POST,,Research,Research,,,0.18660022697425874,rules+model
2020,Impact Investment Associate,Propel Impact,,,,,,https://www.propelimpact.com/careers,,PRE,,Other,Finance & Banking,,,0.21513818289253867,model
2020,Fund Manager,Propel Impact,,,,,,https://www.propelimpact.com/careers,,PRE,,Other,Finance & Banking,,,0.18395581529589383,model
2020,Operations Analyst,Propel Soultions,,,,,,https://propels.ca/careers/,,POST,,Business & Enterprise,Operations and Supply Chain Management,,,0.29994229277726836,rules+model
2020,Deskside Engagement Analyst,Provincial Health Services Authority,,,,,,https://www.phsa.ca/careers,,POST,,Other,Finance & Banking,,,0.3346380429843202,model
2020,Founder,Purebru Coffee Company,,,,,,,,POST,,Business & Enterprise,Entrepreneurship,Startups,,0.3228185964262612,rules+model
2020,Implementation Specialist,Push Operations,,,,,,https://www.pushoperations.com/careers,,POST,,Other,Finance & Banking,,,0.24286407340961186,model
2020,Senior Implementation Specialist,Push Operations,,,,,,https://www.pushoperations.com/careers,,POST,,Other,Finance & Banking,,,0.2553974233257602,model
2020,Consultant Intern,PwC,,,,,,https://jobs-ca.pwc.com/ca/en/home,,POST,,Consulting & Advisory,Internships,,,0.25408203086444897,rules+model
2020,Senior Consultant,PwC Canada,,,,,,https://jobs-ca.pwc.com/ca/en/home,,POST,,Consulting & Advisory,Consulting & Advisory,,,0.2956097652789504,rules+model
2020,Summer Intern,Qatar Insurance Company,,,,,,https://qic-group.com/career-with-us/,,PRE,,Insurance,Internships,,,0.2164554590769314,model
2020,"Intern, Research & Strategy",QuadReal Property Group,,,,,,https://quadreal.com/careers/,,POST,,Real Estate,Internships,,,0.14592583551228044,rules+model
2020,"Analyst, Real Estate Debt Investments",QuadReal Property Group,,,,,,https://quadreal.com/careers/,,POST,,Real Estate,Real Estate,,,0.260400806816096,rules+model
2020,Data Analytics Intern,Quant Marketing,,,,,,https://group.ikano/,,PRE,,Data Science & Analytics,Business Analytics,Internships,,0.33662108911812416,rules+model
2020,Data Engineer,Quantexa,,,,,,https://www.quantexa.com/careers/,,POST,,Technology,Software Development,,,0.6402639305793949,rules+model
2020,"Manager, Transformation and Initiatives",RBC,,,,,,https://jobs.rbc.com/ca/en,,POST,,Other,Internships,,,0.19134395144049568,model
2020,Senior Project Manager,RBC,,,,,,https://jobs.rbc.com/ca/en,,POST,,Business & Enterprise,Project / Program Development,,,0.19762588474507214,rules+model
2020,Summer Intern,RBC Dominion Securities,,,,,,https://www.rbcwealthmanagement.com/en-ca/careers,,PRE,,Other,Internships,,,0.16878963994008217,model
2020,Private Banking Associate,RBC Wealth Management,,,,,,https://www.rbcwealthmanagement.com/en-us/careers,,PRE,,Finance & Banking,Wealth management (general banking),,,0.1992969414988862,rules+model
2020,Finance Intern,RedBlade Software,,,,,,,,PRE,can't find a linkedin page... don't think anything that comes up online is correct,Other,Internships,,,0.17771789740007635,model
2020,Summer Intern,Reliance Industries Limited,,,,,,https://careers.ril.com/rilcareers/index.aspx,,PRE,,Insurance,Internships,,,0.335358092403386,model
2020,Economic Analyst,Rennie Group,,,,,,https://workforcenow.adp.com/mascsr/default/mdf/recruitment/recruitment.html?cid=9dbdcf16-bc30-4103-b579-2eb20a9558ee&ccId=19000101_000001&lang=en_CA,,POST,,Other,Finance & Banking,,,0.22827838068394263,model
2020,Research Analyst,Resources for the Future,,,,,,https://www.rff.org/careers/,,POST,,Energy and Resources,Energy and Resources,,,0.1900941108654332,rules+model
2020,Sales Development Representative & Team Lead,Riipen,,,,,,https://www.riipen.com/careers,,POST,,Business & Enterprise,Sales / Business Development,,,0.20507150157022977,rules+model
2020,Investment Banking Summer Analyst,Rothschild & Co,,,,,,https://www.rothschildandco.com/en/careers/,,POST,,Finance & Banking,Investment Banking,,,0.31304754655640293,rules+model
2020,Investment Banking Analyst,Rothschild & Co,,,,,,https://www.rothschildandco.com/en/careers/,,POST,,Finance & Banking,Investment Banking,,,0.3282644850122341,rules+model
2020,Mangement Consultant,Royal Embassy Hospitality,,,,,,https://royalembassyhotel.com/,,POST,,Consulting & Advisory,Consulting & Advisory,,,0.3338163368498923,rules+model
2020,Impact & ESG Consultant,SAMETRICA,,,,,,,,POST,i think the company closed,Consulting & Advisory,Environmental and Sustainability (ESG and Climate),,,0.4197211975218424,rules+model
2020,Ballet Instructor,Santa Clara Parks and Recreation,,,,,,https://www.governmentjobs.com/careers/cityofsantaclaraca,,PRE,,Academia,Academia,,,0.24689436493609057,rules+model
2020,SAS Intern,Savills Greater China,,,,,,https://en.savills.com.cn/contact-us/careers.aspx,,POST,,Other,Internships,,,0.1781953342367031,model
2020,Data Scientist/Engineer,SeamlessMD,,,,,,https://www.seamless.md/company/careers,,POST,,Data Science & Analytics,Data Science & Analytics,,,0.6402639305793949,rules+model
2020,Procurement Intern,Seaspan Corporation,,,,,,https://www.seaspancorp.com/careers/,,PRE,,Business & Enterprise,Operations and Supply Chain Management,Internships,,0.20267820108427753,rules+model
2020,Senior Research Assistant,Service Canada,,,,,,,,POST,,Research,Research,,,0.27770004480328814,rules+model
2020,Socio-Economic Information Analyst,Service Canada,,,,,,,,POST,,Other,Internships,,,0.22325162099128784,model
2020,Socio-Economic Information Analyst,Service Canada,,,,,,,,POST,,Other,Internships,,,0.22325162099128784,model
2020,Program Officer,Service Canada,,,,,,,,POST,,Other,Internships,,,0.2034118210545572,model
2020,Program Officer,Service Canada,,,,,,,,POST,,Other,Internships,,,0.2034118210545572,model
2020,Investment Assistant,Shangri-La Group,,,,,,https://www.shangri-la.com/group/careers/,,POST,,Other,Finance & Banking,,,0.2587672962861213,model
2020,"Customer-Facing Data Scientist, Solutions Engineering Team",Shaped,,,,,,https://app.dover.com/jobs/shaped,,POST,,Data Science & Analytics,Data Science & Analytics,,,0.24095133367718818,rules+model
2020,"Intern, Real Estate & Asset Management",SilverBirch Hotels & Resorts,,,,,,https://www.silverbirchhotels.com/working-with-us/,,POST,,Finance & Banking,Asset Management,Real Estate,,0.19536347462712134,rules+model
2020,"Intern, Real Estate & Asset Management",SilverBirch Hotels & Resorts,,,,,,https://www.silverbirchhotels.com/current-opportunities/,,PRE,,Finance & Banking,Asset Management,Real Estate,,0.19536347462712134,rules+model
2020,Corporate Credit Analyst,Societe Generale,,,,,,https://careers.societegenerale.com/,,POST,,Finance & Banking,Finance & Banking,,,0.30375939061891266,rules+model
2020,Finance & Marketing Intern,Springtide North Wealth Advisory,,,,,,,,PRE,can't find a linkedin page... don't think anything that comes up online is correct,Consulting & Advisory,Internships,Marketing & Communications,,0.47613993152709755,rules+model
2020,Partnerships Manager,Student Energy,,,,,,https://studentenergy.org/,,POST,,Energy and Resources,Energy and Resources,,,0.18551746646267095,rules+model
2020,Senior Partnerships Associate,Student Energy,,,,,,https://studentenergy.org/,,POST,,Energy and Resources,Energy and Resources,,,0.21908190661839647,rules+model
2020,Managing Director,Suremoney India,,,,,,https://www.suremoney.in/,,POST,,Other,Customer Experience and Service Management,,,0.22957646970395704,model
2020,Summer Intern,Syncrude Canada Ltd,,,,,,https://www.linkedin.com/company/syncrude-canada-ltd-/,,PRE,,Other,Internships,,,0.19164167039604887,model
2020,Packer,TACC Developments,,,,,,https://www.taccdevelopments.com/,,PRE,,Other,Internships,,,0.32572138895750913,model
2020,Equity Research Associate,Tegus,,,,,,https://www.alpha-sense.com/careers/,,POST,,Research,Research,,,0.21319113245121304,rules+model
2020,Equity Research Training Partner,Tegus,,,,,,https://www.alpha-sense.com/careers/,,POST,,Other,Research,,,0.2227434636243888,model
2020,Solutions Architect,Tegus,,,,,,https://www.alpha-sense.com/careers/,,POST,,Other,Internships,,,0.32572138895750913,model
2020,Clinical Operations Shift Lead,TELUS Health,,,,,,https://www.telus.com/en/about/careers/health,,POST,,Health and Healthcare,Health and Healthcare,,,0.23416904324078594,rules+model
2020,Clinical Operations Associate,TELUS Health,,,,,,https://www.telus.com/en/about/careers/health,,POST,,Health and Healthcare,Health and Healthcare,,,0.23928342147867138,rules+model
2020,Business Development Specialist,Tesla,,,,,,https://www.tesla.com/careers,,PRE,,Business & Enterprise,Sales / Business Development,,,0.3269516983151829,rules+model
2020,Climbing Instructor,The Hive Bouldering Gym,,,,,,https://www.hiveclimbing.com/careers,,POST,,Academia,Academia,,,0.19023576284939236,rules+model
2020,Associate,The Home Depot,,,,,,https://careers.homedepot.ca/,,PRE,,Other,Internships,,,0.18956741855706566,model
2020,Private Equity Off-Cycle Analyst,The Invus group,,,,,,https://www.invus.com/,,POST,,Finance & Banking,Private Equity,,,0.22468736518623855,rules+model
2020,Journalist,The Post Millenial,,,,,,https://www.linkedin.com/company/the-post-millennial/,,POST,"question.. this one has a webpage but the careers section links to linkedin, which one do we use?",Other,Internships,,,0.20420825553422603,model
2020,Financial Analyst,The Sutherland Group of Companies,,,,,,https://thesutherland.group/careers/,,POST,,Finance & Banking,Corporate Finance,,,0.2322051868040372,rules+model
2020,Senior Financial Analyst,The Sutherland Group of Companies,,,,,,https://thesutherland.group/careers/,,POST,,Finance & Banking,Corporate Finance,,,0.24168947504452862,rules+model
2020,Online Project Assistant,UBC,,,,,,https://hr.ubc.ca/careers,,POST,,Post-Secondary Institution,Post-Secondary Institution,,,0.29257012236143326,rules+model
2020,Research Assistant,UBC,,,,,,https://hr.ubc.ca/careers,,POST,,Post-Secondary Institution,Research,,,0.4943738828617444,rules+model
2020,Teaching Assistant,UBC,,,,,,https://hr.ubc.ca/careers,,POST,,Post-Secondary Institution,Academia,,,0.5632664229736164,rules+model
2020,Jumpstart Orientation Leader,UBC,,,,,,https://hr.ubc.ca/careers,,PRE,,Post-Secondary Institution,Post-Secondary Institution,,,0.24864865127454994,rules+model
2020,Global Ambassador,UBC,,,,,,https://hr.ubc.ca/careers,,PRE,,Post-Secondary Institution,Post-Secondary Institution,,,0.1950067156117916,rules+model
2020,Undergraduate Research Assistant,UBC,,,,,,https://hr.ubc.ca/careers,,PRE,,Post-Secondary Institution,Research,,,0.2349737475756999,rules+model
2020,Research Assistant,UBC,,,,,,https://hr.ubc.ca/careers,,PRE,,Post-Secondary Institution,Research,,,0.4943738828617444,rules+model
2020,Research Assistant,UBC,,,,,,https://hr.ubc.ca/careers,,PRE,,Post-Secondary Institution,Research,,,0.4943738828617444,rules+model
2020,Orientation Leader,UBC,,,,,,https://hr.ubc.ca/careers,,PRE,,Post-Secondary Institution,Post-Secondary Institution,,,0.24864865127454994,rules+model
2020,Research Assistant,UBC,,,,,,https://hr.ubc.ca/careers,,PRE,,Post-Secondary Institution,Research,,,0.4943738828617444,rules+model
2020,Sustainability Research Fellow,UBC,,,,,,https://hr.ubc.ca/careers,,PRE,,Post-Secondary Institution,Research,Environmental and Sustainability (ESG and Climate),,0.18640923539070484,rules+model
2020,Research Assistant,UBC,,,,,,https://hr.ubc.ca/careers,,PRE,,Post-Secondary Institution,Research,,,0.4943738828617444,rules+model
2020,Teaching Assistant,UBC,,,,,,https://hr.ubc.ca/careers,,PRE,,Post-Secondary Institution,Academia,,,0.5632664229736164,rules+model
2020,Residence Advisor,UBC,,,,,,https://hr.ubc.ca/careers,,PRE,,Post-Secondary Institution,Administration and Office Management,,,0.25665778661026817,rules+model
2020,Research Assistant,UBC,,,,,,https://hr.ubc.ca/careers,,PRE,,Post-Secondary Institution,Research,,,0.4943738828617444,rules+model
2020,Academic Assistant,UBC,,,,,,https://hr.ubc.ca/careers,,PRE,,Post-Secondary Institution,Post-Secondary Institution,,,0.32188160786656816,rules+model
2020,Research Assistant,UBC,,,,,,https://hr.ubc.ca/careers,,PRE,,Post-Secondary Institution,Research,,,0.4943738828617444,rules+model
2020,"Summer Research Student, Chennai Urban Resilience Program",UBC,,,,,,https://hr.ubc.ca/careers,,PRE,,Post-Secondary Institution,Post-Secondary Institution,,,0.20385354769855937,rules+model
2020,Project Assistant,UBC,,,,,,https://hr.ubc.ca/careers,,PRE,,Post-Secondary Institution,Post-Secondary Institution,,,0.2635566674775113,rules+model
2020,Online Project Assistant,UBC,,,,,,https://hr.ubc.ca/careers,,PRE,,Post-Secondary Institution,Post-Secondary Institution,,,0.29257012236143326,rules+model
2020,Student Assistant at UBC Asian Library,UBC,,,,,,https://hr.ubc.ca/careers,,PRE,,Post-Secondary Institution,Post-Secondary Institution,,,0.4028674936126419,rules+model
2020,Teaching Assistant,UBC,,,,,,https://hr.ubc.ca/careers,,POST,,Post-Secondary Institution,Academia,,,0.5632664229736164,rules+model
2020,Research Assistant,UBC,,,,,,https://hr.ubc.ca/careers,,POST,,Post-Secondary Institution,Research,,,0.4943738828617444,rules+model
2020,"Graduate Academic Assistant, Evaluation and Assessment",UBC Arts Co-Op,,,,,,https://artscoop.ubc.ca/,,POST,,Post-Secondary Institution,Internships,,,0.1926319548810033,rules+model
2020,Research Assistant,UBC Sauder Centre for Social Innovation & Impact Investing,,,,,,https://sustain.ubc.ca/about/employment,,PRE,,Academia,Research,,,0.20814422875827546,rules+model
2020,Teaching Assistant,UBC Sauder School of Business,,,,,,https://www.sauder.ubc.ca/about-ubc-sauder/careers,,PRE,,Academia,Academia,,,0.42389520556314747,rules+model
2020,Technology Rover,UBC Sauder School of Business,,,,,,https://www.sauder.ubc.ca/about-ubc-sauder/careers,,PRE,,Academia,Academia,,,0.24498641039646915,rules+model
2020,Enterprise Account Manager,Uber,,,,,,https://www.uber.com/ca/en/careers/?uclick_id=cdeb9f2f-2ae1-43e5-bbb0-331d041f0ca6,,POST,,Business & Enterprise,Sales / Business Development,,,0.32139200901536547,rules+model
2020,Business Risk Specialist,UBS,,,,,,https://www.ubs.com/global/en/careers.html,,POST,,Other,Internships,,,0.20733898410200594,model
2020,Product Marketing Manager,UMA,,,,,,https://uma.xyz/,,POST,,Marketing & Communications,Marketing & Communications,,,0.3724140088916646,model
2020,Research Assistant,Universidad de Piura,,,,,,https://www.udep.edu.pe/,,PRE,,Research,Research,,,0.494738943167443,rules+model
2020,Intern,Upaya Social Ventures,,,,,,https://www.upayasv.org/,,PRE,,Marketing & Communications,Internships,,,0.15118657318308848,model
2020,Data Engineer,UrbanLogiq,,,,,,https://urbanlogiq.rippling-ats.com/,,POST,,Technology,Software Development,,,0.6402639305793949,rules+model
2020,Data (Impact Metrcis) Intern,Vancity,,,,,,https://www.vancity.com/careers/,,PRE,,Data Science & Analytics,Internships,,,0.232826602090929,model
2020,Front of House Volunteer,Vancouver Fashion Week,,,,,,https://www.vanfashionweek.com/careers,,PRE,,Other,Internships,,,0.2681955113676112,model
2020,Commodities Content Writer,Visual Capitalist,,,,,,https://www.visualcapitalist.com/careers/,,POST,,Other,Internships,,,0.21141800140487396,model
2020,Research Assistant,VSE,,,,,,https://economics.ubc.ca/,,PRE,,Research,Research,,,0.5788533970545165,rules+model
2020,Undergraduate Research Assistant,VSE,,,,,,https://economics.ubc.ca/,,PRE,,Research,Research,,,0.3008127848685532,rules+model
2020,Undergraduate Research Assistant,VSE,,,,,,https://economics.ubc.ca/,,PRE,,Research,Research,,,0.3008127848685532,rules+model
2020,Undergraduate Teaching Assistant,VSE,,,,,,https://economics.ubc.ca/,,PRE,,Academia,Academia,,,0.22679013305990944,rules+model
2020,Undergraduate Research Assistant,VSE,,,,,,https://economics.ubc.ca/,,PRE,,Research,Research,,,0.3008127848685532,rules+model
2020,Research Assistant,VSE,,,,,,https://economics.ubc.ca/,,PRE,,Research,Research,,,0.5788533970545165,rules+model
2020,Teaching Assistant,VSE,,,,,,https://economics.ubc.ca/,,PRE,,Academia,Academia,,,0.3516443429546088,rules+model
2020,Peer Coach,VSECC,,,,,,https://careercentre.economics.ubc.ca/,,PRE,,Other,Internships,,,0.1668641689969945,model
2020,Data Analyst,WattTime.org,,,,,,https://watttime.org/about-us/careers/,,PRE,,Data Science & Analytics,Business Analytics,,,0.7023731603587454,rules+model
2020,Finance Team,WELL Health Technologies Corp,,,,,,https://well.company/careers-and-culture/,,PRE,,Other,Finance & Banking,,,0.26785963971359616,model
2020,Junior Financial Analyst,WELL Health Technologies Corp.,,,,,,https://well.company/careers-and-culture/,,POST,,Finance & Banking,Corporate Finance,,,0.250307809836163,rules+model
2020,Financial Analyst,WELL Health Technologies Corp.,,,,,,https://well.company/careers-and-culture/,,POST,,Finance & Banking,Corporate Finance,,,0.27880005569194927,rules+model
2020,Senior Financial Analyst - FP&A,WELL Health Technologies Corp.,,,,,,https://well.company/careers-and-culture/,,POST,,Finance & Banking,Corporate Finance,,,0.2768503483350714,rules+model
2020,"Manager, Budgeting & Financial Reporting",Westbow Group of Companies,,,,,,https://www.westbowgroup.ca/,,POST,,Other,Internships,,,0.20475345398840128,model
2020,Marketing Intern,Whiteline Activation,,,,,,https://www.careers-page.com/whiteline-group,,PRE,,Marketing & Communications,Internships,,,0.8007683815739725,rules+model
2020,Swim Coach,Wind N Sea Swim Team,,,,,,https://www.windnseaswimteam.com/page/home,,PRE,,Other,Internships,,,0.22008191020898776,model
2020,Leadership Program Director,YMCA Camp Kanawana,,,,,,https://www.ymcaquebec.org/en/summer-camp-kanawana/jobs,,PRE,,Other,Customer Experience and Service Management,,,0.22834000537670068,model
2020,Technical Sales and Project Manager,Zodiac Hurricane Technologies,,,,,,https://www.linkedin.com/company/zodiac-hurricane-technologies-inc./,,POST,,Business & Enterprise,Sales / Business Development,Project / Program Development,,0.25265328899770567,rules+model
2019,Consultant/ Climate Policy Analyst,(Freelance),,,,,,,,,,Consulting & Advisory,Policy,Environmental and Sustainability (ESG and Climate),,0.17344301773665963,rules+model
2019,Investments,AC Ventures,,,,,,https://acv.vc/about/job/,,,,Other,Finance & Banking,,,0.24807487558186278,model
2019,Flight Attendant,Air Canada Rouge,,,,,,https://flyrouge.com/ca/en/careers.html,,,,Other,Internships,,,0.24115323320687998,model
2019,Summer Intern,AllCargo Express Inc.,,,,,,https://allcargoexpress.com/,,,,Other,Internships,,,0.18076869966005654,model
2019,Office Trainer,AllWest Insurance Services Ltd.,,,,,,https://www.waypoint.ca/join-the-team/,,,,Other,Internships,,,0.26834253008355413,model
2019,Road Coordinator,AllWest Insurance Services Ltd.,,,,,,https://www.waypoint.ca/join-the-team/,,,,Other,Internships,,,0.2490587648146373,model
2019,Insurance Agent,AllWest Insurance Services Ltd.,,,,,,https://www.waypoint.ca/join-the-team/,,,,Other,Internships,,,0.20746611190354303,model
2019,Economist,Alma Economics,,,,,,https://almaeconomics.com/careers/,,,,Other,Internships,,,0.20267306673453814,model
2019,Activities Chair,Alpha Omicron Pi Beta Kappa Chapter,,,,,,https://ubc.alphaomicronpi.org/,,,,Other,Internships,,,0.32572138895750913,model
2019,Data Analyst Intern,altaweb AG,,,,,,,,,,Data Science & Analytics,Business Analytics,Internships,,0.46422354174750796,rules+model
2019,Resource Development Assistant,Alzheimer Society of B.C,,,,,,https://alzheimer.ca/bc/en,,,,Other,Finance & Banking,,,0.2105887643802954,model
2019,Grad Intern,Amgen,,,,,,https://www.amgen.ca/en-ca/careers,,,,Marketing & Communications,Internships,,,0.1928353977949533,model
2019,Customer Service Representative,AMS of UBC,,,,,,https://www.ams.ubc.ca/opportunities/jobs/,,,,Post-Secondary Institution,Business & Enterprise,Customer Experience and Service Management,,0.16675547222058107,rules+model
2019,"Co-Found, AMS Mexican Student Association",AMS of UBC,,,,,,https://www.ams.ubc.ca/opportunities/jobs/,,,,Post-Secondary Institution,Post-Secondary Institution,,,0.16262402732757936,rules+model
2019,Analyst,Analysis Group,,,,,,https://www.analysisgroup.com/careers/,,,,Other,Finance & Banking,,,0.25713213461962037,model
2019,Research Professional,Analysis Group,,,,,,https://www.analysisgroup.com/careers/,,,,Health and Healthcare,Health and Healthcare,,,0.191997046984409,model
2019,English Teaching Assistant,Anglais en Famille,,,,,,,,,doesn't exist,Academia,Academia,,,0.24640466653371118,rules+model
2019,Senior Project Manager,Apply Digital,,,,,,https://www.applydigital.com/careers/,,,,Business & Enterprise,Project / Program Development,,,0.20584028756168,rules+model
2019,Project Manager Co-op,Apply Digital,,,,,,https://www.applydigital.com/careers/,,,,Business & Enterprise,Project / Program Development,Internships,,0.1831692821136725,rules+model
2019,Project Manager Co-op,Apply Digital,,,,,,https://www.applydigital.com/careers/,,,,Business & Enterprise,Project / Program Development,Internships,,0.1831692821136725,rules+model
2019,Payroll Coordinator,Aquilini Investment Group Inc.,,,,,,https://aquilini.startdate.ca/#/,,,,Other,Finance & Banking,,,0.21782377831654604,model
2019,Marketing Intern,"argomall, Inc.",,,,,,https://www.linkedin.com/company/argomall-inc-/,,,,Marketing & Communications,Internships,,,0.7272129480201018,rules+model
2019,Head of Business Development,Atlas One Digital Secuirities,,,,,,https://atlasone.ca/,,,,Business & Enterprise,Sales / Business Development,,,0.21712881526553693,rules+model
2019,Marketing Trainee,Aujan Industries Iranian Company,,,,,,https://aujan.com/careers/why-work-for-us/,,,,Marketing & Communications,Marketing & Communications,,,0.44885368112200175,model
2019,Investment Representative,Aviso Wealth,,,,,,https://www.aviso.ca/en/careers,,,,Other,Finance & Banking,,,0.24826907033923495,model
2019,Client Solutions Officer II,Aviso Wealth,,,,,,https://www.aviso.ca/en/careers,,,,Other,Internships,,,0.18580787543855937,model
2019,Client Solutions Officer.,Aviso Wealth,,,,,,https://www.aviso.ca/en/careers,,,,Other,Internships,,,0.19006806873375512,model
2019,Clinical Operations Team Lead,Babylon Health,,,,,,,,,doesn't exist,Health and Healthcare,Health and Healthcare,,,0.23568541832568915,rules+model
2019,Clinical Operations Shift Lead,Babylon Health,,,,,,,,,doesn't exist,Health and Healthcare,Health and Healthcare,,,0.23416904324078594,rules+model
2019,Clinical Operaitons Associate,Babylon Health,,,,,,,,,doesn't exist,Health and Healthcare,Health and Healthcare,,,0.23740701751648174,rules+model
2019,Research Assistant,Bank of Canada,,,,,,https://www.bankofcanada.ca/careers/,,,,Research,Research,,,0.3320379509075682,rules+model
2019,People and Culture Assistant,BC Children's Hospital Foundation,,,,,,https://www.bcchf.ca/zh-hans/join-team/,,,,Other,Internships,,,0.17744713083833338,model
2019,Analytics Consultant,BC Hydro,,,,,,https://www.bchydro.com/toolbar/careers.html,,,,Data Science & Analytics,Business Analytics,Consulting & Advisory,,0.18041659458272846,rules+model
2019,Info & Segmentation Analyst,BC Hydro,,,,,,https://www.bchydro.com/toolbar/careers.html,,,,Data Science & Analytics,Data Science & Analytics,,,0.25950323401262887,model
2019,Senior Data Specialist,BC Hydro,,,,,,https://www.bchydro.com/toolbar/careers.html,,,,Data Science & Analytics,Data Science & Analytics,,,0.3042925998412341,model
2019,Marketing Analytics Consultant,BC Hydro,,,,,,https://www.bchydro.com/toolbar/careers.html,,,,Data Science & Analytics,Business Analytics,Consulting & Advisory,,0.3467314133757969,rules+model
2019,Data Analytics Co-op,BC Hydro,,,,,,https://www.bchydro.com/toolbar/careers.html,,,,Data Science & Analytics,Business Analytics,Internships,,0.47831833035723,rules+model
2019,Senior IRP Analyst,BCIT,,,,,,https://www.bcit.ca/about/careers/,,,,Other,Consulting & Advisory,,,0.3132414875749241,model
2019,Junior IRP Analyst,BCIT,,,,,,https://www.bcit.ca/about/careers/,,,,Other,Finance & Banking,,,0.24954078342144048,model
2019,Corporate Training Programming and Planning Analyst,BCIT,,,,,,https://www.bcit.ca/about/careers/,,,,Other,Finance & Banking,,,0.29327349132083874,model
2019,Research and Coordination,BCIT,,,,,,https://www.bcit.ca/about/careers/,,,,Health and Healthcare,Health and Healthcare,,,0.4284317915817378,model
2019,"Graduate Research Assistant, Development Innovation Lab",Becker Friedman Institute for Economics,,,,,,https://bfi.uchicago.edu/,,,,Research,Research,,,0.2182807728455309,rules+model
2019,Accounting Associate,Bench Accounting,,,,,,https://www.bench.co/careers,,,,Business & Enterprise,Accounting,,,0.2424949656106084,rules+model
2019,"Analyst, FP&A",Benevity,,,,,,https://benevity.com/join-the-team,,,,Finance & Banking,Corporate Finance,,,0.3210628666330214,rules+model
2019,Total Rewards Analyst,BeyondTrust,,,,,,https://www.beyondtrust.com/company/overview/careers,,,,Other,Finance & Banking,,,0.33646868570789945,model
2019,Red Cross Babysitting Course Instructor,Big Dip Productions - First Aid Hero,,,,,,https://firstaidhero.com/,,,,Academia,Academia,,,0.24134520617968297,rules+model
2019,Graduate Research Assistant,"Birkbeck, University of London",,,,,,https://www.bbk.ac.uk/,,,,Research,Post-Secondary Institution,,,0.3214610719616346,rules+model
2019,Account and Market Planning,Blue Umbrella,,,,,,https://www.blueumbrella.com/careers,,,,Other,Internships,,,0.2464640822239979,model
2019,Personal Banker,BMO,,,,,,https://jobs.bmo.com/ca/en?icid=tl-FEAT2953BRND4-AJBMOH354,,,,Other,Finance & Banking,,,0.23699073686191852,model
2019,Personal Banking Assistant,BMO,,,,,,https://jobs.bmo.com/ca/en?icid=tl-FEAT2953BRND4-AJBMOH354,,,,Other,Finance & Banking,,,0.24271326334366358,model
2019,Customer Service Representative,BMO,,,,,,https://jobs.bmo.com/ca/en?icid=tl-FEAT2953BRND4-AJBMOH354,,,,Business & Enterprise,Customer Experience and Service Management,,,0.19553768022287316,rules+model
2019,Customer Service Represntative,BMO Financial Group,,,,,,https://jobs.bmo.com/ca/en?icid=tl-FEAT2953BRND4-AJBMOH354,,,,Business & Enterprise,Customer Experience and Service Management,,,0.19044605165381723,rules+model
2019,Data Scientist,Boeing,,,,,,https://jobs.boeing.com/location/canada-jobs/185/6251999/2?_gl=1*1vjh572*_ga*NzAyOTExMDIuMTY5OTcyNjI3OA..*_ga_3N2PEGZ4HD*MTcwMTQ2OTY1Mi43LjEuMTcwMTQ3MjQyNy4wLjAuMA..,,,,Data Science & Analytics,Data Science & Analytics,,,0.6402639305793949,rules+model
2019,Associate,Boston Consulting Group,,,,,,https://careers.bcg.com/global/en/,,,,Consulting & Advisory,Consulting & Advisory,,,0.23299036558509514,model
2019,Consultant,Boston Consulting Group,,,,,,https://careers.bcg.com/global/en/,,,,Consulting & Advisory,Consulting & Advisory,,,0.62675509661705,rules+model
2019,Junior Database and Research Analyst,BPI Inc.,,,,,,,,,,Other,Research,,,0.21600552302737358,model
2019,COP24 Youth Delegate,British Columbia Council for International Cooperation,,,,,,https://www.bccic.ca/fit-job-opportunities/,,,,Other,Internships,,,0.24662258803252626,model
2019,Lead Economic Researcher,British Columbia Council for International Cooperation,,,,,,https://www.bccic.ca/fit-job-opportunities/,,,,Other,Internships,,,0.22594254918099596,model
2019,Business Intelligence Developer,BroadbandTV,,,,,,https://bbtv.com/,,,,Data Science & Analytics,Business Analytics,,,0.31568792558017883,rules+model
2019,Server,Cactus Club Cafe,,,,,,https://www.cactusclubcafe.com/hiring/,,,,"Hospitality & Retail (Food, Service Industries)",Customer Experience and Service Management,,,0.2733974249779577,rules+model
2019,Sales Marketing Coordinator,Canada Prime Investment Group,,,,,,https://www.linkedin.com/company/canada-pirme-investment-group/,,,,Marketing & Communications,Business & Enterprise,Sales / Business Development,,0.319991264772189,rules+model
2019,Analyst,Canadian Intellectual Property Office,,,,,,https://www.canada.ca/en/services/jobs/opportunities/government.html,,,,Real Estate,Real Estate,,,0.2877830864727646,rules+model
2019,Researching Reality Intern,Centre for Civil Society,,,,,,https://ccs.in/careers,,,,Other,Internships,,,0.2104873116532109,model
2019,Senior Data Scientist,Charli AI,,,,,,https://charliai.com/,,,,Data Science & Analytics,Data Science & Analytics,,,0.20767537760121152,rules+model
2019,Data Scientist,Charli AI,,,,,,https://charliai.com/,,,,Data Science & Analytics,Data Science & Analytics,,,0.3898086955899785,rules+model
2019,Co-Founder & CPO,Chexy,,,,,,https://chexy.applytojobs.ca/,,,,Business & Enterprise,Entrepreneurship,Startups,,0.3544233135308942,rules+model
2019,Research Assistant,China Europe International Business School,,,,,,https://www.ceibs.edu/careers,,,,Research,Research,,,0.3263124640441221,rules+model
2019,IBD Intern,"China Galaxy Securities Co., Ltd.",,,,,,https://www.cgsi.com/Home?lang=EN,,,,Other,Internships,,,0.21075720759785807,model
2019,Strategic Investment Manager,"China General Technology (Group) Holding Co., Ltd.",,,,,,https://www.gt.cn/en/,,,,Other,Finance & Banking,,,0.21885267394191119,model
2019,Financial Service Representative,CIBC,,,,,,https://www.cibc.com/en/about-cibc/careers.html,,,,Other,Finance & Banking,,,0.20017261305003967,model
2019,Customer Service Representative,CIBC,,,,,,https://www.cibc.com/en/about-cibc/careers.html,,,,Business & Enterprise,Customer Experience and Service Management,,,0.18228652762989678,rules+model
2019,Investment Banking Intern,CICC,,,,,,https://www.cibc.com/en/about-cibc/careers.html,,,,Finance & Banking,Internships,Investment Banking,,0.2524464584045982,rules+model
2019,Quantitative Analyst Assistant,CICC,,,,,,https://www.cibc.com/en/about-cibc/careers.html,,,,Data Science & Analytics,Data Science & Analytics,,,0.25612506057368034,model
2019,Sales Specialist,CIMET,,,,,,http://cimet.com.au/careers,,,,Business & Enterprise,Sales / Business Development,,,0.23123674262479477,rules+model
2019,Investment Banking Intern,CITIC Securities Company Limited,,,,,,https://careers.citics.com/?source=website,,,,Finance & Banking,Investment Banking,Internships,,0.2118308373931044,rules+model
2019,Lifeguard,City of Burnaby,,,,,,https://www.burnaby.ca/our-city/get-involved/jobs-and-careers,,,,Government,Municipal,,,0.257720192317167,rules+model
2019,Data Science for Social Good Research Fellow,City of Surrey,,,,,,https://www.surrey.ca/about-surrey/jobs-careers,,,,Research,Government,Municipal,,0.31242513120181425,rules+model
2019,Human Resources Intern,CK Hutchison Holdings Ltd.,,,,,,https://www.ckh.com.hk/en/about/career.php,,,,Business & Enterprise,HR,Energy and Resources,,0.19177427351711923,rules+model
2019,Intern,Clayoquot Biosphere Trust,,,,,,https://clayoquotbiosphere.org/,,,,Environmental and Sustainability (ESG and Climate),Internships,,,0.15157916399817883,model
2019,Summer Associate (Capital Market),Clifford Chance,,,,,,https://www.cliffordchance.com/careers.html,,,,Other,Internships,,,0.23986076930854336,model
2019,"Co-Founder, Digital Projects Lead",Climate Hub (UBC),,,,,,https://hr.ubc.ca/careers,,,,Post-Secondary Institution,Business & Enterprise,Entrepreneurship,,0.20796424226052845,rules+model
2019,Pre Doctoral Fellow,Climate Impact Lab,,,,,,https://impactlab.org/about/opportunities/,,,,Environmental and Sustainability (ESG and Climate),Environmental and Sustainability (ESG and Climate),,,0.22152712932870447,rules+model
2019,Intermediate Customer Onboarding Specialist,Clio,,,,,,https://www.clio.com/ca/about/careers/,,,,Other,Internships,,,0.2285434812657917,model
2019,Intermediate Customer Support Specialist,Clio,,,,,,https://www.clio.com/ca/about/careers/,,,,Other,Internships,,,0.21513828774688076,model
2019,Junior Customer Support Specialist,Clio,,,,,,https://www.clio.com/ca/about/careers/,,,,Other,Customer Experience and Service Management,,,0.1964915663950901,model
2019,Junior Analyst,CMLS Financial,,,,,,https://www.cmls.ca/who-we-are/our-people,,,,Other,Finance & Banking,,,0.24112076090394752,model
2019,Seasonal Sales Associate,Coach,,,,,,https://careers.tapestry.com/coach/,,,,Business & Enterprise,Sales / Business Development,,,0.234709406304738,rules+model
2019,Job Site Project Manager,College Pro,,,,,,https://student.collegepro.com/,,,,Business & Enterprise,Project / Program Development,Post-Secondary Institution,,0.2530864934077704,rules+model
2019,"Research Assistant, Planning and Evaluation",Columbia Basin Trust,,,,,,https://ourtrust.org/about/careers/,,,,Research,Research,,,0.42283857536407815,rules+model
2019,Manufaturer Intelligence Manager,CVS Health,,,,,,https://jobs.cvshealth.com/us/en,,,,Business & Enterprise,Business & Enterprise,,,0.21489351562288037,model
2019,Campus Recruitment Intern,Daiwa Securities Capital Markets,,,,,,https://us.daiwacm.com/work-for-us/,,,,Finance & Banking,Investment Banking,Business & Enterprise,,0.19169654388689752,rules+model
2019,Product Manger Intern,Dell Techonolgies,,,,,,https://jobs.dell.com/en,,,,Other,Internships,,,0.18617615846197158,model
2019,Analyst,Deloitte,,,,,,https://careers.deloitte.ca/,,,,Other,Finance & Banking,,,0.2533229299204704,model
2019,Transfer Pricing Manager,Deloitte,,,,,,https://careers.deloitte.ca/,,,,Business & Enterprise,Business & Enterprise,,,0.3131586567522821,model
2019,Senior Tax Analyst,Deloitte,,,,,,https://careers.deloitte.ca/,,,,Other,Consulting & Advisory,,,0.2554233327613367,model
2019,Tax Analyst,Deloitte,,,,,,https://careers.deloitte.ca/,,,,Other,Finance & Banking,,,0.23979410477375235,model
2019,Operations Intern,DHL Supply Chain,,,,,,https://careers.dhl.com/global/en/,,,,Business & Enterprise,Operations and Supply Chain Management,Internships,,0.20479789261364553,rules+model
2019,Implementation Strategist,Dutchie,,,,,,https://business.dutchie.com/careers,,,???,Other,Internships,,,0.32572138895750913,model
2019,Server,Earls Kitchen + Bar,,,,,,https://earls.ca/careers/,,,,"Hospitality & Retail (Food, Service Industries)",Customer Experience and Service Management,,,0.26422399553171033,rules+model
2019,Data Scientist,"Ecolectro, Inc.",,,,,,https://ecolectro.com/careers/,,,,Data Science & Analytics,Data Science & Analytics,,,0.43347453988544715,rules+model
2019,Sr Economic & Data Analyst,"Ecolectro, Inc.",,,,,,https://ecolectro.com/careers/,,,,Data Science & Analytics,Business Analytics,,,0.3924324961951995,rules+model
2019,Management Trainee-US Consulate General Vancouver,Embassy of Canada to Thailand,,,,,,https://www.international.gc.ca/country-pays/thailand-thailande/bangkok.aspx?lang=eng,,,,Other,Internships,,,0.21235747445593423,model
2019,Products Innovation,European Computer Telecoms AG,,,,,,https://www.ect-telecoms.com/about-ect/careers,,,,Other,Internships,,,0.2572880435120627,model
2019,Accountant,Evernest,,,,,,https://evernest.ca/,,,,Business & Enterprise,Accounting,,,0.2756489770844163,rules+model
2019,Project Advisor,Exxon Mobil,,,,,,https://corporate.exxonmobil.com/careers,,,,Business & Enterprise,Business & Enterprise,,,0.2643526404551703,model
2019,Project Analyst,Exxon Mobil,,,,,,https://corporate.exxonmobil.com/careers,,,,Other,Finance & Banking,,,0.26016418460253,model
2019,Finance Intern,EY,,,,,,https://www.ey.com/en_ca/careers,,,,Other,Internships,,,0.1949122729961189,model
2019,Intern,Fair Trade Laos,,,,,,https://www.linkedin.com/company/fair-trade-laos/,,,,Other,Internships,,,0.14553784884119167,model
2019,Data Analyst,Faith Wilson Group,,,,,,https://faithwilson.com/build-your-business/,,,,Data Science & Analytics,Business Analytics,,,0.5385128801733304,rules+model
2019,Intern,Family Planning Association of India,,,,,,https://fpaindia.org/careers/work-with-us,,,,Environmental and Sustainability (ESG and Climate),Internships,,,0.2890481665361104,model
2019,Accounting Services Intern,FCB Global,,,,,,https://www.fcb.com/careers/,,,,Business & Enterprise,Accounting,Internships,,0.21932305168083516,rules+model
2019,Marketing Associate,Ferring International Centre SA,,,,,,https://www.ferring.com/join-us/,,,,Marketing & Communications,Marketing & Communications,,,0.4137862628897234,model
2019,"Fund Anaylst, Intern",Fieldhouse Capital Management,,,,,,https://www.fieldhousecap.com/,,,,Other,Internships,,,0.16901430347467705,model
2019,Student Analyst - Economics/Policy,Finance Canada,,,,,,https://www.canada.ca/en/services/jobs/opportunities/government.html,,,,Other,Finance & Banking,,,0.2038693861171847,model
2019,Database Consultant,First Steps Health Society,,,,,,https://www.firststepscanada.org/,,,,Consulting & Advisory,Consulting & Advisory,,,0.2059227250217603,rules+model
2019,"Senior Manager, Ancillary Revenue",Flair Airlines,,,,,,https://workforcenow.adp.com/mascsr/default/mdf/recruitment/recruitment.html?cid=b969f000-deee-43ae-b41e-ea6f47ea7487&ccId=19000101_000001&lang=en_CA,,,,Other,Internships,,,0.2523441095689228,model
2019,Intern,Foreign and Commonwealth Office,,,,,,https://www.gov.uk/government/organisations/foreign-commonwealth-office,,,,Other,Internships,,,0.1724005691020864,model
2019,Sales Strategy & Analytics Intern,Franklin Templeton Investments,,,,,,https://www.franklintempleton.ca/en-ca,,,,Data Science & Analytics,Business Analytics,Business & Enterprise,,0.19188888253451908,rules+model
2019,First Year Summer Student,Gardiner Roberts LLP,,,,,,https://www.grllp.com/page/careers,,,,Other,Internships,,,0.20524212599677305,model
2019,Trade Commissioner Assistant,Global Affairs Canada,,,,,,https://international.canada.ca/en/global-affairs/corporate/jobs,,,,Health and Healthcare,Health and Healthcare,,,0.22142469505125503,model
2019,Digital Strategy Lead,Google,,,,,,https://www.google.com/about/careers/applications/jobs/results#!t=jo&jid=127025001&,,,,Marketing & Communications,Marketing & Communications,,,0.18773744093517403,model
2019,Agency Account Strategist,Google,,,,,,https://www.google.com/about/careers/applications/jobs/results#!t=jo&jid=127025001&,,,,Other,Internships,,,0.2533721603787628,model
2019,Senior Strategist,Google,,,,,,https://www.google.com/about/careers/applications/jobs/results#!t=jo&jid=127025001&,,,,Other,Internships,,,0.2752514549020627,model
2019,Policy Analyst,Google,,,,,,https://www.google.com/about/careers/applications/jobs/results#!t=jo&jid=127025001&,,,,Policy,Policy,,,0.23404085710355443,rules+model
2019,Techincal Solutionals Specialist,Google,,,,,,https://www.google.com/about/careers/applications/jobs/results#!t=jo&jid=127025001&,,,,Other,Finance & Banking,,,0.23850408082526878,model
2019,Private Equity Analyst,Gopher Asset,,,,,,https://www.gopherasset.com/en-us,,,,Finance & Banking,Private Equity,,,0.2626532569497779,rules+model
2019,Senior Policy Analyst,Government of British Columbia,,,,,,https://www2.gov.bc.ca/gov/content/careers-myhr/job-seekers/current-job-postings,,,,Policy,Policy,,,0.2532738203381239,rules+model
2019,CEO & Co-Founder,Greenlite,,,,,,https://www.greenlite.ai/careers,,,,Business & Enterprise,Entrepreneurship,Startups,,0.3515493941580767,rules+model
2019,Waitress,Hanppy Tofu Pot House,,,,,,https://hanppytofupot.com/,,,,"Hospitality & Retail (Food, Service Industries)",Customer Experience and Service Management,,,0.32572138895750913,rules+model
2019,Research Analyst,Henslow,,,,,,https://henslow.com/careers/,,,,Health and Healthcare,Health and Healthcare,,,0.26310352358740274,model
2019,Team Assistant,"HollisWealth, Scotiabank",,,,,,https://www.scotiabank.com/careers/en/careers.html,,,,Other,Finance & Banking,,,0.2253317802961122,model
2019,General Manager & Financial Consultant,Hotel Bethel Puertra del Cielo,,,,,,https://hotelbethelpuertadelcielo.com-website.com/,,,,Consulting & Advisory,"Hospitality & Retail (Food, Service Industries)",Customer Experience and Service Management,,0.19324404180573138,rules+model
2019,Marketing Consultant,Hotel Bethel Puertra del Cielo,,,,,,https://hotelbethelpuertadelcielo.com-website.com/,,,,Consulting & Advisory,"Hospitality & Retail (Food, Service Industries)",Customer Experience and Service Management,,0.47185977228377746,rules+model
2019,Sales Manager,Hotel Bethel Puertra del Cielo,,,,,,https://hotelbethelpuertadelcielo.com-website.com/,,,,Business & Enterprise,Sales / Business Development,"Hospitality & Retail (Food, Service Industries)",,0.2118569995873922,rules+model
2019,Personal Banker,HSBC,,,,,,https://www.hsbc.com/careers,,,,Other,Finance & Banking,,,0.32572138895750913,model
2019,Premium Banker,HSBC,,,,,,https://www.hsbc.com/careers,,,,Other,Finance & Banking,,,0.32572138895750913,model
2019,Personal Banker,HSBC,,,,,,https://www.hsbc.com/careers,,,,Other,Finance & Banking,,,0.32572138895750913,model
2019,Senior Business Operations Analyst,Humi,,,,,,https://www.hsbc.com/careers,,,,Business & Enterprise,Operations and Supply Chain Management,,,0.2673648136293504,rules+model
2019,Internet Finance Department Intern,ICBC Credit Suisse Asset Management,,,,,,https://www.icbcubs.com.hk/,,,,Finance & Banking,Internships,Asset Management,,0.15898820386758467,rules+model
2019,Analyst Manager,iData Research,,,,,,https://idataresearch.com/careers/,,,,Other,Research,,,0.22449623832792764,model
2019,Analyst Team Leader,iData Research,,,,,,https://idataresearch.com/careers/,,,,Other,Research,,,0.24412230305922325,model
2019,Senior Research Analyst,iData Research,,,,,,https://idataresearch.com/careers/,,,,Other,Research,,,0.22006452362482729,model
2019,Research Analyst,iData Research,,,,,,https://idataresearch.com/careers/,,,,Health and Healthcare,Research,,,0.38053706343400767,model
2019,Sales Analyst Team Leader,iData Research,,,,,,https://idataresearch.com/careers/,,,,Business & Enterprise,Sales / Business Development,,,0.2339763095380815,rules+model
2019,Senior Research analyst,iData Research,,,,,,https://idataresearch.com/careers/,,,,Other,Research,,,0.22006452362482729,model
2019,Research Analyst,iData Research,,,,,,https://idataresearch.com/careers/,,,,Health and Healthcare,Research,,,0.38053706343400767,model
2019,Global Science and Academic Analyst Intern,Illuminate Consuling Group,,,,,,https://www.illuminateconsultinggroup.biz/jobs-internships/,,,,Other,Internships,,,0.1676840031243641,model
2019,Business Analyst,Imperial Oil,,,,,,https://www.imperialoil.ca/careers/careers,,,,Other,Internships,,,0.2532848955557598,model
2019,Systems Controls Analyst,Imperial Oil,,,,,,https://www.imperialoil.ca/careers/careers,,,,Other,Finance & Banking,,,0.27545643006518766,model
2019,Business Development Associate,InGenius Prep,,,,,,https://ingeniusprep.com/careers/,,,,Business & Enterprise,Sales / Business Development,,,0.3800765989941654,rules+model
2019,Senior Advisor,"Innovation, Science, and Economic Development Canada",,,,,,https://ised-isde.canada.ca/site/job-opportunities/en,,,,Business & Enterprise,Business & Enterprise,,,0.17405440416750673,model
2019,Policy Analyst,"Innovation, Science, and Economic Development Canada",,,,,,https://ised-isde.canada.ca/site/job-opportunities/en,,,,Policy,Policy,,,0.22209702025240904,rules+model
2019,Researcher,Institute for Health Metrics and Evalutation,,,,,,https://www.healthdata.org/about/careers,,,,Other,Research,,,0.2082564391628358,model
2019,Post-Bachelor Fellow,Institute for Health Metrics and Evalutation,,,,,,https://www.healthdata.org/about/careers,,,,Other,Internships,,,0.20651051154610708,model
2019,Analyst,InterVISTAS Consulting,,,,,,https://www.intervistas.com/careers/,,,,Other,Consulting & Advisory,,,0.2957503613402893,model
2019,Summer Analyst,InterVISTAS Consulting,,,,,,https://www.intervistas.com/careers/,,,,Other,Consulting & Advisory,,,0.2554066539055348,model
2019,Associate,Invictus Accounting Group LLP,,,,,,https://www.invictusaccounting.com/careers/,,,,Business & Enterprise,Accounting,,,0.20977189506460173,rules+model
2019,Program Assistant,JiZhongZhi Science and Tech Co. Ltd.,,,,,,https://www.jotun.com/ww-en/about-jotun/career/join-us,,,,Other,Internships,,,0.21422561961918696,model
2019,Customer Service Representative,Jotun,,,,,,,,,,Business & Enterprise,Customer Experience and Service Management,,,0.18228652762989678,rules+model
2019,Consultant,Kearney,,,,,,https://www.kearney.com/careers,,,,Consulting & Advisory,Consulting & Advisory,,,0.5281794040599173,rules+model
2019,Technician,Kerkhoff Techonologies Inc.,,,,,,https://www.improvingit.ca/careers,,,,Other,Internships,,,0.2557775279036964,model
2019,Archival Assistant and Cultural Interpreter,Kilby General Store Museum,,,,,,https://kilby.ca/experience/general-store-museum/,,,,Other,Internships,,,0.21521688450576315,model
2019,Office Administator,Kings Auto Lease LTd.,,,,,,https://www.kingsautolease.com/,,,,Other,Internships,,,0.27752696594138276,model
2019,Senior Consultant,KPMG,,,,,,https://kpmg.com/ca/en/home/careers.html,,,,Consulting & Advisory,Consulting & Advisory,,,0.3483696203739299,rules+model
2019,Consultant,KPMG,,,,,,https://kpmg.com/ca/en/home/careers.html,,,,Consulting & Advisory,Consulting & Advisory,,,0.480117243425737,rules+model
2019,"Manager, Transfer Pricing Consulting",KPMG,,,,,,https://kpmg.com/ca/en/home/careers.html,,,,Consulting & Advisory,Consulting & Advisory,,,0.22462808582799693,model
2019,"Manager, Global Transfer Pricing and Economic Services",KPMG,,,,,,https://kpmg.com/ca/en/home/careers.html,,,,Other,Internships,,,0.20692842275052312,model
2019,"Senior Consultant, Global Transfer Pricing & Economic Services",KPMG,,,,,,https://kpmg.com/ca/en/home/careers.html,,,,Consulting & Advisory,Consulting & Advisory,,,0.21289712493769503,rules+model
2019,Management Consultant,KPMG,,,,,,https://kpmg.com/ca/en/home/careers.html,,,,Consulting & Advisory,Consulting & Advisory,,,0.3931102971160877,rules+model
2019,Capital Markets Associate,Lending Loop,,,,,,https://www.bankonloop.com/en-ca/careers,,,,Finance & Banking,Investment Banking,,,0.21736297405309118,rules+model
2019,Wealth Management Representative,Lending Loop,,,,,,https://www.bankonloop.com/en-ca/careers,,,,Finance & Banking,Wealth management (general banking),,,0.23638633798880113,rules+model
2019,Youth Council Coordinator,Little Mountain Neighborhood House,,,,,,https://www.lmnhs.bc.ca/careers/,,,,Other,Internships,,,0.22622169314059393,model
2019,Day Camp Counsellor,Little Mountain Neighborhood House,,,,,,https://www.lmnhs.bc.ca/careers/,,,,Other,Internships,,,0.32572138895750913,model
2019,Customer Support Analyst Intern,Looker,,,,,,https://www.linkedin.com/company/looker/,,,,Technology,Information Technology (IT)/Telecommunications,Internships,,0.19251676919291213,rules+model
2019,Administrative Assistant,Luangpaseuth Corporation Sole Co ltd,,,,,,,,,,Business & Enterprise,Administration and Office Management,,,0.2606515137961958,rules+model
2019,"Senior Auditor, Global Risk and Advisory Services",Lululemon,,,,,,https://careers.lululemon.com/en_US/careers,,,,Business & Enterprise,Accounting,Consulting & Advisory,,0.28901311744798835,rules+model
2019,Key Account Manager,Mark Anthony Group,,,,,,https://markanthony.com/careers,,,,Business & Enterprise,Sales / Business Development,,,0.1865648229191081,rules+model
2019,Associate Key Manager,Mark Anthony Group,,,,,,https://markanthony.com/careers,,,,Business & Enterprise,Business & Enterprise,,,0.17605627445492048,model
2019,Field Sales,Mark Anthony Group,,,,,,https://markanthony.com/careers,,,,Business & Enterprise,Sales / Business Development,,,0.21174614119092766,rules+model
2019,HR Technology Coordinator,Mark Anthony Group,,,,,,https://markanthony.com/careers,,,,Other,Internships,,,0.20517352979959555,model
2019,Policy Lab,Max Bell School of Public Policy,,,,,,https://www.mcgill.ca/maxbellschool/careers,,,,Policy,Policy,,,0.1657957168206325,rules+model
2019,Senior Business Analyst,McKinsey & Company,,,,,,https://www.mckinsey.com/careers/home,,,,Other,Consulting & Advisory,,,0.3326481497901029,model
2019,Business Analyst,McKinsey & Company,,,,,,https://www.mckinsey.com/careers/home,,,,Other,Consulting & Advisory,,,0.3107548455734565,model
2019,Analyst,McKinsey & Company,,,,,,https://www.mckinsey.com/careers/home,,,,Other,Consulting & Advisory,,,0.3514264364741626,model
2019,Product Lead,Meta,,,,,,https://www.metacareers.com/,,,,Other,Internships,,,0.23448764610740128,model
2019,Product Manager,Meta,,,,,,https://www.metacareers.com/,,,,Other,Internships,,,0.21315446929452186,model
2019,User Expirience Designer,Microsoft,,,,,,https://careers.microsoft.com/v2/global/en/home.html,,,,Other,Internships,,,0.32572138895750913,model
2019,Business Development Representative,Mobify,,,,,,https://mobify.tech/career,,,,Business & Enterprise,Sales / Business Development,,,0.4917601131581869,rules+model
2019,Fund Manager,National Social Value Fund,,,,,,,,,,Other,Internships,,,0.20859270997692317,model
2019,Associate,National Social Value Fund,,,,,,,,,,Other,Internships,,,0.22297826171623422,model
2019,Project Manager,Navius Research Inc.,,,,,,https://www.naviusresearch.com/careers/,,,,Business & Enterprise,Project / Program Development,,,0.19652418146620212,rules+model
2019,Analyst,Navius Research Inc.,,,,,,https://www.naviusresearch.com/careers/,,,,Other,Research,,,0.27776673835506455,model
2019,Public Market Summer Analyst,NOAH HOLDINGS,,,,,,https://ir.noahgroup.com/,,,,Other,Internships,,,0.24558145777657736,model
2019,Support and Community Outreach Assisstant,North Shore Women's Centre,,,,,,https://www.northshorewomen.ca/,,,,Other,Internships,,,0.20839528064397955,model
2019,Statistician,OECD-OCDE,,,,,,https://www.oecd.org/en/about/careers.html,,,,Other,Internships,,,0.32572138895750913,model
2019,Junior Policy Analyst,OECD-OCDE,,,,,,https://www.oecd.org/en/about/careers.html,,,,Policy,Policy,,,0.2002106867973188,rules+model
2019,Trainee,OECD-OCDE,,,,,,https://www.oecd.org/en/about/careers.html,,,,Other,Customer Experience and Service Management,,,0.24316160598540038,model
2019,Delivery Manager,Orbis Investments,,,,,,https://www.orbis.com/careers/careers/home,,,,Other,Finance & Banking,,,0.2129282686719033,model
2019,Investment Operations Associate,Orbis Investments,,,,,,https://www.orbis.com/careers/careers/home,,,,Other,Finance & Banking,,,0.2740213641044002,model
2019,Serving Assistant,Original Joe's Restaurant and Bar,,,,,,https://www.originaljoes.ca/en/join-our-team.html,,,,"Hospitality & Retail (Food, Service Industries)",Customer Experience and Service Management,,,0.23268644499329305,rules+model
2019,Associate Director,Oxford Seed Fund,,,,,,https://www.sbs.ox.ac.uk/about-us/our-people/work-us,,,,Other,Internships,,,0.2156246912487679,model
2019,Strategic Advisor,Oxford Strategy Group,,,,,,https://www.oxfordstrategygroup.com/apply,,,,Business & Enterprise,Business & Enterprise,,,0.23001008092501582,model
2019,Impact Evaluation Analyst,Pacific Community Resources Society (PCRS),,,,,,https://pcrs.ca/join-our-team/,,,,Energy and Resources,Energy and Resources,,,0.2370584821172149,rules+model
2019,President,Pacific Educational Access for Kids,,,,,,https://pcrs.ca/join-our-team/,,,,Other,Customer Experience and Service Management,,,0.22000268814140564,model
2019,VP of Public Relation,Pacific Educational Access for Kids,,,,,,https://pcrs.ca/join-our-team/,,,,Other,Internships,,,0.18774414463486286,model
2019,Public Relations Coordinator,Pacific Educational Access for Kids,,,,,,https://pcrs.ca/join-our-team/,,,,Marketing & Communications,Marketing & Communications,,,0.16976848144765644,rules+model
2019,Product Manger,Paxos,,,,,,https://www.paxos.com/careers,,,,Other,Customer Experience and Service Management,,,0.25152912313097375,model
2019,Senior Associate,PhoenixTree Capital,,,,,,https://www.linkedin.com/company/phoenixtree-capital/about/,,,google was giving me an error about private connection... used linkedin instead,Other,Customer Experience and Service Management,,,0.24130167591931126,model
2019,Researcher,Pragati Abhiyan,,,,,,https://pragatiabhiyan.org/,,,,Other,Research,,,0.22459993648102586,model
2019,Senior Research Specialist,Princeton University,,,,,,https://hr.princeton.edu/careers/search-opportunities,,,,Post-Secondary Institution,Post-Secondary Institution,,,0.22392013874766367,rules+model
2019,Customer Service & Warehouse Support,Pro Source Irrigation Supply,,,,,,https://prosourcesupply.ca/our-team,,,,Business & Enterprise,Customer Experience and Service Management,Logistics,,0.21116484227777632,rules+model
2019,Co-founder,Project Kavi,,,,,,https://www.linkedin.com/company/project-kavi/,,,,Business & Enterprise,Entrepreneurship,Startups,,0.401408909088293,rules+model
2019,Business Leadership Program,Prudential Hong Kong,,,,,,https://www.prudential.com.hk/en/corporate-careers/,,,,Business & Enterprise,Business & Enterprise,,,0.25342960496774675,model
2019,Private Equity Summer Analyst,PT Saratoga Investama Sedaya tbk,,,,,,https://saratoga-investama.com/career,,,,Finance & Banking,Private Equity,,,0.27424973201636343,rules+model
2019,Data & AI Strategy Consultant,PwC,,,,,,https://jobs-ca.pwc.com/ca/en/home,,,,Consulting & Advisory,Strategy Consulting,,,0.2115898862201922,rules+model
2019,Consultant Intern,PwC,,,,,,https://jobs-ca.pwc.com/ca/en/home,,,,Consulting & Advisory,Internships,,,0.25408203086444897,rules+model
2019,"Senior Associate, Risk Assurance",PwC,,,,,,https://jobs-ca.pwc.com/ca/en/home,,,,Actuarial Science,Actuarial Science,,,0.3332519448140624,model
2019,"Associate, Risk Assurance",PwC,,,,,,https://jobs-ca.pwc.com/ca/en/home,,,,Actuarial Science,Actuarial Science,,,0.4257684703616191,model
2019,Teaching Assistant,Queen's University,,,,,,https://www.queensu.ca/humanresources/apply-jobs,,,,Academia,Post-Secondary Institution,,,0.28765393861408156,rules+model
2019,Project Control Officer,RBC,,,,,,https://jobs.rbc.com/ca/en/work-at-rbc,,,,Other,Internships,,,0.1960600049908329,model
2019,Organizational Change Management Analyst,RBC,,,,,,https://jobs.rbc.com/ca/en/work-at-rbc,,,,Data Science & Analytics,Data Science & Analytics,,,0.27815536058091644,model
2019,Performance Management & Capacity Planning Analyst,RBC,,,,,,https://jobs.rbc.com/ca/en/work-at-rbc,,,,Data Science & Analytics,Data Science & Analytics,,,0.32050422089640385,model
2019,Cash Services Data Analyst,RBC,,,,,,https://jobs.rbc.com/ca/en/work-at-rbc,,,,Data Science & Analytics,Business Analytics,,,0.5490675912663731,rules+model
2019,"Senior Manager, Climate Disclosure & Reporting Strategy",RBC,,,,,,https://jobs.rbc.com/ca/en/work-at-rbc,,,,Environmental and Sustainability (ESG and Climate),Environmental and Sustainability (ESG and Climate),,,0.19523801783536082,rules+model
2019,Data Analyst,Reicherts and Associates,,,,,,https://reichertandassociates.ca/opportunities/,,,,Data Science & Analytics,Business Analytics,,,0.693617731544112,rules+model
2019,Resource Development Intern,Rick Hansen Foundation,,,,,,https://www.rickhansen.com/about-us/work-us,,,,Business & Enterprise,Internships,,,0.15539543970128553,model
2019,Implementations Specialist,Rise People,,,,,,https://risepeople.com/careers-at-rise/,,,,Other,Finance & Banking,,,0.23850408082526878,model
2019,Summer Intern,Salama SHEILD Foundation,,,,,,https://www.salamashield.org/,,,,Other,Internships,,,0.14883992442733188,model
2019,Technology and Marketing Consultant,Sally's Brook Wilderness Cabins,,,,,,https://www.sallysbrook.com/,,,,Consulting & Advisory,Consulting & Advisory,,,0.3244394981539855,rules+model
2019,Product and ESG Specialist,SAMETRICA,,,,,,,,,company closed i think,Environmental and Sustainability (ESG and Climate),Environmental and Sustainability (ESG and Climate),,,0.19993704423290692,rules+model
2019,English Teacher,San Pedro Nolasco School Concepcion,,,,,,https://www.cspnc.cl/,,,,Other,Customer Experience and Service Management,,,0.2064150339329598,model
2019,Global Exchange Program Intern,Sandbox Startups,,,,,,https://web.sandbox.ing/,,,,Other,Internships,,,0.16670182328270947,model
2019,Customer Success Manager,SAP,,,,,,https://jobs.sap.com/,,,,Business & Enterprise,Customer Experience and Service Management,,,0.19545695867143725,rules+model
2019,Customer Engagement Manager,SAP,,,,,,https://jobs.sap.com/,,,,Other,Finance & Banking,,,0.19545695867143725,model
2019,Business Analyst,SAP,,,,,,https://jobs.sap.com/,,,,Other,Consulting & Advisory,,,0.24809784175336178,model
2019,Business Process Associate Consultant,SAP,,,,,,https://jobs.sap.com/,,,,Consulting & Advisory,Consulting & Advisory,,,0.24710610913456982,rules+model
2019,Project Manager,Sartorius,,,,,,https://www.sartorius.com/en/company/careers,,,,Business & Enterprise,Project / Program Development,,,0.283177447475552,rules+model
2019,Program Coordinator,SceneBox,,,,,,https://www.linkedin.com/company/scenebox/about/,,,,Business & Enterprise,Project / Program Development,,,0.2072434720219653,rules+model
2019,Science Facilitator Assistant,Science World British Columbia,,,,,,https://www.scienceworld.ca/join-our-team/,,,,Other,Internships,,,0.18499121890532186,model
2019,Volunteer Tsaff,Self Employed,,,,,,,,,,Other,Customer Experience and Service Management,,,0.20622838564565224,model
2019,Senior Associate Datat & Business Intelligence Specialist,Siemens,,,,,,https://www.siemens.com/global/en/company/jobs.html,,,,Data Science & Analytics,Business Analytics,,,0.24420530192280682,rules+model
2019,Data & Business Intelligence Specialist,Siemens,,,,,,https://www.siemens.com/global/en/company/jobs.html,,,,Data Science & Analytics,Business Analytics,,,0.4571285722536883,rules+model
2019,"Work Student, Business Intelligent and Data Analytics",Siemens,,,,,,https://www.siemens.com/global/en/company/jobs.html,,,,Data Science & Analytics,Business Analytics,,,0.36756405913791873,rules+model
2019,Growth,Siftery,,,,,,https://www.linkedin.com/company/siftery/about/,,,,Other,Internships,,,0.32572138895750913,model
2019,Account Project Manager,Silicon Valley Growth Agents,,,,,,https://www.linkedin.com/company/svga/,,,,Business & Enterprise,Project / Program Development,,,0.23111170685110347,rules+model
2019,Founding Partner & CEO,Sinesis Health,,,,,,https://www.linkedin.com/company/sinensis-health/,,,,Other,Internships,,,0.26205254895664193,model
2019,Lead Generator,Smart Energy,,,,,,https://www.smartenergy.co/careers,,,,Energy and Resources,Energy and Resources,,,0.21907316518874004,rules+model
2019,Wealth Management Department Intern,Société Générale,,,,,,https://careers.societegenerale.com/,,,,Finance & Banking,Wealth management (general banking),Internships,,0.2831609848631322,rules+model
2019,Tutor,Speedup Education,,,,,,,,,,Marketing & Communications,Marketing & Communications,,,0.19103760544408047,model
2019,Technoloy Sales Associate,Staples,,,,,,https://careers.staples.ca/hcmUI/CandidateExperience/en/sites/StaplesCanada,,,,Business & Enterprise,Sales / Business Development,,,0.25215154280602714,rules+model
2019,Barista,Starbucks,,,,,,https://careers.starbucks.ca/,,,,"Hospitality & Retail (Food, Service Industries)",Customer Experience and Service Management,,,0.25116210594437843,rules+model
2019,Program Coordinator,STEMCELL Technologies,,,,,,https://jobs.stemcell.com/search-jobs,,,,Business & Enterprise,Project / Program Development,,,0.21195551763292728,rules+model
2019,Program Coordinator,STEMCELL Technologies,,,,,,https://jobs.stemcell.com/search-jobs,,,,Business & Enterprise,Project / Program Development,,,0.21195551763292728,rules+model
2019,Co-Founder & COO,Storally,,,,,,,,,,Business & Enterprise,Entrepreneurship,Startups,,0.3544233135308942,rules+model
2019,Junior Consultant,Strategy Consulting Initiative,,,,,,https://www.linkedin.com/company/strategy-consulting-initiative/,,,,Consulting & Advisory,Strategy Consulting,,,0.37565137911527124,rules+model
2019,Director of Programs,Student Energy,,,,,,https://studentenergy.org/?gad_source=1&gad_campaignid=689147482&gbraid=0AAAAADmfXHRfN66sPR2LaPHBTs7epwRDn&gclid=CjwKCAiA3L_JBhAlEiwAlcWO5xLEWKRIM4Db2QvMYO10zRZTJbMNuzJTwn3DNl8qSpkZDAX8Rc4vqBoC_EIQAvD_BwE,,,,Energy and Resources,Energy and Resources,,,0.21751413414888118,rules+model
2019,Director of Community Programs,Student Energy,,,,,,https://studentenergy.org/?gad_source=1&gad_campaignid=689147482&gbraid=0AAAAADmfXHRfN66sPR2LaPHBTs7epwRDn&gclid=CjwKCAiA3L_JBhAlEiwAlcWO5xLEWKRIM4Db2QvMYO10zRZTJbMNuzJTwn3DNl8qSpkZDAX8Rc4vqBoC_EIQAvD_BwE,,,,Energy and Resources,Energy and Resources,,,0.21751413414888118,rules+model
2019,Global Community Manager,Student Energy,,,,,,https://studentenergy.org/?gad_source=1&gad_campaignid=689147482&gbraid=0AAAAADmfXHRfN66sPR2LaPHBTs7epwRDn&gclid=CjwKCAiA3L_JBhAlEiwAlcWO5xLEWKRIM4Db2QvMYO10zRZTJbMNuzJTwn3DNl8qSpkZDAX8Rc4vqBoC_EIQAvD_BwE,,,,Energy and Resources,Energy and Resources,,,0.2026305805009821,rules+model
2019,Leaders Fellowship Coordinator,Student Energy,,,,,,https://studentenergy.org/?gad_source=1&gad_campaignid=689147482&gbraid=0AAAAADmfXHRfN66sPR2LaPHBTs7epwRDn&gclid=CjwKCAiA3L_JBhAlEiwAlcWO5xLEWKRIM4Db2QvMYO10zRZTJbMNuzJTwn3DNl8qSpkZDAX8Rc4vqBoC_EIQAvD_BwE,,,,Energy and Resources,Energy and Resources,,,0.20073877137755772,rules+model
2019,Operations Analyst,Swyft,,,,,,https://www.linkedin.com/company/useswyft/about/,,,,Business & Enterprise,Operations and Supply Chain Management,,,0.29994229277726836,rules+model
2019,Custome Service Representative,TD,,,,,,https://careers.td.com/,,,,Business & Enterprise,Business & Enterprise,,,0.2253045948431756,model
2019,Manager of Customer Experience,TD,,,,,,https://careers.td.com/,,,,Business & Enterprise,Customer Experience and Service Management,,,0.1750154894085884,rules+model
2019,Financial Advisor,TD,,,,,,https://careers.td.com/,,,,Finance & Banking,Wealth management (general banking),,,0.21378208739952573,rules+model
2019,Personal Banking Associate,TD,,,,,,https://careers.td.com/,,,,Business & Enterprise,Business & Enterprise,,,0.22636441830624718,model
2019,Customer Experience Associate,TD,,,,,,https://careers.td.com/,,,,Business & Enterprise,Customer Experience and Service Management,,,0.17276769366897943,rules+model
2019,Outbound Marketing Consultant,Telus,,,,,,https://www.telus.com/en/about/careers?linktype=ge-footer,,,,Consulting & Advisory,Consulting & Advisory,,,0.29420756696974354,rules+model
2019,Summer Student (Sales),TELUS,,,,,,https://www.telus.com/en/about/careers?linktype=ge-footer,,,,Business & Enterprise,Sales / Business Development,,,0.23547791733212514,rules+model
2019,Sales Associate,The Body Shop,,,,,,https://thebodyshop.ca/pages/careers?srsltid=AfmBOoqSVuJaRI6Fz2sTBYlELUYTYz_5_yNRpWxBH_FboDbG1FsoLSkR,,,,Business & Enterprise,Sales / Business Development,,,0.21930028170275795,rules+model
2019,Graduate Research Assistant,The London School of Economics and Political Science (LSE),,,,,,https://info.lse.ac.uk/lse-jobs,,,,Research,Politics,,,0.2241597402414422,rules+model
2019,Sales Associate,The Running Room,,,,,,https://ca.shop.runningroom.com/en_ca/careers,,,,Business & Enterprise,Sales / Business Development,,,0.21930028170275795,rules+model
2019,Sales Associate,The Running Room,,,,,,https://ca.shop.runningroom.com/en_ca/careers,,,,Business & Enterprise,Sales / Business Development,,,0.21930028170275795,rules+model
2019,Consultant,The World Bank,,,,,,https://www.worldbank.org/en/about/careers,,,,Consulting & Advisory,Consulting & Advisory,,,0.5718991013697282,rules+model
2019,Data Scientist,Thumbtack,,,,,,https://careers.thumbtack.com/,,,,Data Science & Analytics,Data Science & Analytics,,,0.6402639305793949,rules+model
2019,"Administration, Customer Service",TPD,,,,,,https://tpd.com/careers/,,,,Business & Enterprise,Customer Experience and Service Management,,,0.21683866024463452,rules+model
2019,Customer Success Manager,Traction Complete,,,,,,https://tractioncomplete.com/careers/,,,,Business & Enterprise,Customer Experience and Service Management,,,0.19545695867143725,rules+model
2019,"Junior Transportation Planner, Policy Development",TransLink,,,,,,https://www.translink.ca/about-us/careers,,,,Business & Enterprise,Business & Enterprise,,,0.17524549357983046,model
2019,Policy Analyst,Transport Canada,,,,,,https://tc.canada.ca/en/corporate-services/jobs-transport-canada,,,,Policy,Policy,,,0.20537686785706905,rules+model
2019,Policy/Economic Officer,Transport Canada,,,,,,https://tc.canada.ca/en/corporate-services/jobs-transport-canada,,,,Other,Internships,,,0.18268862328817412,model
2019,Research/Analysis Officer,Transport Canada,,,,,,https://tc.canada.ca/en/corporate-services/jobs-transport-canada,,,,Health and Healthcare,Health and Healthcare,,,0.2450891112992603,model
2019,Asset Administrator,Transport Canada,,,,,,https://tc.canada.ca/en/corporate-services/jobs-transport-canada,,,,Other,Internships,,,0.1960741228359392,model
2019,Policy Analyst,Transport Canda,,,,,,https://tc.canada.ca/en/corporate-services/jobs-transport-canada,,,,Policy,Policy,,,0.23404085710355443,rules+model
2019,Administrative Assistant,Transport Canda,,,,,,https://tc.canada.ca/en/corporate-services/jobs-transport-canada,,,,Business & Enterprise,Administration and Office Management,,,0.24566254473872678,rules+model
2019,Data Analyst Co-op,Transportation Investment Corporation,,,,,,https://www.ticorp.ca/careers/,,,,Data Science & Analytics,Business Analytics,Internships,,0.4090978019292179,rules+model
2019,Associate Corporate Accountant,Transportation Investment Corporation,,,,,,https://www.ticorp.ca/careers/,,,,Business & Enterprise,Accounting,,,0.26590237585521254,rules+model
2019,Finance Clerk,Transportation Investment Corporation,,,,,,https://www.ticorp.ca/careers/,,,,Other,Finance & Banking,,,0.2818431350054909,model
2019,Business Assistant,TriTech Controls,,,,,,https://www.linkedin.com/company/tritech-controls/about/,,,,Business & Enterprise,Business & Enterprise,,,0.22258635476979308,model
2019,Data Analyst,Tumblr,,,,,,https://www.linkedin.com/company/tumblr/,,,,Data Science & Analytics,Business Analytics,,,0.7023731603587454,rules+model
2019,Research Assistant,UBC,,,,,,https://hr.ubc.ca/careers,,,,Post-Secondary Institution,Research,,,0.4943738828617444,rules+model
2019,Teaching Assistant,UBC,,,,,,https://hr.ubc.ca/careers,,,,Post-Secondary Institution,Academia,,,0.5632664229736164,rules+model
2019,Research Intern,UBC,,,,,,https://hr.ubc.ca/careers,,,,Post-Secondary Institution,Research,Internships,,0.45176414988487423,rules+model
2019,Teaching Assistant,UBC,,,,,,https://hr.ubc.ca/careers,,,,Post-Secondary Institution,Academia,,,0.5632664229736164,rules+model
2019,Teaching Assistant,UBC,,,,,,https://hr.ubc.ca/careers,,,,Post-Secondary Institution,Academia,,,0.5632664229736164,rules+model
2019,Research Assistant,UBC,,,,,,https://hr.ubc.ca/careers,,,,Post-Secondary Institution,Research,,,0.4943738828617444,rules+model
2019,Teaching Assistant,UBC,,,,,,https://hr.ubc.ca/careers,,,,Post-Secondary Institution,Academia,,,0.5632664229736164,rules+model
2019,Research Assistant,UBC,,,,,,https://hr.ubc.ca/careers,,,,Post-Secondary Institution,Research,,,0.4943738828617444,rules+model
2019,Consultant  Sustainability Program Student Consultant,UBC,,,,,,https://hr.ubc.ca/careers,,,,Post-Secondary Institution,Consulting & Advisory,Environmental and Sustainability (ESG and Climate),,0.33669294033983027,rules+model
2019,Undergraduate Teaching Assistant,UBC,,,,,,https://hr.ubc.ca/careers,,,,Post-Secondary Institution,Academia,,,0.36392819034057283,rules+model
2019,Economics and Math Tutor,UBC,,,,,,https://hr.ubc.ca/careers,,,,Post-Secondary Institution,Post-Secondary Institution,,,0.279129740103106,rules+model
2019,Research Assistant,UBC,,,,,,https://hr.ubc.ca/careers,,,,Post-Secondary Institution,Research,,,0.4943738828617444,rules+model
2019,Research Assistant,UBC,,,,,,https://hr.ubc.ca/careers,,,,Post-Secondary Institution,Research,,,0.4943738828617444,rules+model
2019,Student Ambassador,UBC,,,,,,https://hr.ubc.ca/careers,,,,Post-Secondary Institution,Post-Secondary Institution,,,0.2549262436057845,rules+model
2019,Research Assistant,UBC,,,,,,https://hr.ubc.ca/careers,,,,Post-Secondary Institution,Research,,,0.4943738828617444,rules+model
2019,Instructor,UBC,,,,,,https://hr.ubc.ca/careers,,,,Post-Secondary Institution,Academia,,,0.23401589052596253,rules+model
2019,Peer Academic Advisor,UBC,,,,,,https://hr.ubc.ca/careers,,,,Post-Secondary Institution,Post-Secondary Institution,,,0.27289996039319425,rules+model
2019,Teaching Assistant,UBC,,,,,,https://hr.ubc.ca/careers,,,,Post-Secondary Institution,Academia,,,0.5632664229736164,rules+model
2019,Research Assistant,UBC,,,,,,https://hr.ubc.ca/careers,,,,Post-Secondary Institution,Research,,,0.4943738828617444,rules+model
2019,Writing Consultant,UBC,,,,,,https://hr.ubc.ca/careers,,,,Post-Secondary Institution,Consulting & Advisory,,,0.24381266589829417,rules+model
2019,Employer Engagement Assistant,UBC,,,,,,https://hr.ubc.ca/careers,,,,Post-Secondary Institution,Post-Secondary Institution,,,0.3701084435043837,rules+model
2019,Data Science for Social Good Fellow,UBC,,,,,,https://hr.ubc.ca/careers,,,,Post-Secondary Institution,Post-Secondary Institution,,,0.3669906292131963,rules+model
2019,Grading Assistant,UBC,,,,,,https://hr.ubc.ca/careers,,,,Post-Secondary Institution,Post-Secondary Institution,,,0.3788049417340033,rules+model
2019,Research Assistant,UBC,,,,,,https://hr.ubc.ca/careers,,,,Post-Secondary Institution,Research,,,0.4943738828617444,rules+model
2019,Research Assistant,UBC,,,,,,https://hr.ubc.ca/careers,,,,Post-Secondary Institution,Research,,,0.4943738828617444,rules+model
2019,Equity Ambassador,UBC,,,,,,https://hr.ubc.ca/careers,,,,Post-Secondary Institution,Post-Secondary Institution,,,0.20136048538874207,rules+model
2019,Teacher Assistant,UBC,,,,,,https://hr.ubc.ca/careers,,,,Post-Secondary Institution,Post-Secondary Institution,,,0.3788049417340033,rules+model
2019,Academic Peer Advisor,UBC,,,,,,https://hr.ubc.ca/careers,,,,Post-Secondary Institution,Administration and Office Management,,,0.27289996039319425,rules+model
2019,"Governor's Challenge Finalist, Bank of Canada",UBC,,,,,,https://hr.ubc.ca/careers,,,,Post-Secondary Institution,Post-Secondary Institution,,,0.17858247272579322,rules+model
2019,Gymnastics Instructor,UBC Active Kids,,,,,,https://kin.educ.ubc.ca/careers/,,,,Post-Secondary Institution,Academia,,,0.20433971339787793,rules+model
2019,Research Assistant,UBC Faculty of Education,,,,,,https://hr.ubc.ca/careers,,,,Post-Secondary Institution,Research,,,0.39867654643132616,rules+model
2019,Chair of Logistics,UBC Model Parliament,,,,,,https://www.ubcpssa.ca/model-parliament,,,,Post-Secondary Institution,Logistics,Operations and Supply Chain Management,,0.20486647371067424,rules+model
2019,Operations Staff,UBC Recreation,,,,,,https://recreation.ubc.ca/home/employment/,,,,Post-Secondary Institution,Post-Secondary Institution,,,0.22713438448706286,rules+model
2019,Program Assistant - Customer Relations,UBC Recreation,,,,,,https://recreation.ubc.ca/home/employment/,,,,Post-Secondary Institution,Post-Secondary Institution,,,0.1836268034275366,rules+model
2019,Impact Investing Analyst,UBC Sauder Centre for Social Innovation & Impact Investing,,,,,,https://hr.ubc.ca/careers,,,,Academia,Academia,,,0.19217312264264794,rules+model
2019,Research Assistant,UBC Sauder School of Business,,,,,,https://www.sauder.ubc.ca/about-ubc-sauder/careers,,,,Academia,Research,,,0.23165744827752835,rules+model
2019,Learning Technology Rover,UBC Sauder School of Business,,,,,,https://www.sauder.ubc.ca/about-ubc-sauder/careers,,,,Academia,Academia,,,0.22207115521625373,rules+model
2019,Learning Technolgy Rover Co-op,UBC Sauder School of Business,,,,,,https://www.sauder.ubc.ca/about-ubc-sauder/careers,,,,Academia,Internships,,,0.2077208768005568,rules+model
2019,Teaching Assistant,UBC Sauder School of Business,,,,,,https://www.sauder.ubc.ca/about-ubc-sauder/careers,,,,Academia,Academia,,,0.42389520556314747,rules+model
2019,Political and Economic Trainee,UBC Sauder School of Business,,,,,,https://www.sauder.ubc.ca/about-ubc-sauder/careers,,,,Academia,Politics,,,0.2421329764077491,rules+model
2019,Tennis Instructor,UBC Tennis Centre,,,,,,https://recreation.ubc.ca/home/employment/,,,,Post-Secondary Institution,Academia,,,0.22112362490230258,rules+model
2019,Undergrad Teaching Assistant,UBC Department of Computer Science,,,,,,https://www.cs.ubc.ca/our-department/employment,,,,Post-Secondary Institution,Academia,Technology,,0.33101691628266905,rules+model
2019,Lab Manager,UBC Department of Psychology,,,,,,https://psych.ubc.ca/about/job-opportunities/,,,,Post-Secondary Institution,Post-Secondary Institution,,,0.16936632511778588,rules+model
2019,First Year Programs Assistant,UBC Faculty of Arts,,,,,,https://www.arts.ubc.ca/,,,,Post-Secondary Institution,Post-Secondary Institution,,,0.2161609708974066,rules+model
2019,Research Assistant,VSE,,,,,,https://economics.ubc.ca/about/job-opportunities/,,,,Research,Research,,,0.5788533970545165,rules+model
2019,Intern,UN Habitat,,,,,,https://unhabitat.org/join-us,,,,Environmental and Sustainability (ESG and Climate),Internships,,,0.15157916399817883,model
2019,Trainee in Education,UNESCO,,,,,,https://www.unesco.org/en/join-unesco,,,,Other,Customer Experience and Service Management,,,0.2266064324840277,model
2019,Research Assistant in Development Economics,UNESCO,,,,,,https://www.unesco.org/en/join-unesco,,,,Research,Research,,,0.39529223487632187,rules+model
2019,Gymnastics Instructor,Univeristy of Toronto Gymnastics,,,,,,https://www.kpe.utoronto.ca/about/working-kpe,,,,Academia,Academia,,,0.24735317032454393,rules+model
2019,Research Assistant,Universidad de Piura,,,,,,https://www.udep.edu.pe/,,,,Research,Research,,,0.494738943167443,rules+model
2019,Investment Banking Summer INtern,UOB KayHian,,,,,,https://www.uobkayhian.com/careers.html,,,,Finance & Banking,Internships,Investment Banking,,0.24683361505986467,rules+model
2019,Cashier,Urban Fare,,,,,,https://pfg.wd3.myworkdayjobs.com/SaveonfoodsCareers/jobs/,,,,"Hospitality & Retail (Food, Service Industries)",Customer Experience and Service Management,,,0.32572138895750913,rules+model
2019,Website Tester,UserTesting,,,,,,https://www.usertesting.com/company/careers,,,,Other,Internships,,,0.32572138895750913,model
2019,Wealth Planner,Vancity,,,,,,https://www.vancity.com/careers/,,,,Finance & Banking,Finance & Banking,,,0.1897144172510181,model
2019,Wealth Relationship Manager,Vancity,,,,,,https://www.vancity.com/careers/,,,,Finance & Banking,Wealth management (general banking),,,0.17416891790083933,rules+model
2019,Customer Service & Warehouse Support,Vancouver Irrigation and Lightning Supply Ltd,,,,,,,,,,Business & Enterprise,Customer Experience and Service Management,Logistics,,0.24568173227534174,rules+model
2019,Finance & GTM Strategy Manager,VETbuddy,,,,,,http://thevetbuddy.com/,,,,Business & Enterprise,Business & Enterprise,,,0.2272843692967708,model
2019,Bookkeeper,VITALITY Products Inc/,,,,,,https://www.vitality.ca/?srsltid=AfmBOoo1lR1V9RPxSbnol7pJCuc4etJ73Apd0F-tOIm_HWlijFaERWxi,,,,Other,Internships,,,0.2557775279036964,model
2019,Communnications Coordinator,VSE,,,,,,https://economics.ubc.ca/about/job-opportunities/,,,,Business & Enterprise,Business & Enterprise,,,0.16713879919006877,model
2019,Research Assistant,VSE,,,,,,https://economics.ubc.ca/about/job-opportunities/,,,,Research,Research,,,0.5788533970545165,rules+model
2019,Research Assistant,VSE,,,,,,https://economics.ubc.ca/about/job-opportunities/,,,,Research,Research,,,0.5788533970545165,rules+model
2019,Marketing and Aevents Assistant,VSE,,,,,,https://economics.ubc.ca/about/job-opportunities/,,,,Marketing & Communications,Marketing & Communications,,,0.44175117738370673,model
2019,Process Improvement Specialist,VSE,,,,,,https://economics.ubc.ca/about/job-opportunities/,,,,Consulting & Advisory,Operations Consulting,,,0.17742314183821706,rules+model
2019,VP Administration,VSE,,,,,,https://economics.ubc.ca/about/job-opportunities/,,,,Other,Administration and Office Management,,,0.17800376483547564,model
2019,VP Finance,VSE,,,,,,https://economics.ubc.ca/about/job-opportunities/,,,,Other,Finance & Banking,,,0.17468738038049908,model
2019,Research Assistant,VSE,,,,,,https://economics.ubc.ca/about/job-opportunities/,,,,Research,Research,,,0.5788533970545165,rules+model
2019,Research Assistant,VSE,,,,,,https://economics.ubc.ca/about/job-opportunities/,,,,Research,Research,,,0.5788533970545165,rules+model
2019,Teaching Assistant,VSE,,,,,,https://economics.ubc.ca/about/job-opportunities/,,,,Academia,Academia,,,0.3516443429546088,rules+model
2019,Program Development Assistant,VSECC,,,,,,https://careercentre.economics.ubc.ca/,,,prefer careers center link or ubc hr link?,Academia,Academia,,,0.1971833734607288,model
2019,Operations Associate,Wave HQ,,,,,,https://www.waveapps.com/about-us/culture,,,,Other,Finance & Banking,,,0.2458474286791253,model
2019,Project Manager,We Heart Canada,,,,,,,,,,Business & Enterprise,Project / Program Development,,,0.2617285911273598,rules+model
2019,Economic Policy Analyst,Western Economic Diversification Canada,,,,,,https://www.wd-deo.gc.ca/eng/home.asp,,,,Policy,Policy,,,0.22266112048716688,rules+model
2019,Accounting Officer,Western Economic Diversification Canada,,,,,,https://www.wd-deo.gc.ca/eng/home.asp,,,,Business & Enterprise,Accounting,,,0.2119034378673689,rules+model
2019,Business Development Intern,Who Wore What When,,,,,,https://www.whoworewhatwhen.in/,,,,Business & Enterprise,Internships,Sales / Business Development,,0.3348956322357585,rules+model
2019,Consulting Analyst,Willlis Towers Watson,,,,,,https://careers.wtwco.com/,,,,Other,Consulting & Advisory,,,0.25050938099133335,model
2019,PE Internal,Xinjin Capital,,,,,,https://en.xinjin.cn/rczp.html,,,,Other,Internships,,,0.23206161064216668,model
